circularity,solidity,aspect_ratio,blob_fill_fraction,glcm_contrast,glcm_dissimilarity,glcm_homogeneity,glcm_energy,glcm_correlation,glcm_ASM,edge_density,mean_unet_confidence,blob_area_px,scene_id,label
0.2726695961842419,0.8416289592760181,2.168067226890756,0.46951338675004883,26.25596448215955,3.658206891418063,0.2786023070077236,0.060443300487390425,0.6564305424040817,0.0037470476972645793,0.34312080536912754,0.91840660572052,14773,oil_00000.tif,oil
0.20220020023978552,0.6906299395914767,3.1778846153846154,0.4099485045967648,26.099315540481015,3.625087873951465,0.2822489458669563,0.05968851041187401,0.6811430281421691,0.003658552092269366,0.34012331415923824,0.9493653774261475,57109,oil_00001.tif,oil
0.31142727332869435,0.8825647542967805,2.0145985401459856,0.3856844388024966,28.2045814604883,3.8073782169258075,0.2689567154328534,0.05656358406239338,0.6705384674451517,0.003285861928445344,0.3432742358420414,0.9345923066139221,14914,oil_00002.tif,oil
0.32713165723749965,0.889234723588827,1.760204081632653,0.32744010647737354,28.843558659392006,3.8512509070663694,0.26823330366323017,0.05618198687539181,0.6715874628256853,0.0032426653154598163,0.33883185840707963,0.9485679268836975,22531,oil_00003.tif,oil
0.14640764383869836,0.5288932687306671,1.9094202898550725,0.2656683991969859,29.756447854006286,3.9135403080389555,0.2642181058193088,0.05506401292592648,0.6630995187862726,0.0031143617425264743,0.3412597833867239,0.9539887309074402,39414,oil_00004.tif,oil
0.268934066336154,0.7771059787642356,2.42914979757085,0.35384278002699054,32.07968645333278,4.041013917589363,0.261001440172475,0.0532562625091783,0.6646838449399064,0.002916702761989499,0.33795771015987625,0.9654457569122314,53119,oil_00005.tif,oil
0.2745587664406056,0.7845335773321134,2.42914979757085,0.3529183535762483,32.108018663466574,4.043447077822517,0.2608726562799941,0.053205548579280615,0.6647763182838883,0.002911230630383301,0.3378602945389949,0.9663341641426086,52975,oil_00006.tif,oil
0.07337164184770624,0.3635065728579984,1.5200803212851406,0.07969526719825139,34.51742031993285,4.31611094939964,0.2354900098149573,0.052041319673626865,0.5965347057706959,0.002747810216542571,0.3621148735172677,0.8887370824813843,30958,oil_00007.tif,oil
0.04384795459815194,0.2989067430115223,1.548847420417124,0.04613469050217789,33.60142937037065,4.252285645068877,0.2388036482974028,0.05281945385793013,0.6005323363438924,0.002830510489143949,0.3615080152303019,0.8997622132301331,61025,oil_00008.tif,oil
0.0385520164389019,0.3531688651188048,1.0998864926220204,0.03275841670678666,36.07273907987469,4.437093326114793,0.22916187779836006,0.05105758793256155,0.5818245583484984,0.0026435829747841954,0.3640687888766923,0.8677002787590027,29205,oil_00009.tif,oil
0.08643731299668682,0.46466901489970397,1.1485148514851484,0.07494825452372823,36.08267641293559,4.4389712046477685,0.22868431299220698,0.051022346224171206,0.5821381720417245,0.0026400538072369646,0.3647624178636368,0.8847694993019104,14646,oil_00010.tif,oil
0.1326672239309517,0.5434862408546619,1.126543209876543,0.3630686622695755,33.58028076692962,4.259180849636641,0.23781992153822276,0.05273081512349867,0.598224677386979,0.002819726096475107,0.3638346563684474,0.9295938014984131,43599,oil_00011.tif,oil
0.04273481647925088,0.3715720402621903,7.270588235294118,0.22476151194026694,33.06002803457654,4.206187678476499,0.24173575997553104,0.053221257311364636,0.607277574954006,0.0028747253819332557,0.35994292848225434,0.9134228229522705,98275,oil_00012.tif,oil
0.025821351550623116,0.10698890595700897,1.1466965285554311,0.05530577998145297,2.4449859997746195,0.9687794818505859,0.6158604059482379,0.20178932990152948,0.9481057307171654,0.041098176145188674,0.201309060070794,0.9329209923744202,196813,oil_00013.tif,oil
0.2644842206251552,0.748929427456801,2.7228915662650603,0.49764100650389165,32.30317846473159,4.146840085158885,0.24534930674941993,0.053879219115545635,0.6123285903821143,0.0029456815494891993,0.35593615039376747,0.9193688035011292,37931,oil_00014.tif,oil
0.07456558356598018,0.49768770594973766,2.2336683417085426,0.19891923057356523,5.588217729276771,1.4242302416319244,0.5189094557275,0.15559486910426018,0.8769919681948487,0.02449428854598672,0.2862924959067658,0.9333295822143555,71671,oil_00015.tif,oil
0.08227254976094044,0.4895223395346546,1.0711297071129706,0.0761340791710251,32.37583953613677,4.159259607531032,0.24437691642275733,0.05360155183206221,0.6150628501158295,0.002918671297386115,0.3592871356486061,0.955368161201477,75907,oil_00016.tif,oil
0.3546936986607654,0.8713163323530703,1.0382513661202186,0.35683060109289616,34.5568970192683,4.320232639096659,0.23522512969358172,0.05250618569591023,0.5881094347514801,0.002797226557087893,0.36398551446891925,0.9662055373191833,50185,oil_00017.tif,oil
0.18412892911296094,0.7635610054989443,1.8313253012048192,0.3101585288522511,32.668482949335285,4.184336762268087,0.24250863550976262,0.0535339038911318,0.6082624993060632,0.0029095558184874543,0.3613426255155739,0.9610894322395325,98419,oil_00018.tif,oil
0.07880035539813832,0.5646643699262103,2.822519083969466,0.12224063091938539,33.60890973417628,4.248463939133422,0.23911385789078074,0.05287289129128662,0.6025133291514988,0.002837115790470514,0.3610024569789446,0.948064923286438,96123,oil_00019.tif,oil
0.08909274744775819,0.7901347121466682,9.547619047619047,0.33770113406958796,28.764800016931034,3.8575969133540786,0.2659824560991163,0.05550036248501221,0.6646804423653778,0.0031675908562216657,0.3420336783523936,0.9479090571403503,91864,oil_00020.tif,oil
0.07387422928976305,0.6699622312608948,7.8,0.21867034592626308,29.53278300834511,3.915034249833993,0.26259954164334165,0.05499400000442428,0.6563965392044254,0.003110159828774701,0.34156497375394534,0.9546951055526733,116895,oil_00021.tif,oil
0.3259892942063737,0.7167213114754099,3.268292682926829,0.49736075718966144,41.89244394752988,4.823524856999398,0.2116095846754408,0.05053723440497245,0.5069816395805433,0.002585699205247887,0.37401236688423223,0.8336817026138306,2879,oil_00022.tif,oil
0.29069169170639475,0.7227334069439333,3.6097560975609757,0.48541529334212263,41.555617544711595,4.804661173532855,0.21255996773715313,0.05080300623980244,0.506817733075764,0.0026137179914137217,0.37339768950783353,0.8233255743980408,3104,oil_00023.tif,oil
0.289557593804179,0.7252507071226536,3.625,0.48629310344827587,41.386957732799175,4.795158989512281,0.21298864104445192,0.050959554390841766,0.5062478831362731,0.002629765456683196,0.3733061224489796,0.8211920261383057,2978,oil_00024.tif,oil
0.07880538650406285,0.5886619791128115,3.9893048128342246,0.4080909234276211,32.740386203107796,4.158013064758821,0.24639302789467654,0.054689478510824625,0.6024420898740777,0.003035365573942711,0.35955389804741317,0.9447196125984192,58245,oil_00025.tif,oil
0.2233117086010525,0.7221453395209456,3.978609625668449,0.49883919843597263,32.76126562744156,4.159818114860771,0.246237574379851,0.054663526322609665,0.602337104744648,0.003032487988624465,0.35970302099334356,0.94645756483078,60051,oil_00026.tif,oil
0.29763089573914764,0.7789311660209841,1.1050228310502284,0.24706828559568286,32.445125592924995,4.140592208556473,0.24673021792362398,0.054767391359795116,0.6074135718665729,0.003044401561643643,0.3609863979513785,0.9690436720848083,52554,oil_00027.tif,oil
0.30858454548421255,0.7772539337874417,1.0981735159817352,0.24806102203362476,32.4127706531961,4.138219552821831,0.2468911551680119,0.05481221870961962,0.6071338835817957,0.003049324338588349,0.36064278187565857,0.973412036895752,52758,oil_00028.tif,oil
0.29787024640991006,0.7575148061235892,3.1196581196581197,0.4762205830698981,33.87895173696228,4.23090068304484,0.2426077811181719,0.05396773911394681,0.6029890188673105,0.002956379670319996,0.3607681047102385,0.9474783539772034,20739,oil_00029.tif,oil
0.2807455152955128,0.7591390953333081,3.163793103448276,0.47266982993516865,33.8367702902127,4.227889009213913,0.24278964377169007,0.05399341542069658,0.6030015728098488,0.0029592258033930984,0.36033953279735,0.9430549740791321,20539,oil_00030.tif,oil
0.28274680547584596,0.7689123499924047,3.1206896551724137,0.4821632691941322,33.670251271638755,4.216889971034424,0.24324141819594547,0.05410669008504332,0.6037929379696004,0.0029715534785576645,0.36034036902432204,0.9455183744430542,20661,oil_00031.tif,oil
0.3422960894347129,0.7662550215741705,2.1880341880341883,0.5158253205128205,34.93724260606032,4.311715847284484,0.23781691618423098,0.05301590429462641,0.5944910066443465,0.0028521468947007465,0.3619750483219118,0.9403641223907471,15782,oil_00032.tif,oil
0.5390250811383298,0.8411918138041734,1.5942028985507246,0.5523715415019763,31.081795595052604,4.041912699006265,0.25360039015414615,0.052536227055065526,0.6655015232619229,0.002840029930460705,0.3430735930735931,0.899175226688385,4326,oil_00036.tif,oil
0.4682416293592427,0.8096920747097426,1.375,0.5468181818181819,31.578976037767013,4.083892412438855,0.2506672948313412,0.052057595625977046,0.661124007587037,0.0027874648058998216,0.34545454545454546,0.8772971630096436,4967,oil_00037.tif,oil
0.529216741778716,0.8360412371134021,1.329268292682927,0.5670731707317073,31.60273088845821,4.08491845328136,0.25058680996578525,0.05205425702004058,0.6608436609315775,0.0027868579818444753,0.3466084275436793,0.891851007938385,5215,oil_00038.tif,oil
0.025231733545800373,0.4714807938691618,1.2760849492151431,0.3066043030494967,31.381420786609148,4.081009582644872,0.2489523381487927,0.054915202925422485,0.6147767905604714,0.003060295232660291,0.3601394088034078,0.9244922995567322,440963,oil_00039.tif,oil
0.032406709541810255,0.5453364211081111,1.0729166666666667,0.38913210773159385,31.346588094317063,4.077470365034555,0.24902431217843923,0.055005814390504545,0.6154327120999166,0.003070674490277284,0.3599512738469507,0.935661256313324,926831,oil_00040.tif,oil
0.027643818036398718,0.5439541665439336,1.0004997501249375,0.345731854352544,31.337558215575633,4.075552452151957,0.24916809015390107,0.05506726636832115,0.6159301706688144,0.0030778396362872084,0.3599038628011112,0.9381618499755859,1299388,oil_00041.tif,oil
0.040538074258275485,0.6021718772247772,1.0048569886670264,0.40572042433583766,31.322936759093132,4.073754102108475,0.24916532745070136,0.05514461584484644,0.6165115695842343,0.003086735831538426,0.3600156977453885,0.9378513097763062,1269045,oil_00042.tif,oil
0.10797739780976867,0.7207858566332227,1.3282163742690059,0.4294673116473076,31.337051330743698,4.074021903129714,0.249174185548671,0.055152583131919675,0.6162542403031539,0.003087768172603339,0.3598562709381226,0.9413682818412781,978809,oil_00043.tif,oil
0.046219661784802066,0.20997587761061384,1.102880658436214,0.04514805942850903,33.36500590309025,4.238624675167033,0.2388677783049123,0.05308261342639632,0.6005011255837442,0.0028555226850389584,0.36310398321658877,0.9169979095458984,27602,oil_00045.tif,oil
0.04637636972913585,0.21111093243710452,1.1106500691562933,0.04522545985059485,33.372424533616254,4.239022950130623,0.23888233280199297,0.053075969085237984,0.6004941479612248,0.0028548198506543206,0.3630025715465469,0.9166858792304993,27400,oil_00046.tif,oil
0.0845888554465201,0.8888722971120586,5.1457286432160805,0.4673808495603015,26.76029642236488,1.508975603155446,0.7304506699667515,0.3463276650663587,0.8575797692585885,0.12005143409818639,0.11556541313559322,0.958447277545929,383199,oil_00047.tif,oil
0.04586222038072745,0.21336223612931143,1.1154381084840055,0.045318726826882726,33.35955734608585,4.238089161474798,0.2389356620040515,0.05308264063945954,0.6006061109468406,0.0028555417697095874,0.3630048397863818,0.9162090420722961,27272,oil_00048.tif,oil
0.08564342390755533,0.5710648435147629,1.1565040650406504,0.23034099189849544,31.261114166939777,4.0981554172187,0.24579607227972894,0.053999741590583086,0.6206124165636552,0.002956324559286517,0.3611453784748739,0.906343400478363,64332,oil_00050.tif,oil
0.1612500126597369,0.6626919215903148,1.034659090909091,0.4299719809295592,31.862667417255746,4.1350194576020325,0.24461507971445884,0.05362237417130943,0.6195996608187144,0.0029160186867055516,0.3613788780564988,0.9835124611854553,1381013,oil_00051.tif,oil
0.12646099971975944,0.6851830659639775,1.0,0.5288894176483154,32.534136645734264,4.178840146387779,0.24247940172820087,0.05342063093030869,0.611494011362986,0.002893640212217505,0.36146020889282227,0.9809841513633728,2153125,oil_00052.tif,oil
0.1919515603444488,0.8211321874212953,1.5092114959469418,0.6164892614107406,31.763585432418324,4.127169753900336,0.2448586135321509,0.05362921247625248,0.6210475401598624,0.0029172304524529274,0.361301433240707,0.9827724099159241,1701920,oil_00053.tif,oil
0.04285285608915822,0.5180602312135796,1.1548507462686568,0.3419384967997921,29.737186399784253,3.994106013340277,0.25102445938590745,0.05430849834564662,0.6429503835241154,0.0029931977315478964,0.3613211337570312,0.9496158361434937,983542,oil_00054.tif,oil
0.07660439854906809,0.6520507582745473,1.2278860569715142,0.39953809725174044,29.856031010963683,4.000034659035775,0.250790932513356,0.05446074831649238,0.6403259804296498,0.0030097529239383235,0.361184843963645,0.9627737998962402,857285,oil_00055.tif,oil
0.04940494422094906,0.5965351768879746,1.0464997445068984,0.3667069534044456,27.42041744689063,3.8311983312315303,0.2594930533224723,0.05506857012570218,0.6735870483701312,0.003079327372168655,0.36033175393002026,0.963490903377533,1435334,oil_00056.tif,oil
0.04053891334414175,0.6249338174297326,1.1052347544522396,0.6041657004688343,31.277778755233427,4.095550217303122,0.2464428504119543,0.05379067706013707,0.6264829296889354,0.002934967005490446,0.36111770401164345,0.9727916121482849,2235275,oil_00057.tif,oil
0.08001327760146253,0.6713524789612365,1.4872912127814089,0.5701360875658134,33.14488178070821,4.217333107537568,0.24073553355650176,0.053040694896457324,0.6082873823585763,0.002852389197629995,0.3619836781494314,0.9618310332298279,1323052,oil_00058.tif,oil
0.05885787468974785,0.7377848760597768,3.2333333333333334,0.6158527762705733,32.358249811078856,4.178033093924152,0.24157691892190314,0.05301767899779694,0.6160349809744115,0.0028501146914434276,0.36243456340334707,0.9610375761985779,630001,oil_00059.tif,oil
0.24083964521053255,0.7007054541828697,1.1254019292604502,0.2582406982085439,31.482962735473848,4.082188201941925,0.24956795121876024,0.05589315316113325,0.6045422539891829,0.003169165168816838,0.3615372742707208,0.9542804956436157,28616,oil_00061.tif,oil
0.07535642872184954,0.5554870143448623,1.187725631768953,0.07287288907421022,33.95972571373943,4.263770367940659,0.23941012542808848,0.05337420958291894,0.5906537572220308,0.002888830380900485,0.36186136110226186,0.9188578128814697,27361,oil_00062.tif,oil
0.5731558505362844,0.8915491609774772,1.1037735849056605,0.5633466376390904,33.005358961563275,4.198065716537374,0.2421455839461454,0.05386800090727431,0.6065041353517077,0.0029419374518821857,0.3597545704983722,0.9726036190986633,28284,oil_00064.tif,oil
0.3377372654231249,0.8094454449481463,2.6029411764705883,0.541479727484214,33.58575175076297,4.239083000827525,0.23948495277452408,0.05283614298466541,0.608644716757514,0.0028301265227804505,0.3599868222891566,0.9647373557090759,26509,oil_00065.tif,oil
0.40646616003683583,0.8374970931198299,2.6412213740458017,0.5561818823633234,33.74986121899027,4.247955699722251,0.23921345315581335,0.052742519953153655,0.6085159293706416,0.0028203250149661813,0.3609860883797054,0.9685285091400146,25602,oil_00067.tif,oil
0.5931884421174525,0.9010523593217051,1.1359223300970873,0.578167786905651,32.90854039277453,4.193560991180663,0.24225981011100642,0.053956781020631756,0.6066647429513017,0.0029516282728255464,0.36036209553158705,0.9721707105636597,28203,oil_00069.tif,oil
0.042499360170078895,0.3105659759194037,1.2380952380952381,0.16954359117445056,12.513703415544596,2.6064901427861873,0.3416141226664573,0.08723851652572959,0.6860925288993185,0.007697092118896786,0.3549404750100806,0.9111945629119873,97043,oil_00073.tif,oil
0.05690466640589856,0.45065138700508844,1.2664700098328416,0.15929279881761604,9.791135844586002,2.2857139414819305,0.3746049779288098,0.09866336358783623,0.726998596075328,0.009845383937627858,0.3502409031835284,0.942232072353363,198036,oil_00074.tif,oil
0.03835791290631198,0.4299920830277207,1.373568281938326,0.1293769585722238,14.990839405287469,2.850528275164576,0.3217788340225408,0.0790073039525758,0.6641062330601091,0.006316519071039687,0.3583196709134959,0.9374860525131226,219193,oil_00075.tif,oil
0.06737824904751262,0.46730173886634363,1.3007769145394006,0.17703925861670575,8.838529960924129,2.1639407750181294,0.3887255944083241,0.10430269381538906,0.7457687658669494,0.011001316060825144,0.34764845961257795,0.9426944255828857,177293,oil_00076.tif,oil
0.06906050772263612,0.49592190642938766,1.2886075949367088,0.18455211260600332,33.132304193547725,4.269703272545003,0.2372918999217332,0.053799028461312744,0.5762964606739485,0.0029294735924100296,0.3671672751410554,0.9338290691375732,139214,oil_00077.tif,oil
0.0874084572492225,0.6566981690671547,3.3957219251336896,0.359589877468525,40.141195980274404,4.724704811795088,0.21404649505291706,0.04991500304333721,0.5305681228229742,0.002517001359740532,0.37105281814959234,0.9023728370666504,43685,oil_00078.tif,oil
0.06971806952118373,0.5960249435340566,4.060869565217391,0.38019271948608135,40.10651104033005,4.726672626840153,0.21401660559938812,0.0497334761458038,0.5314021439323423,0.002499084307141174,0.3707303234173624,0.8903313875198364,78568,oil_00079.tif,oil
0.056396399028844656,0.43656298948310585,1.9311294765840221,0.12267402333541615,40.58878898459787,4.7543635143218355,0.21312822599499673,0.04961461360602956,0.5282660196568107,0.0024879082102488865,0.3712915973673362,0.8717994689941406,32103,oil_00080.tif,oil
0.4593246595645656,0.9116772402854877,2.9,0.6342758620689655,45.481826613764255,5.014699415893364,0.2068964419899546,0.04767587581916041,0.5078592086703783,0.0022990625313736935,0.36778571428571427,0.9217256903648376,4758,oil_00082.tif,oil
0.11445847841654781,0.508549657755392,4.175,0.32748669328010643,31.314432276856284,4.154198341890041,0.24181365512096126,0.05672440207735363,0.559409703232626,0.003249390474007506,0.3678811369509044,0.8967266082763672,20325,oil_00084.tif,oil
0.0373393982553351,0.37619077608891494,8.658536585365853,0.2949716592236345,32.78790959248272,4.24842420095433,0.23567056503575118,0.05176628938868854,0.6256113356067934,0.0027153408312598363,0.3685297604080606,0.9063244462013245,70032,oil_00085.tif,oil
0.039609569131885625,0.5864894191654836,5.116417910447761,0.3205202110799561,4.090360365378926,1.0024610109673118,0.6410837937937774,0.25769597708575054,0.9841107409641559,0.06648674787417592,0.22411402584437912,0.9106926918029785,173554,oil_00086.tif,oil
0.23810998053648066,0.7786932679324313,1.2823529411764707,0.38124662709120344,32.98860231616344,4.211941950038227,0.2406090359998273,0.0540948301048188,0.6006675047328547,0.0029663055552257766,0.3636895161290323,0.8649250864982605,14098,oil_00087.tif,oil
0.18499905544660705,0.8749430231063218,1.2209302325581395,0.8187905882996322,36.821080039897566,4.4831418846016255,0.22697513515717088,0.05131032485396099,0.5676917848927128,0.002665357390631594,0.36741260033798057,0.974723219871521,600042,oil_00088.tif,oil
0.057814817306395934,0.2972131249240232,1.3161953727506426,0.13004599132390746,36.353613093953754,4.454674273198584,0.22815976978048752,0.051585563851681476,0.5695543671245936,0.00269402156149552,0.36696783540212563,0.9556151032447815,409235,oil_00089.tif,oil
0.07913048728668104,0.40385995693436477,2.0277227722772277,0.2056466584158416,36.47040551551674,4.462372054955921,0.22773242816819145,0.05142214333006967,0.5707404396470308,0.0026769293885281842,0.36716261643629805,0.9344534277915955,397683,oil_00090.tif,oil
0.10651803137965425,0.5982827966131872,4.535211267605634,0.41849344861439164,36.44910644665207,4.461655273418119,0.22763238647390238,0.051468049855916326,0.5703782418926694,0.0026817236185154238,0.3670300236981771,0.9317200779914856,305006,oil_00091.tif,oil
0.04617771143410339,0.27493782826151647,1.3374709076803724,0.12929972334171527,36.26216373588072,4.448829265198999,0.2284018717317893,0.051682389009095206,0.569884203838263,0.002704150185594995,0.3668955961574419,0.9553312063217163,289138,oil_00092.tif,oil
0.04982290971112807,0.3136515515284692,4.625,0.1874864864864865,28.40290134159945,3.8182241924939797,0.27000565476533567,0.05700924428599051,0.654924042089891,0.003347691729345957,0.33888003642157977,0.928885817527771,36017,oil_00093.tif,oil
0.08159669112850929,0.4054177064205785,2.726775956284153,0.282882705301313,28.28939454069769,3.821118436811565,0.2690329790791488,0.05673098713500341,0.6576661693630318,0.003313934069723627,0.3396079057837891,0.9337518215179443,26723,oil_00094.tif,oil
0.043792325122505894,0.24839052211195556,3.568904593639576,0.13012454955742925,28.198968980946635,3.805416306526565,0.27073275142290865,0.05707317498917292,0.6564353472751995,0.003355195825097299,0.3387564512165151,0.9212186336517334,38660,oil_00095.tif,oil
0.1313831962098659,0.46474608289809977,1.3542600896860986,0.12420188281412407,33.983522894288,4.260363519589122,0.24003530401197382,0.05328793766069852,0.5929982443826625,0.002882813234292102,0.36121958188485165,0.9029667377471924,8745,oil_00096.tif,oil
0.051750371681344484,0.4452794406940376,1.8376722817764166,0.06022779479326187,33.772922291670106,4.241370713519144,0.24161705599548416,0.052666198181473445,0.6084041149688202,0.002817615329623411,0.3580789183522224,0.9206518530845642,48651,oil_00097.tif,oil
0.03259639491773291,0.3905892803896233,2.0729517396184063,0.03820646457354633,33.40524102349313,4.2158108109348555,0.24274036084109613,0.05283931675146361,0.6112313045307316,0.0028360771144242515,0.3580892650445388,0.9156184196472168,64990,oil_00098.tif,oil
0.0457868609649658,0.21319827743070296,1.5594125500667557,0.04218810011522212,28.69022042371951,3.8500115735974996,0.2677404401748995,0.05577868971077136,0.662343544191656,0.0032116670887583788,0.3362954089078717,0.9301707148551941,38254,oil_00099.tif,oil
0.26202241524998804,0.8268606150248349,3.457777777777778,0.47264495858326194,34.93731135420036,4.328288203198019,0.23605334596002875,0.052076072959038065,0.5929558921697253,0.0027526078699579774,0.3629635022325762,0.9479423761367798,73723,oil_00100.tif,oil
0.26663965252233035,0.8256464254139805,3.4557522123893807,0.4709018390309678,34.97681889948733,4.331015297066473,0.23597475434561588,0.0520329253609864,0.593050111998568,0.0027480776201673535,0.36296335542540076,0.9368596076965332,70136,oil_00101.tif,oil
0.13226739596759315,0.8634589092246004,11.271676300578035,0.5569482733066549,34.27933377191482,4.295964726174869,0.2369560719297277,0.0523336735375765,0.5971941510950549,0.002779689235760798,0.36178442948645634,0.9414492845535278,160306,oil_00102.tif,oil
0.13230741890946346,0.6639349768254181,2.045045045045045,0.1471008453387308,28.433255824627707,3.8257125671049295,0.2695421885204137,0.05654681894664159,0.6562394484850618,0.0032926462159393443,0.33867899776990684,0.8995523452758789,15296,oil_00103.tif,oil
0.14714336180204995,0.5315925366590344,1.0136518771331058,0.18809252938945772,24.496868890328845,3.521302481137836,0.2905841627218734,0.0602756822417736,0.6885454233250685,0.0037567324240296547,0.3296124823661961,0.8910489082336426,16861,oil_00104.tif,oil
0.14773455450980708,0.6530781742049347,4.8533333333333335,0.34564102564102567,26.94512132826626,3.7200958597350997,0.27531813720184234,0.05825197525948129,0.6672356371864026,0.0035063518645700154,0.3374184191443075,0.9037395119667053,9833,oil_00108.tif,oil
0.19572754686656285,0.6855176040347061,1.603658536585366,0.332467773346935,29.893396595196442,3.942262477332672,0.26162031924208123,0.054736272755439984,0.6552573478386096,0.003088358288077226,0.3378135885436825,0.9044601321220398,14752,oil_00111.tif,oil
0.24147737122222765,0.8853815765296748,4.082758620689655,0.6736078751164958,34.75107947292989,4.357211335566177,0.2336362594441914,0.0525826708681318,0.5734704953612291,0.0028020441080294973,0.36359209921910884,0.913516640663147,50398,oil_00112.tif,oil
0.09146761079057565,0.4062228323038206,3.2805755395683454,0.14006689385333837,35.082421286380864,4.349923922975644,0.23359527877133876,0.05307158977934445,0.5729501269661312,0.00285320694721342,0.36535417731998926,0.8917306065559387,9367,oil_00113.tif,oil
0.05956189944187647,0.3321563259237771,3.0555555555555554,0.08392198630293868,26.876513837626135,3.6886705976889425,0.28021033537872225,0.057976570265390714,0.6749012542454842,0.0034778718453751865,0.33173450814925126,0.9364796280860901,37854,oil_00114.tif,oil
0.06821920565680052,0.4556270005381979,2.680628272251309,0.08224087859947644,26.608516261838357,3.6494381628480874,0.28416382261745504,0.05980080074810545,0.6641744817499242,0.00370346365701234,0.3298993170927184,0.8756332993507385,8574,oil_00115.tif,oil
0.11171187329459721,0.6231996773821868,3.911290322580645,0.1798719654140339,28.76287541011973,3.8384664796793984,0.2702150035182271,0.056104397266538306,0.666478515180152,0.003259995179118142,0.3363762451141092,0.9138979911804199,11316,oil_00116.tif,oil
0.06782084799371066,0.4480033471247269,6.681818181818182,0.17879406307977735,27.824076327122555,3.7735086503820576,0.2729511281924856,0.057584880673335316,0.661473881771141,0.0034242362801979037,0.3347899159663866,0.916869044303894,15205,oil_00117.tif,oil
0.0878080622420705,0.39339516691193555,1.6748768472906403,0.29435670820052157,9.22226322287592,2.1605050748631314,0.4003845792808257,0.09665442346954153,0.7729681941582875,0.009613005801683082,0.30851409349263426,0.925057053565979,21063,oil_00118.tif,oil
0.12895407317566496,0.7303731591185915,4.7304964539007095,0.4208108711601646,28.593115043419875,3.8429333749277417,0.2680699931252419,0.05612168609215332,0.659316679198829,0.003243691025294186,0.34123687986105866,0.9490092992782593,40474,oil_00119.tif,oil
0.09985144223224245,0.405888792855085,2.601731601731602,0.12684847044248043,24.259511251941408,3.4799709969275163,0.2923448713630522,0.0625076261460937,0.668205860630195,0.004019573040101359,0.3373529822516106,0.9190118908882141,18255,oil_00121.tif,oil
0.243769801056251,0.7328812076132137,4.2,0.49851190476190477,29.62073862359546,3.883140029826862,0.26856327681418346,0.056612224539387565,0.655642732923747,0.00330311273360699,0.33795093795093795,0.8407155275344849,3536,oil_00123.tif,oil
0.06345202437560402,0.37109435686543296,1.5782493368700266,0.09051334061476049,38.37130666613544,4.602659849180888,0.22073358179361716,0.05064728884236716,0.5471516421230327,0.0025972315901413735,0.3681886977886978,0.900426983833313,21152,oil_00126.tif,oil
0.04489388319864769,0.31961684343183794,1.1758389261744966,0.14067681039502314,36.91998862153722,4.506153306531093,0.22517023969589584,0.050714769068990695,0.5716535511954818,0.002606681746136417,0.3670469272947376,0.925169050693512,89570,oil_00127.tif,oil
0.07471271785728269,0.7025174425721163,12.065217391304348,0.3372111241676459,31.041802436960207,4.024812016421397,0.2576280374585037,0.05476683700685052,0.6313128658092442,0.0030959010462800612,0.33771929824561403,0.8656442165374756,9169,oil_00130.tif,oil
0.08184014154105719,0.39421583146228445,1.6286173633440515,0.16371019194205236,27.118212252801747,3.7351711519238115,0.2750021600251272,0.0572352965793915,0.6700061378488049,0.0033750424068240007,0.3362660212106418,0.937772274017334,97295,oil_00131.tif,oil
0.6027113829137821,0.9071497451439592,1.2253521126760563,0.5330257406508013,29.861088773868794,3.9318595303956787,0.26522063875469926,0.05555871904737309,0.6571730166189812,0.003184563969539914,0.33367182872133366,0.9204207062721252,3404,oil_00132.tif,oil
0.06574119031376509,0.3190464021028805,1.0597701149425287,0.19610292467649038,28.31972266901087,3.826749416141559,0.2682386201711877,0.05663908882876007,0.6564193794656771,0.003304327587376983,0.33900970150888027,0.9315052032470703,40371,oil_00133.tif,oil
0.046754670117577946,0.42926417155728475,1.4064748201438848,0.198011002962336,32.8068668169372,4.194151429380718,0.24273189955622376,0.052883009650795856,0.6141444886087815,0.0028425015768443486,0.3600600557660685,0.9495188593864441,525527,oil_00134.tif,oil
0.09111161647201187,0.26646281738955724,1.158371040723982,0.0937654659219457,27.101594159905922,3.731478179298614,0.2746049470622183,0.05783101488973545,0.6667374596195834,0.003442433252153145,0.33630542873225344,0.9366135597229004,21963,oil_00135.tif,oil
0.07178220826877516,0.6009343887271907,2.591796875,0.20588174689148456,27.141578908340914,3.745972888532021,0.27251760490896393,0.057310472362743545,0.6682602478847899,0.0033801154170265235,0.3402135163577133,0.9156776666641235,140683,oil_00140.tif,oil
0.06181038113625374,0.4808006662895998,2.4285714285714284,0.1492320068523277,27.52715082680243,3.7652617513968663,0.27215481242415573,0.05723567104169459,0.6659354049580007,0.0033716693172977544,0.3392271059913765,0.8747477531433105,76073,oil_00142.tif,oil
0.06779097139972716,0.429085462666025,2.411003236245955,0.20720444820920483,25.31715799210805,3.605228802869732,0.2822415895013891,0.05927324646688701,0.6766429013197185,0.0036149567674134664,0.335883528404225,0.8960612416267395,48719,oil_00143.tif,oil
0.16762720593864103,0.786797627042758,1.7295774647887323,0.257989631600679,34.68336354633573,4.336296844708011,0.23396642263926792,0.0524726466821437,0.5871752457434226,0.002787321192008861,0.3645156086149875,0.9317350387573242,55511,oil_00145.tif,oil
0.11347941480016016,0.38339788548100073,1.5643564356435644,0.1434468605088357,33.79799938196195,4.248396128863396,0.24047235972743244,0.0549546549806445,0.5726358717720981,0.003059194893198312,0.3637881203906717,0.891192615032196,9580,oil_00146.tif,oil
0.12304900578873988,0.3470230789954201,1.3466666666666667,0.1913036303630363,35.246765305259444,4.3647489046934425,0.23231259684687253,0.05261706656987316,0.5790454258752438,0.0028025898897636806,0.36944444444444446,0.8994631171226501,6124,oil_00148.tif,oil
0.04917699928740014,0.16934388967705521,1.5278592375366569,0.06248416928870151,35.76014533285952,4.40384712371273,0.23039888669282088,0.0524269348148241,0.5729106018545036,0.0027827387295175465,0.36800035221430283,0.8789199590682983,11824,oil_00149.tif,oil
0.04243413474042254,0.2944138548880657,1.6666666666666667,0.040061705566513256,29.63835233385933,3.9378694742834375,0.25808475073170806,0.05702923990417293,0.6281490206809726,0.003304966603788949,0.35781787110979657,0.9363206028938293,60230,oil_00150.tif,oil
0.035758171891384125,0.2678217468805704,1.1159337521416333,0.03293512056570101,29.09548546141615,3.8963594518449316,0.2608850007030205,0.057601487361625334,0.6313160469164893,0.003372183773806504,0.357322325352338,0.9385790824890137,115250,oil_00151.tif,oil
0.1628072408222992,0.722104706504495,1.4300202839756593,0.40859119876857564,26.591295891111496,3.770990003577676,0.2649125577969425,0.058492414719931086,0.6385850760229297,0.0034645628369716092,0.35903279093664237,0.9459760785102844,133878,oil_00152.tif,oil
0.19384753870058263,0.6963258556226632,1.1761006289308176,0.24428665119564122,24.607217119939865,3.618198683093547,0.2735639304471793,0.059708880212449224,0.6691764647835287,0.0036140325467889168,0.35987822920223056,0.9301923513412476,29433,oil_00153.tif,oil
0.12336572843249217,0.5506848051040719,2.899193548387097,0.23428316658441384,34.02502090681121,4.280184106934049,0.2377484938621502,0.053593495969091104,0.5819341231561098,0.002909465157074417,0.36562418956690457,0.9444519877433777,42676,oil_00154.tif,oil
0.047011404230054836,0.41131783332917116,7.478571428571429,0.2809114476736253,33.31216090524744,4.200467259114829,0.24380774522446752,0.05525766711096122,0.5794325867879798,0.0030937921632707105,0.3645693374842973,0.8689627647399902,41435,oil_00155.tif,oil
0.08073879967858183,0.5744369805305705,1.1837455830388692,0.3326090396076156,12.080565477768728,1.7289243618116825,0.5070796239924736,0.156887694179417,0.6245686538906305,0.024913695240884742,0.2728835091083413,0.9224917888641357,125376,oil_00156.tif,oil
0.06691077679026243,0.4831540614673145,1.0068181818181818,0.2647804227375333,30.173284623035265,3.988303355842188,0.256814056530778,0.0567792695944869,0.6177692804813241,0.00327219448285513,0.3577436912419594,0.925826370716095,52652,oil_00157.tif,oil
0.170624238704524,0.7330142591444513,1.3147632311977715,0.43610429158207825,32.44621989764146,4.157876450892076,0.24426613425614785,0.05506358429956175,0.5997434979194078,0.0030725631749819165,0.36086502319769764,0.9226735234260559,66518,oil_00158.tif,oil
0.0505680708681178,0.6515236545260676,1.2521865889212829,0.03940272267230524,37.866166569880576,4.5553109684873485,0.22381121893243552,0.05053399721953959,0.5622915685590508,0.0025894656589548768,0.36449057694603815,0.9151827692985535,24175,oil_00160.tif,oil
0.1260458828169792,0.4471067221067221,1.8368200836820083,0.12298300626185416,38.022930059253014,4.571585196275991,0.22250117827821558,0.05035418948153668,0.5606310511524839,0.00257095364037963,0.36625423070521,0.9145081639289856,13384,oil_00161.tif,oil
0.04930324709923725,0.6305382299171954,1.256854256854257,0.03885583736330005,37.86347483313047,4.5552007943096315,0.22381339485678653,0.05053736384762807,0.5622397818717892,0.0025898094980612756,0.36455267928826585,0.9131160378456116,24427,oil_00162.tif,oil
0.11319601104737188,0.6048317387245434,1.810747663551402,0.18457943925233644,29.263518419783804,3.8889892889479967,0.2628709158447399,0.0583641220276817,0.6296096632005239,0.003464569916986285,0.3555317475385826,0.9215754866600037,60044,oil_00164.tif,oil
0.07781616359683595,0.4685293172635853,1.7232142857142858,0.19816339748334566,29.073881804772526,3.889236527898398,0.26173001720051037,0.058116231981196885,0.6277076615792612,0.0034328752177532644,0.3559589519924039,0.9540396928787231,69883,oil_00165.tif,oil
0.03729386866570796,0.17060746921910125,2.0992685475444097,0.05619071544819472,36.52978662971914,4.457344887262069,0.2289887703326992,0.05098327672668913,0.5776750405532343,0.002635960313679145,0.36428110896196003,0.9409496188163757,110139,oil_00167.tif,oil
0.05085552304413557,0.21714979342582202,1.6288888888888888,0.06365810216765197,35.71932990124678,4.404407680877911,0.2313838733684517,0.0514524834006279,0.5832878280818469,0.0026851031664337503,0.3639624681300111,0.9411651492118835,85956,oil_00168.tif,oil
0.12312004023484256,0.40885240525528294,1.812987012987013,0.14845755963234472,35.74442789565113,4.400900333279623,0.23199576346371095,0.05172327752981694,0.5794127100271369,0.002713030399786925,0.3633545332092817,0.9420689940452576,40774,oil_00169.tif,oil
0.08416348356821927,0.25981615544835074,1.7504911591355599,0.13876265382486733,32.0290887844249,4.132627275402048,0.24539436693682526,0.05442611581328945,0.6124455102696691,0.0030035512404488246,0.3603850779281212,0.9517197608947754,64296,oil_00171.tif,oil
0.052838085254335886,0.39168569712766,1.90625,0.08497894094957173,32.885365487600104,4.189395452005147,0.24251417253510976,0.05380119426994665,0.6045279152377079,0.0029344144525072866,0.3614533568016092,0.91408371925354,49191,oil_00172.tif,oil
0.028383582693200606,0.3692455645829879,1.899290780141844,0.029487973982913047,29.942618328332014,3.9967028881458337,0.2513364607855231,0.05451280432310789,0.6389197710634196,0.0030142099501161137,0.3611882152422693,0.8831560611724854,29323,oil_00173.tif,oil
0.07924601420320122,0.40541631351656776,1.4184782608695652,0.07843734382808595,31.359309403676168,4.067387433564534,0.25007038361314293,0.0560788875285685,0.6107897909211739,0.0031904745677370106,0.3590597917121841,0.9074683785438538,15713,oil_00174.tif,oil
0.0529341219890504,0.3634431223241575,1.019939577039275,0.12776145101015163,26.718728981874655,3.7460794818324246,0.26699390414590457,0.057330799090669876,0.6719384813938569,0.0033391041372289234,0.3588521581503404,0.9251347184181213,228730,oil_00175.tif,oil
0.06029677100413984,0.6285467971063383,2.058139534883721,0.06120162338136323,28.156879692201084,3.8136620160916403,0.2664602563946031,0.05978206760069264,0.6293429089064103,0.003634558683079576,0.3550207961972668,0.8434442281723022,8946,oil_00176.tif,oil
0.08890233902025223,0.2840386940749698,1.4877300613496933,0.08914047182341407,31.413870899920923,4.0458120757852045,0.2541778846636357,0.05584604199427856,0.6190543422032555,0.003172919562088208,0.3552198101887204,0.9125688672065735,14698,oil_00177.tif,oil
0.15526032970180667,0.43119119027450264,1.1428571428571428,0.13727405247813412,31.390330626480566,4.04249045852484,0.2545949101547633,0.05563705701725069,0.6246512665723579,0.003149856455254117,0.35574441687344915,0.929499626159668,9787,oil_00178.tif,oil
0.0617250158176108,0.3350260542314002,1.8767295597484277,0.11708145750080091,32.815349803881226,4.202566416638742,0.24138522229038886,0.05369269354160615,0.6020060216822656,0.002919894671164882,0.3634006291562139,0.9256013035774231,135346,oil_00180.tif,oil
0.04978003741291749,0.30222006881002017,2.34375,0.11573567708333334,5.983261576185938,1.351950672095982,0.5415652377966785,0.170369472404983,0.8740826350134032,0.02930534851442636,0.268139681396814,0.8829366564750671,70523,oil_00181.tif,oil
0.10018053078015682,0.8048333291686449,1.6365853658536584,0.5853772127512631,31.398887366042366,4.091911209816537,0.24738573151659504,0.055101534771376366,0.6131598174897239,0.0030773092359405465,0.3620499605064006,0.9052889943122864,598111,oil_00183.tif,oil
0.10272033995788062,0.7512159258002489,1.2559055118110236,0.08196751659961,32.81522782100352,4.19130816253359,0.24215625069649252,0.05474097345810657,0.5942739682247219,0.0030376181163972943,0.36403809677549537,0.8738566637039185,7006,oil_00184.tif,oil
0.14395870574973244,0.5995038325752998,1.407239819004525,0.13712153176877973,34.17156780584197,4.275107401002035,0.2387447295098848,0.05427668150101653,0.5792043880762207,0.0029848670841987474,0.363262492551787,0.9105122089385986,9803,oil_00185.tif,oil
0.10033466681243121,0.5761128345718202,1.3233082706766917,0.08528601332877649,34.844694352994985,4.3391554389061415,0.23465649076394743,0.05317477477970775,0.574975887827555,0.002864626936552444,0.3654131880571671,0.89457106590271,8401,oil_00186.tif,oil
0.08886058850674836,0.5577300421004322,3.1578014184397163,0.23712871484264558,27.715297511002113,3.827340037575099,0.2617289645842942,0.05619136625678656,0.6606435737672229,0.0032065608673574435,0.35982505080500626,0.9265115857124329,179728,oil_00188.tif,oil
0.13315513699522363,0.7612697196821799,2.6932624113475176,0.2505678661306664,30.98811965829145,4.055458677806099,0.2496875644139177,0.055265152670110354,0.6188210763843018,0.003099148606803506,0.36118464084565777,0.9282720685005188,159675,oil_00189.tif,oil
0.08036998576140003,0.43208003535556166,3.4863387978142075,0.23214146362817928,27.323352225284218,3.80093045582827,0.2628323892267408,0.056083444055972834,0.6692357762559157,0.0031945577081609507,0.36025359681472946,0.9260653257369995,189466,oil_00190.tif,oil
0.12284952504031182,0.34568585875061164,1.8429752066115703,0.19636437757106326,33.851984557579776,4.250218246044279,0.2400137827592603,0.05346291789736081,0.5943326801383388,0.002897851657687002,0.3647619296913855,0.8815056085586548,5621,oil_00191.tif,oil
0.04167169665914531,0.2642834610955499,2.3465116279069766,0.16027381473713323,32.53760665022863,4.175551110271288,0.24288353104187066,0.05364948029689602,0.6082628389482251,0.0029206334357040594,0.36139892036657323,0.9314075708389282,71513,oil_00192.tif,oil
0.056766229102225604,0.3434313356736877,1.6705336426914152,0.21184905903583398,32.16141706756009,4.150038575635938,0.2442171450322447,0.05393767415132026,0.6103986555288821,0.002952384349519402,0.36120530641757786,0.9354708790779114,67186,oil_00193.tif,oil
0.06954494616547374,0.3791166709216237,1.5125,0.062322443181818184,31.84906403483172,4.10056887367614,0.24903401492799376,0.0549934632139913,0.6134120081982665,0.0030719813844229363,0.3603557531962201,0.877368688583374,10208,oil_00194.tif,oil
0.24990361165964756,0.8058069084900464,1.6666666666666667,0.22443567828183214,32.02717119658364,4.106208705940132,0.24873574071132634,0.055156498501827245,0.6130181918283854,0.0030895132407723846,0.35933484504913077,0.9020107388496399,5334,oil_00195.tif,oil
0.08173821431153053,0.4315481786636126,1.0327380952380953,0.10826643337450254,32.51817995874853,4.132970181205328,0.24819222038337513,0.05539801623621424,0.6006130796028801,0.003115345877520588,0.3593729616906553,0.8938525319099426,13162,oil_00196.tif,oil
0.03369771662586342,0.2863443895553987,3.3212121212121213,0.04886271473862715,32.419622590165275,4.1428972075474935,0.2466770216161398,0.05447897649418039,0.6098992172995142,0.0030134648914822647,0.3605304400241109,0.9336455464363098,41466,oil_00197.tif,oil
0.22124595205940153,0.5924249422632795,1.8120805369127517,0.23911260253542133,32.05980030478672,4.119382395812714,0.2476494319449644,0.05552801614321377,0.6023667233315838,0.0031286091578523064,0.362122905027933,0.881542444229126,8261,oil_00198.tif,oil
0.08137343741743609,0.2581023240632905,1.754646840148699,0.13701877638460083,32.21424419077453,4.13308781729956,0.24693341394960833,0.05473403693329906,0.6109620515238812,0.003040968978384007,0.3597649535636717,0.9041864275932312,18126,oil_00199.tif,oil
0.07765922832864952,0.4201871791037336,1.4455172413793103,0.1775072387470387,30.06231226143261,3.981229075004505,0.2551979518803409,0.05608663596092661,0.626289811027044,0.003193226502873436,0.3583629237366229,0.9506028890609741,136616,oil_00200.tif,oil
0.056176593099211934,0.4245232283953171,2.2830882352941178,0.060753528464525905,29.323156121720466,3.9241428247351178,0.25854768257436217,0.05697371062152502,0.6343098783081679,0.003296409260238939,0.35727510401725315,0.8917258381843567,10917,oil_00201.tif,oil
0.09913745535581311,0.5954243824295437,1.1191011235955055,0.25326023193899194,30.52188995535114,3.999974337800686,0.25435833666615626,0.05662492732153952,0.6175098347375882,0.003254471424376948,0.3589114832535885,0.9259791970252991,57006,oil_00202.tif,oil
0.13998639971028345,0.7994277749248038,1.1455399061032865,0.10483529592857693,37.09504031138963,4.491585524967811,0.2271670663704119,0.05055865004222561,0.5772979272483613,0.0025929904397599185,0.366660659036977,0.8943067193031311,5724,oil_00203.tif,oil
0.20431638404465507,0.8171455024158782,1.0546075085324231,0.1559749052873411,36.82564513622411,4.482503299118202,0.2278812615549663,0.051025875743960114,0.572617975475657,0.002641530300792288,0.3644209430395353,0.9450563788414001,14493,oil_00204.tif,oil
0.05617454547614763,0.29818699975745816,7.630769230769231,0.1906676488833747,3.666142997493265,1.2014883193379577,0.5554175734699052,0.17975207060064585,0.9125159972806274,0.03264837845735619,0.2639126712328767,0.9165382385253906,25641,oil_00206.tif,oil
0.04435424967749973,0.21881249652377255,1.384297520661157,0.062006770554938806,35.010488518837704,4.370392321907823,0.23276161079570395,0.0517901306477632,0.5846311811862734,0.0027212596706266126,0.36272141706924316,0.9295532703399658,46727,oil_00207.tif,oil
0.07957646087615872,0.27546452806909316,1.2210796915167095,0.1510377486131782,37.35177863900864,4.520327986374403,0.2260865623771171,0.05058503371435053,0.5679387130609267,0.002595396417937933,0.3635234523403634,0.9336361289024353,28788,oil_00208.tif,oil
0.03599666895701092,0.26745087009631585,1.7758152173913044,0.05041519743188849,37.56915636773081,4.547576719776934,0.22301040003427783,0.05067534884607146,0.561001003888951,0.002601128147702402,0.36691493952986987,0.8906340003013611,50242,oil_00210.tif,oil
0.1189314469238237,0.4053732549266059,1.0889679715302492,0.10502291070639407,38.16666680287879,4.554759003813569,0.22563272069691487,0.04983987610707409,0.5742355430236217,0.0025208848433796983,0.3648082223242995,0.9117477536201477,9441,oil_00211.tif,oil
0.11630122108196353,0.5492093611638204,1.467455621301775,0.10358608513075014,37.404818917608914,4.50817769819385,0.22754152100008396,0.05057902301483279,0.575198557319648,0.0025965008897094605,0.3627309207910054,0.8755649924278259,4628,oil_00212.tif,oil
0.07646444062258927,0.5887501153597686,2.921875,0.09994621072860962,36.008981469449054,4.423386091545682,0.23066440461607424,0.05113795684477818,0.584431967174297,0.0026520695666491147,0.36352850234598305,0.8951063752174377,19920,oil_00213.tif,oil
0.09103920915559177,0.5272924807682198,4.181159420289855,0.188952101072514,35.95209596261398,4.42429932575035,0.2297825215035474,0.0513904862355634,0.578520420185251,0.00267755500761055,0.36416411704714835,0.8827853202819824,15663,oil_00214.tif,oil
0.0894391519539593,0.2910021354777891,2.0827586206896553,0.17271066453528203,35.56499506579045,4.392796945526474,0.23178318567995387,0.0516946308949207,0.5879326813358667,0.0027086620264670136,0.36476764199655765,0.8685705661773682,8009,oil_00215.tif,oil
0.19110932955077495,0.44310912967629384,1.1176470588235294,0.2888734441144879,33.22303164087537,4.224048103072685,0.24033697612177773,0.054729222233047985,0.5840213422523737,0.0030342977897524805,0.3671908753132291,0.8884986042976379,4802,oil_00216.tif,oil
0.2035637860045792,0.591168996188056,4.073170731707317,0.4076968015189134,37.34211950139985,4.499289818851712,0.22725345704415206,0.051281360042849194,0.5696860271289579,0.0026634711044625408,0.36769857725030386,0.8138192296028137,2953,oil_00217.tif,oil
0.09327130164332066,0.3892271403599014,1.3280507131537242,0.17959332649996784,34.32475549803791,4.306986814226441,0.23572953244596173,0.05277480722293949,0.5898044150244006,0.002820312769252005,0.36408205047723674,0.935344398021698,89731,oil_00218.tif,oil
0.08407863212802649,0.3760895316914654,1.2883435582822085,0.17159016213847503,32.94234307289401,4.214264663788127,0.24085915955105403,0.053674156599828916,0.5978051026803437,0.0029171513632040473,0.3629318771699194,0.9337230324745178,91657,oil_00219.tif,oil
0.10187109553864779,0.6799983792325667,1.476274165202109,0.5266800569085279,34.81787064534009,4.3273281233876215,0.23565862814604585,0.05280619115064726,0.58876280483594,0.002824403057511184,0.36361944236562854,0.9114108085632324,245948,oil_00220.tif,oil
0.14034918137787497,0.6813175259679279,3.0240641711229945,0.4519413986959626,11.265325682868816,2.409819653440244,0.3688614813470127,0.0856257288436305,0.7790721500477743,0.007453943878346437,0.3364694996631446,0.9145035147666931,124049,oil_00223.tif,oil
0.10143581208545373,0.4670809130543591,3.852112676056338,0.2282697556453897,28.438881390814423,3.9047818492080624,0.2575742977906171,0.057181342880330166,0.6246801325591844,0.0033105498982975443,0.36041661944375186,0.9446109533309937,72116,oil_00224.tif,oil
0.09828674653432715,0.7779623845284774,12.516129032258064,0.4866145660126372,33.987578973370034,4.292682991387709,0.23544213135445086,0.052403723900380964,0.5986067578245952,0.002785898067627852,0.36540152806024295,0.897736132144928,24210,oil_00227.tif,oil
0.06119379772311619,0.7382634417957195,15.840579710144928,0.42193404670034607,33.643227083847876,4.277245939283839,0.23589830910019666,0.052318523727951025,0.602819662361992,0.002777006278052072,0.3651474675517418,0.8733636736869812,32920,oil_00228.tif,oil
0.04109445032026479,0.5807503906085048,4.160771704180064,0.06834785331259287,33.271726082594185,4.218477024643795,0.24143491192530764,0.053917727516653094,0.5949410167561268,0.0029486721630830764,0.3625488389400289,0.9092209935188293,28823,oil_00231.tif,oil
0.06973927233403186,0.49175058676625316,3.587719298245614,0.11402436408870588,33.51103283023828,4.22943317871611,0.24079725443997352,0.053937254570580184,0.5931276757639874,0.002948996964620732,0.36409426649115106,0.8859267830848694,22136,oil_00232.tif,oil
0.1262154005172903,0.5833021398714829,3.924324324324324,0.27845283299828755,32.22256055990378,4.136614669862144,0.24599578573074413,0.05515189188686277,0.6003090308186888,0.0030847224179563902,0.3616044950835024,0.9288381338119507,38263,oil_00233.tif,oil
0.034005416650332694,0.3602668910795864,3.6688741721854305,0.07960567735354357,31.331434270475885,4.069519183814332,0.2498417312913986,0.05587146700784777,0.6087538874406315,0.0031673439332192835,0.3608521576165661,0.887224555015564,61862,oil_00234.tif,oil
0.035349538965633066,0.31440691518462094,2.4201680672268906,0.18165946934329288,30.864548713922364,4.03600730029629,0.25194460371894684,0.056436046198296286,0.6123230782675632,0.003232490049857351,0.3612657452207944,0.8639627695083618,57774,oil_00235.tif,oil
0.16636231300361268,0.6666746417206977,1.2190812720848057,0.14269985148768372,33.907713619239594,4.265695997128711,0.2385865137680948,0.05326041584918946,0.5901757876128926,0.0028766258968475175,0.36289669861554846,0.90175461769104,14355,oil_00236.tif,oil
0.033338843876375236,0.18307090221132322,1.5414551607445008,0.05567109830776689,27.573163462539178,3.7129710716236897,0.27506915640520385,0.06151272659140239,0.6207802728483752,0.0038436347922372128,0.35553705208533815,0.9034537076950073,117852,oil_00237.tif,oil
0.06477787611220472,0.43049517494342243,1.1961325966850829,0.2688074974799995,24.55641114662091,3.5919638820207043,0.27689233909157296,0.05790892547456611,0.6957535416461126,0.0034121840964830828,0.3544320535989774,0.8890292048454285,43138,oil_00238.tif,oil
0.078168158049161,0.36524076827923135,1.1335078534031413,0.10988181269791368,33.47221440936879,4.24265972022877,0.23991529332998623,0.05325563072405752,0.6001406040983953,0.0028727214772300293,0.36198192595322554,0.9517270922660828,165736,oil_00240.tif,oil
0.09121027016774906,0.41406894748453626,6.752136752136752,0.2741263658985178,33.64317529346631,4.262356421346361,0.23679763440995355,0.053433711499678974,0.593441520186867,0.0028902610863317958,0.3641114982578397,0.9007622003555298,25771,oil_00241.tif,oil
0.03137056590943088,0.46893687287143826,7.417624521072797,0.23829893765238594,35.67540835879429,4.4024973905803755,0.23140115766583313,0.05141480535085413,0.5862098319042106,0.00268347777999889,0.36245752904933765,0.927720844745636,122702,oil_00244.tif,oil
0.030287679786243752,0.34034096851793744,15.008474576271187,0.20242322158313314,35.45979357410088,4.384725060704935,0.23240803086277645,0.05181947199619813,0.58319758723653,0.0027252709646868895,0.36248902878242184,0.9178189635276794,44249,oil_00245.tif,oil
0.04375441539830775,0.39902642799192145,8.01010101010101,0.1472225406651636,36.35678358496345,4.443761910495228,0.22964820026054045,0.05116080013404141,0.5803471434826465,0.0026554113131025446,0.36223120178586565,0.8546144366264343,12395,oil_00246.tif,oil
0.04344395068558501,0.3815047178446023,7.82,0.14657928388746802,36.12093557526818,4.427298089288748,0.23043431413544135,0.051376161209595,0.5806441397189105,0.002677805969894844,0.362030692018145,0.858525812625885,12300,oil_00247.tif,oil
0.048142142476660925,0.6742741365139439,2.049916805324459,0.04764245737623442,34.130220219864995,4.281671574331255,0.23797534560213354,0.05319281871826689,0.5891179967255201,0.0028684693938472944,0.36284992063360944,0.9279897809028625,36566,oil_00248.tif,oil
0.14748899763447715,0.7212507409602845,2.0,0.14623520221140557,36.68592316208914,4.43857155876645,0.2320042468798231,0.05158652950356739,0.5735259879017103,0.0026970106285342434,0.3635819107517221,0.890875518321991,5144,oil_00249.tif,oil
0.04394860709271683,0.7303618094151423,2.0940054495912808,0.04397256412665602,34.00776939403713,4.274561648562175,0.23820199293775102,0.05326492926895102,0.5897573426185427,0.0028763004318834613,0.3633219423004264,0.9355774521827698,51203,oil_00250.tif,oil
0.05348592038965469,0.7255185847180294,2.140829694323144,0.05412058057893108,33.78699631869442,4.259506214809448,0.23907149339236708,0.05332759972237661,0.5927800814395822,0.002883451349330043,0.3631896714057057,0.9528412222862244,99229,oil_00251.tif,oil
0.1301995571608008,0.6033908900452795,2.23046875,0.1832388695818739,32.08743358374076,4.1269653726929825,0.2465005016170597,0.0548904987155284,0.6072984751586676,0.003056558369181104,0.3613449743712454,0.9424842000007629,105985,oil_00252.tif,oil
0.19192459293987532,0.544047183884767,2.8983050847457625,0.30324005242233015,27.43487266178726,3.821781173763191,0.2616847775334486,0.05579316262399503,0.6675753012443917,0.003166492287137344,0.3576925472193308,0.9495195150375366,28118,oil_00253.tif,oil
0.029315069447793017,0.2751228004511983,1.3451428571428572,0.07779827648986527,30.110548571173286,4.005708796645404,0.25148001738357717,0.05468985797222399,0.6360282467300054,0.0030370671239519885,0.3593888321806039,0.9347206354141235,82640,oil_00254.tif,oil
0.07001417151619174,0.3260752492851617,4.0997150997151,0.1510456573000006,33.51809992827195,4.234461538978547,0.24067784020237548,0.05358787658911865,0.5967560603358093,0.002912060054460675,0.3622672591385573,0.9255077242851257,76040,oil_00255.tif,oil
0.0524015649497551,0.2435354985075263,1.0523321956769056,0.11248654798142853,32.938571622439255,4.197388341412189,0.24216656244373436,0.053752915515395704,0.6029972464732651,0.002930256969135659,0.36284047252892826,0.9313603043556213,91586,oil_00256.tif,oil
0.03337718800496343,0.22856358294203258,4.446280991735537,0.10655217262179073,33.18145744228973,4.2129887051594626,0.24159844438688222,0.053640515830009505,0.6006378899181091,0.002918394666851127,0.3621307191380153,0.9260497689247131,63916,oil_00257.tif,oil
0.1882910681871539,0.5518020441097364,1.2091503267973855,0.18120473414591062,30.989469040122362,4.040798840136349,0.2515948435301568,0.056534259641683376,0.610387886268406,0.0032434088271611587,0.35872410725632226,0.8484322428703308,5371,oil_00258.tif,oil
0.3142987711323193,0.8102838041554696,1.0048543689320388,0.28991370010787487,30.695325248068276,4.024146299447333,0.2519927494312563,0.05639585348246301,0.6104128683403995,0.0032286550174029237,0.3607416148179933,0.9024550318717957,12656,oil_00259.tif,oil
0.17866047081516448,0.7130361173814899,1.9439252336448598,0.45416966211358734,30.321437014145374,3.984250753422664,0.2556262492472978,0.05724890503930258,0.6185662458825452,0.0033279201058955075,0.35705084953689503,0.8818210959434509,10453,oil_00260.tif,oil
0.1190680779249905,0.7017801478733544,1.0398126463700235,0.14368525434099205,30.843269656063356,4.021655760230057,0.25362982089219954,0.05659653993243107,0.6105002452401699,0.003253554217158147,0.3593884164750852,0.8470703363418579,27728,oil_00261.tif,oil
0.1256311844313342,0.6131505366645621,2.891304347826087,0.3472335730630925,24.982561821394555,3.529463374815524,0.2907445234287006,0.06133042719030723,0.6830794393868697,0.00389088080870012,0.33088602121927696,0.8994534015655518,34795,oil_00263.tif,oil
0.08542105533924667,0.4825448001159984,1.7813211845102506,0.2471977698675786,23.957969337952612,3.4310734485203414,0.29993834129625924,0.0634273605512202,0.6890729227205116,0.004163923585755685,0.32746016574411546,0.9321884512901306,85467,oil_00264.tif,oil
0.2693542145761255,0.8593793159476806,2.7339055793991416,0.35635455899097834,31.746486997980437,4.09157276301179,0.2503333436241538,0.05501572012916163,0.6150671894125219,0.0030762269333551766,0.35865717331448344,0.9672546982765198,53585,oil_00265.tif,oil
0.3042749920430682,0.8399197819881452,1.4313099041533546,0.37036099383842996,31.63821744620433,4.084769935379329,0.2503150725649361,0.054857167751010225,0.6154793859219756,0.0030577324287356543,0.35716725422984497,0.9519293308258057,52318,oil_00266.tif,oil
0.16729486398730725,0.5000735366212373,1.6624203821656052,0.24893232789125608,34.04999298494126,4.275476815753353,0.23768404791390502,0.054335545854439615,0.573279327978505,0.0029887397445569406,0.3649594795743977,0.892022430896759,10576,oil_00267.tif,oil
0.17148552805689796,0.5624762791981507,1.2432432432432432,0.23650099374737055,34.14284408619038,4.294577587816239,0.23551552926262054,0.05324613474441301,0.5852044555413267,0.002870440223658695,0.3654108654108654,0.9515988826751709,33247,oil_00268.tif,oil
0.2123723875224803,0.8386291669859759,2.6029023746701845,0.4573312943737822,32.98009356328485,4.211820695362943,0.24003341221267682,0.05392092893936189,0.5979805997282092,0.0029444826703335578,0.3644366197183099,0.9604182839393616,623132,oil_00269.tif,oil
0.04464535557637814,0.2891700277592394,3.0446927374301676,0.07661575521500692,34.32859016309111,4.302866611503455,0.23672943174312247,0.053150605997104375,0.5850036291846813,0.0028629840982514645,0.36572164948453606,0.9084917306900024,31182,oil_00270.tif,oil
0.3496768582506797,0.7920944558521561,2.3658536585365852,0.38798089011817954,34.72211479715854,4.333227791084891,0.23421333377856055,0.05426601639774742,0.5723974793437565,0.002981476725629682,0.3623156260397028,0.8780637979507446,1646,oil_00273.tif,oil
0.1430077159444599,0.5339931153184165,1.1358024691358024,0.14571591519055288,35.06032814855092,4.358205923135235,0.23342209295422073,0.053304655155595244,0.5653525737073118,0.0028774362399612303,0.3669197819314642,0.8499176502227783,4601,oil_00274.tif,oil
0.08435442879165242,0.4565835930730332,1.0857142857142856,0.1036874412593985,5.239553514508792,1.5281919088682616,0.49166418661437045,0.1438253562097984,0.8368797978860963,0.02094194019135395,0.29911800648212106,0.911548912525177,36244,oil_00275.tif,oil
0.04758220974154674,0.3064226161731936,3.1702127659574466,0.07674116340810207,31.31046737702565,4.063255002008317,0.25089883031184285,0.05591189925661272,0.6105567196808248,0.0031734019629259913,0.35958328898488345,0.9066518545150757,27505,oil_00276.tif,oil
0.06293474066666883,0.24570547047474706,1.2979683972911964,0.06237118461085484,30.990070392957108,4.044086575253342,0.25141164247907377,0.05591840807381373,0.6134526764852798,0.003173880450818003,0.36033694767226704,0.9402379989624023,65067,oil_00277.tif,oil
0.038358404231313925,0.20973767051416578,6.802955665024631,0.1158598573889842,30.81376530707802,4.031536641302083,0.25228796669463927,0.05495838476558192,0.6324833824710479,0.003068021934129841,0.3586747900463252,0.9059423804283142,33950,oil_00278.tif,oil
0.1153131795262848,0.44850893478765375,2.4926108374384235,0.15051889639595786,33.16599279174315,4.187004369808238,0.2443393557003296,0.05409010400763871,0.6054263145822767,0.002969886224905965,0.360795103506792,0.918856680393219,16029,oil_00279.tif,oil
0.15922092199355262,0.797682070130717,7.0054945054945055,0.5798620986856281,32.03805260594298,4.12612200962757,0.24663790750771872,0.055080427785031,0.6065648598095315,0.003078162141160905,0.36167909902003803,0.9353868961334229,119665,oil_00280.tif,oil
0.09994834623953984,0.5999416816107539,8.0,0.4198918367346939,32.30645476448382,4.133354387547407,0.24695955085864923,0.05483237884419429,0.608418686359018,0.003051157341929255,0.36121003188830475,0.9492543339729309,96998,oil_00281.tif,oil
0.06677640118815589,0.2649125951641966,1.1307506053268765,0.14559472393465062,32.93352327665856,4.1909762724062585,0.24298615517110705,0.053863401092523286,0.6049553053275198,0.002944130012944383,0.3625409340921375,0.9221791625022888,29039,oil_00282.tif,oil
0.08787368074085543,0.34465965346534655,1.5888157894736843,0.18966233518579056,32.437516733901504,4.139406912688766,0.24715702581931587,0.054848763870990004,0.6084383333921077,0.003053609922344479,0.36008684385614737,0.9303995966911316,28558,oil_00283.tif,oil
0.08226180755691931,0.4190481401934363,5.9363636363636365,0.21322567172490603,33.368116652395905,4.203530643906694,0.2442161968725332,0.0540874677755411,0.602109463960596,0.0029697086734411012,0.3609809663250366,0.8929092288017273,16006,oil_00284.tif,oil
0.14865856040055114,0.4850742898432913,3.106194690265487,0.2708065451428283,33.54122111458696,4.198058004599279,0.24512070197756922,0.054386598936406086,0.5992425559248488,0.0030045231334325235,0.3596167611915643,0.864898145198822,11165,oil_00285.tif,oil
0.06992223792847657,0.4588519475291039,4.275675675675676,0.18692725595380463,31.968802938369492,4.103156369655956,0.2491961467761753,0.055236709177095764,0.6109718123469531,0.0030988667788435223,0.35981078095346003,0.9007335901260376,28341,oil_00286.tif,oil
0.08890928599467086,0.5068848919397877,4.861111111111111,0.24687003968253968,31.753444883174385,4.0895515852066415,0.24977146518048826,0.055367605266650015,0.6120021647069963,0.0031136143835057855,0.35971500551094315,0.9002001285552979,25490,oil_00287.tif,oil
0.11742171553405767,0.41089194984834726,2.375,0.14455333840800347,31.032268524165783,4.027761225618338,0.2539155977590911,0.056575846996446126,0.6142734234740577,0.003251078116163313,0.35715369278779474,0.9080671668052673,11090,oil_00288.tif,oil
0.04550985602586318,0.1820987362143229,3.6047197640117994,0.09286966093593847,30.6118937459924,4.002499977441727,0.2548147339493157,0.056690693170602255,0.6181247931597014,0.0032640554005264775,0.3581047774907822,0.9007407426834106,39896,oil_00289.tif,oil
0.08896446713544154,0.35882827612256346,2.8382838283828384,0.24061516616777956,29.7805135836582,3.9406980075909224,0.25840461235949996,0.05791749090119915,0.6207050882629062,0.0034072050999582144,0.3580254411715086,0.9425878524780273,63966,oil_00290.tif,oil
0.1415457035140207,0.6721424205378973,1.0034246575342465,0.1542323156762822,30.83038505170692,4.0378426268138785,0.25137079603323664,0.056108777115944725,0.6131292090257701,0.0031960030206405147,0.3616618272022768,0.8970403671264648,13648,oil_00291.tif,oil
0.18831341518846756,0.791073533411914,7.0,0.5553098049199631,33.25601693091223,4.214529071249875,0.24189931570053455,0.053078414185507586,0.6063673054246242,0.0028596909540487014,0.36359316571286904,0.9314882755279541,17948,oil_00293.tif,oil
0.22956718801154483,0.8434401810278868,5.138613861386139,0.4941910376008699,31.55639905510757,4.087117445863593,0.24846149374762883,0.05550017321215178,0.6118387595594927,0.0031268335880229106,0.3599744156620643,0.9508550763130188,26443,oil_00294.tif,oil
0.08887133407272725,0.38340053191790996,1.6108490566037736,0.23346639409928452,31.868086092276478,4.092917210430964,0.2503935767965828,0.054599123601923163,0.6216466723836512,0.0030309268809032867,0.35731629708806245,0.9450507760047913,68740,oil_00295.tif,oil
0.13120309193842847,0.49011586403821866,1.8829787234042554,0.13411317466041592,29.238042982335983,3.8865549573992206,0.26305748289373543,0.058840239789364424,0.6232313256935935,0.0035198100400708407,0.35651997324159024,0.901279866695404,9319,oil_00296.tif,oil
0.31470614513032386,0.8047001223990208,1.9454545454545455,0.34910790144435005,31.773829319736166,4.090686542021523,0.24934017918173357,0.05384260102212947,0.6343360458600305,0.0029505358718479023,0.36045081967213116,0.8994786143302917,8464,oil_00297.tif,oil
0.13414400124344042,0.542151507955355,2.461077844311377,0.3326194326675117,26.80764628680145,3.7307935914931507,0.2713413532462619,0.05862884651382759,0.6523742624305634,0.0034988433767128456,0.35414436502181246,0.8594527840614319,23356,oil_00299.tif,oil
0.2261873417066786,0.7267654592023417,1.2857142857142858,0.2189429012345679,30.476505138183935,3.9919618938489987,0.2564073977408176,0.056801449564626655,0.6218556199594845,0.0032833764727518006,0.35626591114395995,0.8951265215873718,8226,oil_00300.tif,oil
0.14752947632252456,0.4073574578673807,1.037037037037037,0.19005823780129336,31.72646952805366,4.091062839408985,0.24998977788053367,0.054468444476560796,0.6207941612207459,0.003016202615291457,0.3578540335278318,0.9295709133148193,21254,oil_00302.tif,oil
0.03181788875340122,0.4936318497492822,2.4694915254237286,0.035099984877214614,32.034763178006514,4.121234976336345,0.24713781737758345,0.05478492000115426,0.6075036523780932,0.003048694264081796,0.35872304523141657,0.9203134775161743,31666,oil_00303.tif,oil
0.024761227180726122,0.4379825403801184,2.380475594493116,0.026559553279664777,32.07596365866154,4.126202817983531,0.24671819523095392,0.05455800140825954,0.60878129269335,0.003023417601114593,0.35904072066765963,0.921941876411438,42304,oil_00304.tif,oil
0.04184405145715943,0.5437568157033806,2.4923413566739607,0.045980677126659146,31.804990373791448,4.105277582706812,0.24801465756043506,0.05502003944232223,0.6084252076978909,0.003074991043616483,0.3587232315030955,0.9230833053588867,25092,oil_00305.tif,oil
0.025804821747613064,0.3164286107862885,2.314124293785311,0.028515900865112995,31.91532565326778,4.119541001728499,0.24682054709248333,0.05434373570915201,0.6132268144326758,0.002999749208358916,0.35899878329918034,0.9255128502845764,53820,oil_00306.tif,oil
0.040401471864660164,0.5285239699812464,1.0311332503113324,0.3681318846595797,31.96856891032951,4.128339154767884,0.2457540212684286,0.054128496515619184,0.6152855625512748,0.0029746907055884786,0.35971684047284397,0.9023663401603699,229866,oil_00307.tif,oil
0.11536170811618877,0.6724208740198754,1.2017543859649122,0.49795708477397876,32.40303905074279,4.158749691982777,0.24426648069777734,0.054084391022260724,0.6075969251833043,0.0029688998298713363,0.3603648278344684,0.9083598852157593,105139,oil_00308.tif,oil
0.04404926389122811,0.36816597228126857,5.497041420118343,0.11031776867663264,33.22624279372617,4.210386296636328,0.2418725547939891,0.05346684748277017,0.6007732350563966,0.0029002692780675816,0.3605750802077262,0.8714205622673035,18310,oil_00309.tif,oil
0.11357319479152705,0.5563541848173317,1.2374429223744292,0.10759799378815706,36.166080948552136,4.4152735389955975,0.2317862397966369,0.05178466237285281,0.583757247068183,0.002716225206694931,0.3626059975031987,0.9529552459716797,58540,oil_00317.tif,oil
0.26474637805922197,0.7607921218317817,1.675257731958763,0.560578905630452,36.17009609630028,4.414510701648391,0.23194765894769168,0.05153351909083629,0.5884210969885628,0.002689568580970812,0.3642982897384306,0.9333714246749878,35718,oil_00318.tif,oil
0.10222431129596847,0.30646001110802557,2.282511210762332,0.15555868801043107,29.490078562382536,3.896911789104558,0.2638620542964567,0.05743847533334266,0.6376463642228846,0.003366849198197657,0.3508033468507777,0.9234472513198853,18296,oil_00319.tif,oil
0.10632262364340914,0.4994489599118336,1.0671641791044777,0.0946012942281599,30.286663777183495,3.9870440363979496,0.25557483943336606,0.055590684134858515,0.6287377384687174,0.0031483301058855048,0.3534958797043582,0.855282187461853,7636,oil_00320.tif,oil
0.12619982361118862,0.5100863339650453,1.1712962962962963,0.11081832820963256,30.673170037291037,4.0161515789226785,0.25422875470833184,0.05531397531216707,0.6263476136911164,0.0031178604434315546,0.3535867160791749,0.8523974418640137,6379,oil_00321.tif,oil
0.07553975963049034,0.632154374893732,1.8574766355140186,0.41658143772409334,31.181101465364222,4.037080822651498,0.25444067811222204,0.05393073672649012,0.6467629772895747,0.002964091008518698,0.3516014463984892,0.9369618892669678,557467,oil_00322.tif,oil
0.03911681799543255,0.22116975730195418,2.323049001814882,0.04775621029945554,32.58344967468127,4.126232431933411,0.2507407472897465,0.053064765630524764,0.6400816164266021,0.0028709675291772245,0.35167299091567594,0.9008710384368896,35035,oil_00323.tif,oil
0.04360697404202597,0.24739946991934794,2.3366336633663365,0.05058291846133766,31.878473215417095,4.0729874387535725,0.254070271529876,0.05389382874078982,0.6426862293278595,0.002961727280282769,0.3511728175309521,0.9232508540153503,44898,oil_00324.tif,oil
0.06251088233366509,0.44580237095210873,4.944206008583691,0.1336563394134478,32.74786439965209,4.130671871763165,0.2507688758321151,0.05344612929240329,0.6402601150245535,0.0029127032500672716,0.3521557664675926,0.9276447892189026,37072,oil_00325.tif,oil
0.1532551006660955,0.67608972135507,1.265,0.46225296442687747,10.498694952025222,2.351512894882443,0.3710730744138561,0.09283513250585408,0.743821149734138,0.008731223176112832,0.34412352127823015,0.8820719122886658,22617,oil_00326.tif,oil
0.1971681842041967,0.6787612241158145,3.918918918918919,0.34520037278657967,33.97574704118905,4.251368160394589,0.24095029024781472,0.05431673999177737,0.5863578517649451,0.0029925211993103626,0.3681876332622601,0.7677776217460632,2002,oil_00327.tif,oil
0.13782198749332372,0.7434376242874188,1.3258928571428572,0.16858315295815296,33.09747943041657,4.192457008067285,0.2434345986781732,0.054988780555572825,0.5934742091793912,0.003065560171201114,0.3623973608803487,0.8411387801170349,11540,oil_00328.tif,oil
0.21704274089187608,0.8011201046521135,6.729166666666667,0.6319981940144479,32.139100169790744,4.11736871748173,0.24846634577559357,0.05601193668806335,0.6155669686103697,0.003182615674480125,0.36191617636376844,0.9283419251441956,10144,oil_00329.tif,oil
0.059622153999906016,0.3817507217251224,1.3386327503974562,0.18076896933261333,33.89897104995004,4.237907842412732,0.24255085731429085,0.05434842322792201,0.5969193675770846,0.0029959392251339544,0.36117588506355197,0.9413590431213379,97259,oil_00330.tif,oil
0.05686847928268793,0.43710601469717547,1.8113948919449903,0.1069736073880562,33.203684208820846,4.191190053073928,0.24457438920444785,0.05522272496113109,0.5948560435457538,0.0030933791158422623,0.36124709624109386,0.9101895093917847,51000,oil_00331.tif,oil
0.3185808662718001,0.8565862015663643,1.4966887417218544,0.4871542225868839,31.08819200033556,4.04230976355986,0.2531881040278634,0.057182855041787314,0.6060224778613792,0.003316631590318486,0.360564665300205,0.9595295190811157,66772,oil_00332.tif,oil
0.05498866159635372,0.5303167515286908,6.777777777777778,0.20562841530054646,32.44733299607469,4.1402972621609235,0.24711887688423995,0.05578003764835959,0.6015457716691878,0.0031561740915570444,0.3614426523297491,0.9395291209220886,99974,oil_00333.tif,oil
0.05582503123069943,0.515518999756317,5.411111111111111,0.2172002940654549,32.59345285594003,4.150933293844124,0.2464624186869725,0.055626169927879596,0.6015746924847252,0.0031385642100365584,0.3618721770551039,0.934074878692627,87243,oil_00334.tif,oil
0.10839568489563013,0.6808442445322601,2.0935672514619883,0.38170146035479763,33.41909847249512,4.201060615529856,0.2443522336260113,0.055177907002208496,0.5929949793731062,0.0030881778696531708,0.360647467496901,0.9506251215934753,94416,oil_00335.tif,oil
0.1328843623646319,0.5875191950214176,3.200980392156863,0.2182798846950725,34.210450401444234,4.24853484041822,0.24284253691239033,0.05467632302271504,0.5932219914692629,0.003032403609264159,0.3605573700742076,0.9507720470428467,29808,oil_00336.tif,oil
0.036670381159421034,0.2141306567990842,7.6875,0.11452997967479675,32.48651777933669,4.134094233628158,0.2485898959656899,0.056132099631551226,0.6027459035669546,0.003196697474264988,0.35988721804511276,0.9100826978683472,23792,oil_00337.tif,oil
0.08972525465272875,0.6757102687125657,1.364448051948052,0.2382160336688891,33.523912273127735,4.25435251316363,0.23791179742905857,0.053027302021067445,0.600853034953506,0.002847589174963733,0.3641555220823491,0.9529345631599426,486125,oil_00339.tif,oil
0.11531983793910913,0.6623358415223702,1.156020942408377,0.29796883299188104,33.80845036155842,4.270814334609154,0.23748138440496513,0.052930621123164795,0.5984643148438182,0.0028373408579450343,0.36391629582250284,0.9449480772018433,302963,oil_00340.tif,oil
0.09794429453251646,0.6854868200665463,1.5658119658119658,0.24793042958981823,33.72585107269439,4.2674208955553254,0.23736372983323467,0.05301012682408455,0.5974774501639358,0.0028455074544833977,0.36436278238859227,0.9553863406181335,524354,oil_00341.tif,oil
0.1681584207696993,0.7080055998155884,2.607142857142857,0.34500821917808216,32.46727590385468,4.187627203117319,0.24118309457722992,0.053682715976902454,0.6055558023583744,0.0029180407370392003,0.3640686420488386,0.9670591354370117,440508,oil_00342.tif,oil
0.16623371054747071,0.7176430234145789,3.242320819112628,0.38709538350996947,35.465544204402924,4.384956596598663,0.23160469437310705,0.052117797100045986,0.5813847484654392,0.002749794647007065,0.3648701585897517,0.9293609261512756,105385,oil_00344.tif,oil
0.039005237147437324,0.41563759493091385,2.9494949494949494,0.26499044382177944,32.59804010800297,4.189478360356134,0.24192982444179317,0.05359867279867645,0.6051586341095202,0.0029100616754164105,0.3625624083958397,0.9071972370147705,124174,oil_00345.tif,oil
0.144518226188732,0.5745046303481814,2.3655913978494625,0.33921676441837734,31.204330955440422,4.051056866542091,0.2526281652849828,0.05704303482375759,0.604482328553585,0.0033005080457358146,0.3602935382190701,0.9106335639953613,28370,oil_00346.tif,oil
0.371701311663739,0.8380305439128969,1.7876106194690264,0.38103478489441867,31.93231768140711,4.071005451955685,0.2542493192553805,0.058030261873312505,0.5959576165384315,0.0034153888938709843,0.35974801061007955,0.906257152557373,8928,oil_00347.tif,oil
0.19874263619539573,0.7098012258692789,4.69811320754717,0.46946275668712584,33.367049183959764,4.243782403866525,0.23839332229848004,0.05364999638259317,0.5974167632048705,0.002918964614165359,0.36412315930388217,0.9209734797477722,6479,oil_00348.tif,oil
0.06888913024148409,0.48343002019681147,3.0493273542600896,0.3709410445792667,30.315570035698894,4.025238340327762,0.2510608334709551,0.0558298674286023,0.6137420751070809,0.0031594933326315536,0.36053686694912845,0.9182647466659546,56681,oil_00349.tif,oil
0.06632509262405552,0.49466323003456614,3.390134529147982,0.3671287398865874,30.73659816644407,4.052334041899201,0.24972020552263124,0.05549834385095638,0.6123277387737849,0.003122381269875651,0.36080016896478895,0.9105938673019409,59084,oil_00350.tif,oil
0.062155182121158566,0.4829581816555302,3.349442379182156,0.1447854304799706,27.370629836020658,3.800379303951398,0.2654948874863144,0.05932489828642163,0.6217338583880587,0.0035668867888509104,0.3588043208834317,0.9118860960006714,36270,oil_00351.tif,oil
0.21851492062621156,0.7899869960988296,3.232142857142857,0.2996744277821626,31.802326120931703,4.115288782727175,0.24665921417752196,0.055322827485601106,0.6004024343492821,0.0031040444194958662,0.35972980741592414,0.9392580389976501,12518,oil_00352.tif,oil
0.04190144409319903,0.4787206557084948,25.150943396226417,0.380288468343501,32.855328041969116,4.189014923893727,0.24226783981266672,0.054258396754991126,0.5995556015823023,0.0029840691522700484,0.3638059206746281,0.916864812374115,28209,oil_00353.tif,oil
0.04974874067195019,0.23404903067213623,3.895582329317269,0.0855421686746988,33.14430905994757,4.220614205167364,0.2398125511491267,0.053605376338605265,0.5974711878762602,0.0029123064276210253,0.3632101061768581,0.9557715654373169,84717,oil_00354.tif,oil
0.07333358026785278,0.3879924499429776,1.323852617970265,0.06786478112879767,32.134073354622096,4.154106609421438,0.24347294989370433,0.05386488909329002,0.6092847528437167,0.002942467103845415,0.36238426155279013,0.9446800947189331,206013,oil_00355.tif,oil
0.05837542521811861,0.6866975922597963,1.2183224271267104,0.07475379703301606,32.84138307038326,4.197345558185667,0.24251693945545272,0.053601143172822587,0.6018460604517735,0.0029149073743505996,0.36188377524321935,0.9224481582641602,240830,oil_00356.tif,oil
0.05837542521811861,0.6866975922597963,1.2183224271267104,0.07475379703301606,32.84138307038326,4.197345558185667,0.24251693945545272,0.053601143172822587,0.6018460604517735,0.0029149073743505996,0.36188377524321935,0.9224481582641602,240830,oil_00357.tif,oil
0.06244008846469109,0.3740137363484914,1.8059964726631392,0.08352128286210317,33.534146259279964,4.240473084717275,0.24009087794528883,0.05322021729956718,0.5991441508349766,0.0028729892100186733,0.36243598649591924,0.9490376710891724,194709,oil_00358.tif,oil
0.32411046605194044,0.8597925807738332,4.350515463917525,0.6318952460057654,34.95397408338559,4.350536180077757,0.23417897616372982,0.05211008546043842,0.5855804095239823,0.0027523650408552884,0.3650616681764337,0.9553895592689514,26306,oil_00361.tif,oil
0.35000478946652697,0.8356469601572182,2.7551020408163267,0.5606701940035274,31.627227204413277,4.119425458607077,0.24586618531939083,0.05500303148121915,0.6047274983971738,0.00306663961468985,0.3618936294564582,0.939088761806488,33247,oil_00362.tif,oil
0.045510528165524075,0.3017070796744141,1.3343239227340267,0.09334760752803821,34.660736037953846,4.338149863639824,0.23351805895663727,0.05241673425675734,0.5869271735767898,0.002781105232793261,0.365366103399225,0.9118592739105225,57668,oil_00363.tif,oil
0.09144686812517303,0.3872131776125557,1.6819277108433734,0.2544930438084717,34.533208819514776,4.336327527769515,0.2328077063334782,0.05222639271048596,0.588491846214559,0.002760903184648407,0.36603901716261267,0.9440852403640747,74767,oil_00364.tif,oil
0.04545669380096679,0.3152608488079265,1.1486486486486487,0.13673771811026714,29.400355813954306,3.9182362967011866,0.25930023948536424,0.05773295597437862,0.6244386948058886,0.0033842684493082557,0.35773331887515364,0.9390875101089478,71583,oil_00365.tif,oil
0.13672214066613933,0.6377424630909462,2.7094594594594597,0.3096123710992788,30.285236162913318,3.991330947570578,0.2556052602394323,0.055914579670112693,0.6236371604741225,0.003175469278510001,0.3570559521000472,0.931264340877533,73098,oil_00366.tif,oil
0.03765015994174573,0.4740506538809241,4.346153846153846,0.07575523787913169,34.21667847923861,4.2590071682815385,0.24165204644826596,0.05253979650631235,0.611572954741441,0.0028033094221789827,0.3583699102829538,0.9004450440406799,51883,oil_00368.tif,oil
0.05285368922359434,0.5912807460131544,3.264437689969605,0.07429120465492746,32.38416458811545,4.134096300635511,0.24740003725701876,0.05434166206455177,0.6161042322247032,0.0029981367338821558,0.3586664313430583,0.9183284640312195,27360,oil_00369.tif,oil
0.033162322742332766,0.5804838717607091,3.8280373831775703,0.05388023875584112,30.25006041924934,3.9927943797111602,0.25412136147832165,0.055364665377548986,0.6343164791810769,0.0031128390733119937,0.358451154590708,0.9307927489280701,61163,oil_00370.tif,oil
0.026321227959262422,0.08403149315901685,1.0153693604362914,0.04103765454573624,4.1164482611875215,1.1140650208710983,0.6020428556280053,0.18585990332021057,0.962681633186012,0.03472046371493638,0.23003189207062008,0.9351994395256042,173455,oil_00371.tif,oil
0.06373914948168766,0.36733440871618267,3.283707865168539,0.23720936938322393,10.369788204609836,2.338877634372246,0.3719951817395887,0.0935969781504578,0.7359021999060039,0.008872395237113995,0.3442354812084336,0.9264388680458069,99451,oil_00372.tif,oil
0.03254264348389867,0.4813171163961359,1.6925515055467513,0.29540085590317966,34.9483500759395,4.339764789230539,0.23498590754010368,0.05272131406171931,0.5818385205975393,0.002817227567253393,0.364169208766317,0.8907417058944702,195331,oil_00373.tif,oil
0.16152728714559345,0.47628809025354735,1.1759036144578314,0.16176673908749753,34.50784394422654,4.319171175864368,0.2347993740569685,0.05309234031610807,0.5798148883197243,0.0028554506691005075,0.36602750422975144,0.9438194632530212,33431,oil_00374.tif,oil
0.09842997244643274,0.5769821861800327,6.5636363636363635,0.37581213800050367,34.0189454473355,4.280622459848555,0.2379807272150436,0.05299047826292689,0.594255467089742,0.0028477861908218116,0.36365881458966565,0.9326674938201904,30717,oil_00375.tif,oil
0.12148473677335922,0.7771273280820589,2.156695156695157,0.14313887101205464,30.710219643629472,4.022565971671304,0.2528182707976241,0.05596580986909097,0.6203206859715455,0.0031803469357324,0.35985352529790193,0.935844898223877,38822,oil_00376.tif,oil
0.05449217813248314,0.5553964502525603,1.818867924528302,0.11728744226101934,34.35420540318088,4.303909936352314,0.23678153387440415,0.05275816598556722,0.588046837619981,0.0028224010392260464,0.3640395947111239,0.8917702436447144,60406,oil_00377.tif,oil
0.06542511724427671,0.47017966785522086,2.779296875,0.20505890943429375,32.6159011178532,4.185924095605506,0.2423559727079744,0.054044530295527624,0.5986691580271825,0.0029588743456111797,0.36324281879814624,0.9427091479301453,148782,oil_00378.tif,oil
0.15259122125159072,0.7340835882696523,2.80188679245283,0.5040062575439934,32.45707964826285,4.170885286989761,0.24413691738651333,0.05458992470908874,0.592472701720359,0.0030179403987981674,0.36081368996729496,0.9505313634872437,64288,oil_00379.tif,oil
0.09438161994759316,0.46373438370335,2.9484126984126986,0.3112515755517101,33.83860386606442,4.2595382328168725,0.23867994334586595,0.05387754572768909,0.5842793348102935,0.002940721248888553,0.36428027488003817,0.9290409684181213,58794,oil_00382.tif,oil
0.05124459011205233,0.6177939587805323,1.8188277087033748,0.4964757888821048,31.818948845571548,4.143395929626075,0.24305320126574986,0.05373085852776355,0.6168625692566078,0.002924217203545072,0.36372982671929066,0.9339354038238525,1104610,oil_00384.tif,oil
0.04250440108642733,0.4258246622640413,4.076612903225806,0.3069357032321879,34.69922320058326,4.326379353423572,0.23519493966967028,0.052482374977881385,0.5921774734535717,0.002789369022150553,0.36370204062418643,0.9200953841209412,310435,oil_00385.tif,oil
0.05653656406296688,0.5369383196150506,4.818823529411764,0.45178079044117647,32.24791974600811,4.173613369879474,0.24127597100449402,0.053672516919087615,0.6086889598833725,0.0029170581430263886,0.36476326407967036,0.9188528060913086,388970,oil_00386.tif,oil
0.10240680726677015,0.4837304011402973,1.4857142857142858,0.22842307692307692,37.161464402081336,4.499537426217794,0.2273737861978321,0.05072769472503085,0.5723395434864439,0.002612058830184548,0.3618421052631579,0.9224238395690918,42035,oil_00387.tif,oil
0.04783468547676219,0.3620169463966324,2.1559139784946235,0.23507427667390662,35.6658514478589,4.408595381853037,0.23010191873253047,0.05119028646764615,0.5875924005289872,0.0026581557918678098,0.36513645713738996,0.9243744611740112,71818,oil_00388.tif,oil
0.15430054494320025,0.5126636405499638,1.7355371900826446,0.3407669771306135,36.03501536501297,4.428595843891824,0.22956644501355056,0.0511038759365798,0.5843488567491879,0.0026490690011893,0.3651695366589739,0.9262517690658569,59743,oil_00389.tif,oil
0.08738582786267705,0.45228878022276553,6.573529411764706,0.21909132780629031,31.513117196021117,4.108620119044718,0.2466181422545616,0.05469609365685536,0.6131681064524732,0.003038195598383298,0.361036238394729,0.8769028186798096,7109,oil_00391.tif,oil
0.2760181920943308,0.6904342723004695,2.466666666666667,0.3533033033033033,12.251714837594248,2.5321396695668597,0.3545395372379675,0.07341803582829554,0.854375767566256,0.005475915023889179,0.33816137566137566,0.8311617970466614,7181,oil_00392.tif,oil
0.1475067578392954,0.5159411449654844,3.1608040201005023,0.27705698604309303,33.330429509688464,4.223477286218934,0.24089553245337395,0.05312615905802756,0.6053704420236561,0.0028650330840217985,0.3620046651658575,0.9456123113632202,35425,oil_00393.tif,oil
0.07898227112959225,0.4570547954889273,4.0524475524475525,0.14628900004223558,23.687459367255833,3.527937390860499,0.27917993811126995,0.0585826156646318,0.7119395906245675,0.0034917806092666366,0.35684970882882117,0.9448240399360657,49709,oil_00394.tif,oil
0.2905869885521287,0.893599288184081,3.0395480225988702,0.41658790666414636,31.948448469720933,4.106543658485078,0.24870030213366986,0.05434618127297806,0.6208987556599539,0.00300083989769732,0.3584139214298818,0.9136965274810791,35695,oil_00395.tif,oil
0.06889772633905274,0.6034325225336461,4.132295719844358,0.17906160463701848,31.593217588394374,4.088853743420677,0.2491909649593328,0.054831994353323726,0.6168390468343442,0.0030538710412693917,0.3583425865655831,0.9025734663009644,45034,oil_00396.tif,oil
0.24475399932229386,0.772306607515351,1.612565445026178,0.22342251988848846,33.42503397084114,4.228818480375911,0.241555870072092,0.05324665913952845,0.600209177702693,0.0028797419949650824,0.3596347961123457,0.9399272799491882,13490,oil_00398.tif,oil
0.06363917565976959,0.7687651085786256,16.09090909090909,0.3887416538263996,29.48608396891043,3.928136039951702,0.2589047342213603,0.05746583258481191,0.6266637783869131,0.0033583447980939586,0.3548955319832851,0.908700168132782,19817,oil_00399.tif,oil
0.11333241977551298,0.7327489950870925,10.71875,0.5978954081632653,28.940590020503294,3.8907927014102075,0.260469234825649,0.05832865522012015,0.6361693814249321,0.003458909257415355,0.3527631237568105,0.814766526222229,6943,oil_00400.tif,oil
0.1834901309563436,0.7693512304250559,7.78125,0.6474021084337349,28.505790683236917,3.8619735024589046,0.2615940668684025,0.05949219056242367,0.6379446242449744,0.003596890105860195,0.35530119088912016,0.839215874671936,5425,oil_00401.tif,oil
0.2004008451312418,0.7220479732353556,5.494623655913978,0.5086379226900659,31.055366232996008,4.073075565317852,0.25059503229219,0.05531422355359761,0.6075740588431983,0.00310218489411704,0.36116496100265993,0.92408287525177,24665,oil_00402.tif,oil
0.39324216002890017,0.8927998625272081,3.0543478260869565,0.6029127340244469,34.70561318175166,4.322848575867678,0.2361152011418265,0.05261448728563036,0.5897490704574124,0.0028061573013379304,0.36624944616747895,0.9584711790084839,15912,oil_00403.tif,oil
0.21292067741568882,0.7548256163559831,5.739130434782608,0.5168292984189723,31.062452105497,4.073944190590837,0.25065435763919797,0.055333895993751686,0.6073840425281269,0.0031044030568941694,0.3610670427169634,0.9440569281578064,25659,oil_00404.tif,oil
0.21421154219007335,0.749767907929444,5.67741935483871,0.5180840664711632,31.157221677654654,4.079782785232283,0.2504123486533526,0.05527036127195112,0.6068386575425185,0.0030973636091898415,0.3612203863974124,0.9454748034477234,25993,oil_00405.tif,oil
0.30078274979480835,0.6676930030225134,1.3417721518987342,0.35283317411034154,33.63338431612342,4.259646596172802,0.2381266554827154,0.05317667750767584,0.5996911077180817,0.002867596562224308,0.3648452611218569,0.9182987213134766,12123,oil_00406.tif,oil
0.25826161008256265,0.6367589351999151,1.2032085561497325,0.2853951277480689,33.78229085255083,4.273208990628313,0.23720307700132276,0.05315922084079851,0.5958261421728944,0.002865583257554481,0.36588054576669377,0.9024984240531921,12339,oil_00407.tif,oil
0.046310763517339974,0.26324064104364653,6.38974358974359,0.1388587068362349,21.792669070938793,3.3816792481125932,0.290086216159326,0.06082384502776217,0.7106860596409321,0.003765233159210093,0.34994448850118953,0.927361249923706,35044,oil_00408.tif,oil
0.035442440109381995,0.11972558319341307,1.3691176470588236,0.04916440260314652,17.593454848487436,3.028431794682228,0.314913549751757,0.06599387926565917,0.744211755756416,0.004432119283282153,0.3476109936575053,0.9521401524543762,127400,oil_00409.tif,oil
0.0533805226472591,0.17149838438326168,1.525311203319502,0.07249107138825803,18.396927426164254,3.100853278380738,0.3093353732829827,0.06453181487534626,0.7406699298264378,0.004238033922335533,0.3487839834384649,0.9638634324073792,163350,oil_00410.tif,oil
0.07718959090718727,0.38897308506325917,1.2761970853573907,0.07205795171998178,32.73914472840703,4.1675273441799,0.24526871111587226,0.05343544029700574,0.6159570956990205,0.0029011254601855087,0.3576466119152225,0.9722657203674316,193285,oil_00411.tif,oil
0.0889639499690751,0.5655834419016248,2.8652291105121295,0.2917098787188778,9.420637399568419,2.2239269507770816,0.38506409787550233,0.09810275463669853,0.7524518325542516,0.009748231114314396,0.3410093248123972,0.920814573764801,106853,oil_00412.tif,oil
0.05973208806173897,0.5417309500946663,2.8756756756756756,0.2787276468197521,9.4138853923213,2.223286921031,0.38510506689957497,0.09811173557971367,0.7527438937911106,0.009750076638649569,0.3409963436928702,0.9151625037193298,107289,oil_00413.tif,oil
0.13609421287023704,0.5999586840882095,5.816901408450704,0.3961736520819834,31.76659011095298,4.118136635454221,0.24856830370365582,0.055223098122368794,0.5938038209359503,0.003090893405012253,0.3596093243635876,0.9130296111106873,12082,oil_00414.tif,oil
0.11492664168893499,0.76260908149682,1.8653198653198653,0.1096767919872613,41.529651667008814,4.794450142926782,0.21388681420575684,0.04973463217985914,0.51226487949499,0.0025061153003879287,0.3662952870801825,0.9259721636772156,18640,oil_00415.tif,oil
0.04316580758737972,0.4567641237195849,2.436435124508519,0.048319358834531735,40.56427256826812,4.741543988613884,0.2153738914360307,0.049793234776067924,0.5243669943683864,0.0025123237844223425,0.3670887609162886,0.9355626702308655,70474,oil_00416.tif,oil
0.04240029637182825,0.4422534837072756,3.5462478184991273,0.07148366107377939,41.20700442178296,4.781479695723446,0.21355430626602395,0.04966801007424307,0.5155681606553948,0.002498614520181341,0.3678238023366314,0.9297963380813599,85404,oil_00417.tif,oil
0.06362159850694259,0.5398710812723552,3.0638297872340425,0.1276640975539152,42.046658535430346,4.828577247336868,0.212055511427389,0.049512978582889125,0.5069720456285691,0.0024822705832939066,0.3686383105019101,0.8941150307655334,43603,oil_00418.tif,oil
0.13151912517259384,0.5672509138625925,3.4295774647887325,0.2187870549787431,15.843058254713252,2.9005917528483556,0.3215280228396818,0.07763966813558892,0.6640209085323517,0.006106022255333639,0.3512100220412937,0.9151796698570251,15659,oil_00419.tif,oil
0.2589733165356832,0.8022009223772718,1.1639097744360902,0.49195882147228537,32.677600432075394,4.183818585784501,0.24282011921763524,0.05374389246677966,0.6044224859009024,0.002929919190547114,0.36168269589204505,0.9506662487983704,949188,oil_00421.tif,oil
0.04259809905494012,0.6185189971861899,1.2624179943767573,0.37960158608564,32.723530916570894,4.184498251349034,0.242405084621702,0.05396750800628977,0.6016424334578073,0.0029526750108780048,0.36190678890633515,0.937437117099762,511385,oil_00422.tif,oil
0.04007468859080438,0.5664548056182026,1.2767295597484276,0.31266889391482755,32.112640684538036,4.147756543555639,0.24394578109022635,0.05402224312545355,0.6096981652487591,0.0029590780397956025,0.36218844460079214,0.9068228602409363,309636,oil_00423.tif,oil
0.045173526502422914,0.675638812941699,1.4073806078147613,0.42183583272259195,31.996083841708803,4.134009456067703,0.24525864789730942,0.054541524729092045,0.6058261214761842,0.003015768113161151,0.3615652280742325,0.954401969909668,1045135,oil_00424.tif,oil
0.10441402657015338,0.8088859237456943,1.2919921875,0.6260182675500756,31.600570723021022,4.105281245200937,0.24702069737846388,0.054946750700510937,0.6071318549853286,0.003060881321673402,0.3612318387088885,0.9622223973274231,790710,oil_00425.tif,oil
0.07302304828239588,0.5106470784257905,1.1121387283236994,0.13903416533474336,32.8402422339889,4.19550452347271,0.24183112697962686,0.05375300441402396,0.6022149118953029,0.0029306138885939713,0.3620742476121824,0.9519436359405518,117193,oil_00426.tif,oil
0.17067574737249724,0.6618532369760127,4.864130434782608,0.4529663589992713,36.62049671602672,4.441675222754692,0.2310671441228537,0.05104708839638754,0.5958472099612938,0.002640078065554578,0.36249052791108866,0.9403436779975891,75596,oil_00427.tif,oil
0.05748784447526384,0.2165020554206699,2.1029411764705883,0.13163821472645001,18.62375821680625,3.171601284649115,0.29773492844262783,0.0556952936762492,0.815051625676668,0.0031612651354779066,0.3586639012155122,0.9362344145774841,126262,oil_00428.tif,oil
0.03170055579135698,0.13869430353161652,1.045774647887324,0.04071181296533409,13.272647275570693,2.626044669816904,0.3455879302433319,0.06120490386215729,0.8761477969310076,0.0038125288629031794,0.3487911730545877,0.9352450370788574,88370,oil_00429.tif,oil
0.044549154376660675,0.18834435942220615,3.313915857605178,0.09993963642799353,32.33417784543946,4.151699370071574,0.24449399031715974,0.054089058298118636,0.6084821366200112,0.0029693233795441316,0.36049623842592593,0.9559836387634277,128251,oil_00430.tif,oil
0.03088396647849407,0.17119877325219837,4.48,0.1179052734375,30.660602641888296,4.018687573442616,0.2528676045531588,0.05566374298099683,0.6233149220915,0.0031477725756509757,0.358278529233858,0.9433603882789612,87058,oil_00431.tif,oil
0.07279049967403144,0.5688129342325926,2.0404255319148934,0.08691456082355291,32.699031623910905,4.153156828086456,0.2469178681411316,0.055953904877101085,0.5963558866509329,0.0031756848654000483,0.3616784630940344,0.9031521677970886,39637,oil_00432.tif,oil
0.12935246907731213,0.7000723879996783,1.4741379310344827,0.17064372297282157,32.882520652118096,4.168409631164806,0.2459405206511013,0.05602957246552657,0.5932638024131213,0.0031837969235956887,0.3614868927368927,0.905004620552063,30726,oil_00433.tif,oil
0.09613507320015571,0.6463356233768626,1.6401985111662531,0.13173325625133736,32.800681311679824,4.163415389006582,0.2460304203435144,0.055988373613593184,0.5937753661563373,0.003179052903252598,0.3618947670979235,0.8955669403076172,35066,oil_00434.tif,oil
0.17123594384200025,0.7364014711575687,2.4558823529411766,0.33499911940824234,33.58193502490098,4.2258989862704865,0.24191474418907657,0.05454799425000067,0.6002627368050248,0.003018329399258479,0.36017145505097314,0.8963608145713806,15682,oil_00435.tif,oil
0.3295018558225225,0.8258880668662111,2.1025641025641026,0.5716072545340838,29.29553218800594,3.9244983462311724,0.2589514377410687,0.05823087440846746,0.6048549485365369,0.003436263766682526,0.3603951890034364,0.8474599123001099,7516,oil_00436.tif,oil
0.12388965958238231,0.49870466321243523,1.4795321637426901,0.12013729977116705,34.54753201957364,4.285404916228384,0.23986975514735226,0.054438384452798215,0.584183091082802,0.0030053564428629007,0.36337745899477875,0.8544202446937561,5505,oil_00437.tif,oil
0.042631439642443626,0.29370948556464327,3.9654088050314464,0.15886612900812472,31.292725405374405,4.051669501503847,0.25227463640473224,0.05556576981804299,0.6180430763047402,0.00313749420310525,0.3575505043760072,0.8953627347946167,65198,oil_00438.tif,oil
0.06776261585480335,0.3264672304757327,2.6853146853146854,0.1978916266025641,31.382904195932973,4.058522497918072,0.2513967318310246,0.05551027720373053,0.6170520219876705,0.003131007158117136,0.35883570169908013,0.8977646827697754,44552,oil_00439.tif,oil
0.05885293535777609,0.24683218777762192,1.365351629502573,0.11375488075023488,30.78372415955835,4.017486335538551,0.25387692173820914,0.05594856499974806,0.6195385869505483,0.0031811966254611896,0.3574082306298188,0.9002520442008972,53578,oil_00440.tif,oil
0.09873829328573153,0.46247334848146543,2.275529865125241,0.2585102269557003,35.90593949141049,4.386663077554957,0.23704888906954052,0.05108787094595236,0.6045021954220369,0.0026451344129037116,0.3589801440649541,0.9408471584320068,159077,oil_00441.tif,oil
0.1687653088746559,0.7809728643531637,2.6066666666666665,0.2650618073316283,41.998337477899184,4.748058788519529,0.22253440708567165,0.04775987043354432,0.5911822113746525,0.0023147304143345047,0.35907968373463983,0.9738134741783142,250613,oil_00442.tif,oil
0.098382703873595,0.5648609801015138,2.276243093922652,0.16863568095263637,27.86093565019155,3.827205266155027,0.26488402078206885,0.05831475614696945,0.6449594245395626,0.003449210566993776,0.35542879200531835,0.8505408763885498,13049,oil_00443.tif,oil
0.11922420229178207,0.4591909155429382,1.3080568720379147,0.2694166838381757,26.92342692811109,3.6822098459817956,0.2796760796749689,0.05954102612416438,0.6658729234890003,0.003645082833365944,0.33831311011769,0.9168863296508789,47594,oil_00444.tif,oil
0.068842301287709,0.22116283736758283,1.0933660933660934,0.142994782320625,28.748546586588702,3.8267654891866743,0.27060364958623867,0.056372932692106796,0.669907189494671,0.0032745932206501988,0.33751656027941707,0.9170694351196289,26834,oil_00445.tif,oil
0.056277554271366284,0.4069103000758664,1.197674418604651,0.1778653477082863,27.232122262903736,3.703177425227104,0.2788889809818632,0.05818765184722354,0.6760568623751396,0.0034881401615257965,0.3356219904662811,0.9007619619369507,26219,oil_00446.tif,oil
0.052417714815511364,0.496486285836325,1.0221285563751317,0.29168468165078815,26.455255737016444,3.6625933276216314,0.28168213915793916,0.057968718303759256,0.6842144770604176,0.003460722065017828,0.3345985699693565,0.912867546081543,250540,oil_00447.tif,oil
0.11812007125687347,0.3776202134683099,1.9038461538461537,0.2133216783216783,29.338128608661908,3.8656738082581663,0.26884810694938815,0.05591816975527486,0.660437350350414,0.0032210840204435,0.33660426929392445,0.9282806515693665,27885,oil_00448.tif,oil
0.07749750059469407,0.42727255553366567,3.5778364116094985,0.30806500572069023,27.34276524202744,3.723371675678024,0.2776212763549092,0.05758144995802865,0.6764002034899151,0.0034141718510499715,0.33535494660189036,0.9463672637939453,159343,oil_00449.tif,oil
0.10336724582962177,0.6815798837623058,3.152542372881356,0.1454549136342466,33.34180840826157,4.227533852382195,0.24066772205675113,0.052718625397141824,0.6084398850040542,0.002822437207246514,0.3604784909132735,0.8959150910377502,14947,oil_00450.tif,oil
0.11032219632916081,0.4611102392008789,2.65,0.2355990566037736,31.943421313683384,4.119100131073379,0.24723163034252404,0.054869515402900595,0.6043048294049658,0.0030544490959622103,0.36075310559006213,0.8851677775382996,25702,oil_00451.tif,oil
0.2568624591446705,0.7900692682257733,1.472,0.25043478260869567,37.551720870778276,4.5461382713775205,0.22419892111614143,0.05091071299260841,0.5582243082828703,0.00262716025275285,0.36762134458848356,0.8677824139595032,5985,oil_00452.tif,oil
0.14003713287910163,0.6360257183041993,1.6805194805194805,0.19062004456131196,37.61481270426954,4.556203971879013,0.22192190207087753,0.05093238764986041,0.5571183862940277,0.0026256408691269625,0.3685800604229607,0.9164882898330688,47290,oil_00453.tif,oil
0.07661560757700125,0.585150919897898,1.633863965267728,0.10328736289302291,37.87635536717637,4.57069485750326,0.22166236585390534,0.05063100783568323,0.5568754351508174,0.002595208957843422,0.3676132875559901,0.9054949879646301,79105,oil_00454.tif,oil
0.11917956953907453,0.622566781831971,1.7647058823529411,0.11317401960784314,41.79368991795529,4.807893990728996,0.21232730878093642,0.049181091216432576,0.5265207074556594,0.0024474288590309837,0.36927710843373496,0.8128546476364136,3959,oil_00455.tif,oil
0.058023950921720774,0.363204625232294,3.81203007518797,0.1891229553172873,30.209907047814244,3.9454087063678847,0.2616654925874891,0.05855722232949869,0.608867509403847,0.003481844935367828,0.35815078927323823,0.8893572688102722,52420,oil_00456.tif,oil
0.06512945421141858,0.41550504863018783,2.5794392523364484,0.1684481616927777,30.5884420141902,3.9562249994798933,0.2607583309094006,0.05874374890567026,0.6057042892971807,0.003504142377915367,0.35942926968567995,0.8522157073020935,45939,oil_00457.tif,oil
0.07018193266343752,0.6623330365093499,1.3111111111111111,0.056030131826742,36.840375559870395,4.486646086684649,0.2268928861687283,0.0515702845089579,0.5614323815665586,0.0026924983282074263,0.3664193061840121,0.809322714805603,4046,oil_00458.tif,oil
0.08141995982268684,0.3815560877118843,5.666666666666667,0.18945699564011098,34.44120582129503,4.315072199910345,0.235555236526577,0.05334394358564551,0.5816877827425351,0.0028822968615850285,0.3689594875063326,0.9015931487083435,8636,oil_00459.tif,oil
0.1367610174272224,0.6069089910990864,3.4563106796116503,0.2110559616013963,36.455707334229785,4.460388781963605,0.22802851493545948,0.0515201228956966,0.5730567458498947,0.002688397072826838,0.36666796524991235,0.9197468161582947,8114,oil_00460.tif,oil
0.09780093868062985,0.7428615527087513,15.545454545454545,0.5686100773820072,37.67965376350698,4.547165718470516,0.22367531567332788,0.05195719716856469,0.5497823052151373,0.002733699144532936,0.3688071188071188,0.9076718688011169,10152,oil_00461.tif,oil
0.037224225958060304,0.560719762315507,27.675675675675677,0.3860424144847973,35.602804628602684,4.413095999070238,0.22950693631963656,0.051176283160303926,0.5869533250797261,0.00265685965856946,0.36429537259615385,0.9410643577575684,60595,oil_00462.tif,oil
0.05358457316687249,0.6537933052019432,24.615384615384617,0.4924579326923077,36.00927888989679,4.4374969656692524,0.22864783908039063,0.0514766678425117,0.5764863037665743,0.002687671460000367,0.3648100296679108,0.9545388221740723,75694,oil_00463.tif,oil
0.04312078604716098,0.33846357629107265,1.249795918367347,0.16281235420360177,36.41219300347588,4.45183373454325,0.22962861519847005,0.05093898747659292,0.5812260481910254,0.0026348475907132175,0.3623910507872418,0.9470201730728149,301768,oil_00464.tif,oil
0.0412763875315271,0.24566166960850502,3.41522491349481,0.13234943539368188,34.10545960200882,4.306326368233816,0.2358936952486459,0.05173425077269409,0.6045347891124102,0.002719729115617834,0.36204139213040143,0.9348054528236389,146871,oil_00465.tif,oil
0.12082222508387257,0.5133188877185982,1.83419689119171,0.2024073504873979,37.002190521603204,4.503475423505316,0.22541933893210592,0.051076875932553396,0.5647557141657156,0.0026446806798255387,0.3649058005003127,0.9212591052055359,51095,oil_00466.tif,oil
0.16674144660916015,0.5492735066525636,3.88,0.4068701030927835,37.08310436382412,4.497276654362848,0.22688892663615212,0.05093536836926769,0.5707649942047192,0.002630645194240744,0.3634826182273724,0.945585310459137,25267,oil_00467.tif,oil
0.07281936385585978,0.6409194051292098,1.8956228956228955,0.14674871868477551,31.014009565073028,4.0883795419951365,0.24575818313557957,0.05453848495053021,0.6212167955941994,0.003013565400283311,0.36378343758317805,0.9118785858154297,98833,oil_00468.tif,oil
0.19261190281908414,0.7959084959881637,2.807142857142857,0.2542075608869502,31.046287626302515,4.08377946634097,0.24629976946347956,0.05588919778121099,0.6022202919388615,0.003163223080914601,0.36408010012515646,0.9115146994590759,14409,oil_00469.tif,oil
0.08728981805022344,0.5551053619169393,1.4313725490196079,0.28059528605962936,31.439606376179434,4.087574361252586,0.24845337873940523,0.056349728745293065,0.5995371833619344,0.003218175827115698,0.3634867547911026,0.8413519263267517,17354,oil_00470.tif,oil
0.31530473098268474,0.7771175228058773,1.16,0.36076508620689657,31.496324127356274,4.080500955706017,0.2496397235359294,0.05689287196773075,0.6012933228382356,0.003281146972927332,0.3618652505808165,0.8714499473571777,16336,oil_00471.tif,oil
0.46107499723067713,0.8306758563933752,1.8253968253968254,0.5572808833678399,34.71446416177315,4.275602854739502,0.24193357269113175,0.055082325822936866,0.5888832453784963,0.0030763025494226176,0.3599555061179088,0.9205647706985474,4188,oil_00472.tif,oil
0.2310860421432508,0.6820767743717205,1.2675438596491229,0.28111910398834455,30.160032573508527,3.98224267427295,0.25634107643135584,0.05797090171665763,0.6094276910561247,0.0034082369630848482,0.3606230711282836,0.8918104767799377,18189,oil_00473.tif,oil
0.2285983714157624,0.6721248770536592,1.2555066079295154,0.28519205502743644,30.363275366544123,3.9964442184464426,0.25520590529607445,0.05784865604684085,0.6083127995670436,0.0033937397895377037,0.3612006670372429,0.9032472372055054,18803,oil_00474.tif,oil
0.11175299621799314,0.5744971985620365,3.5513513513513515,0.2918877781891481,30.938868698882676,4.041785861327241,0.2532156961091283,0.05528123334149612,0.6228186506704194,0.003102311410233617,0.3571307674080092,0.9126592874526978,35758,oil_00475.tif,oil
0.04238797500572164,0.5029781707515051,1.861626248216833,0.12023163406409017,31.453523001495178,4.067844765487541,0.2512129111898223,0.05512277119388266,0.6231369845410855,0.0030856961159558185,0.3577146291920574,0.9298032522201538,107501,oil_00476.tif,oil
0.03919437693879229,0.32792699814490633,3.7928994082840237,0.17378656684728927,28.59791835590395,3.878411392368609,0.2601426274264128,0.05739204417562329,0.6414800467283568,0.0033440733892065528,0.3603529046964567,0.9278160929679871,77461,oil_00477.tif,oil
0.10861853369525466,0.646161110991865,5.118518518518519,0.3227099748083829,32.13220459204034,4.11964586137242,0.2482219852366263,0.05521934980397673,0.6062755253096948,0.0030937600040365993,0.36202249120096147,0.9398437738418579,30682,oil_00478.tif,oil
0.09163448770200101,0.5989725154169906,7.224043715846994,0.3932504154162843,32.91431924151914,4.177986882455304,0.2444701742294534,0.0540308640907138,0.6081953520418547,0.0029635336198869256,0.36167597299774984,0.954170823097229,96266,oil_00479.tif,oil
0.08320684657248283,0.5818388329086976,7.129032258064516,0.38009455229569084,32.84896929199833,4.173807990000184,0.2446249766270206,0.054087247476419034,0.6082675568504117,0.0029696369980587133,0.36132961870424996,0.9583954811096191,95419,oil_00480.tif,oil
0.06921802036569699,0.3554603346522834,2.076923076923077,0.18949240546873683,31.626389007645084,4.087773586408792,0.25038853892884133,0.054889973638267704,0.618445187195093,0.0030584784769963087,0.3577378831076265,0.9002662897109985,46043,oil_00481.tif,oil
0.22365760089410502,0.6295199030174203,1.5300261096605745,0.4222524706154929,33.0573848272793,4.191050537089935,0.24409612351861398,0.05333256381213707,0.6193816171333835,0.0028875946446923757,0.3596702933870004,0.9559150338172913,95359,oil_00484.tif,oil
0.1446123961208757,0.5738524829502254,1.2746781115879828,0.35854792560801146,32.546968261778716,4.157126086687612,0.24572087091558686,0.053788907508851035,0.6213648627028061,0.0029371273870587417,0.3595527036807279,0.9501594305038452,100033,oil_00485.tif,oil
0.0643192294167314,0.3561709807735468,1.021215043394407,0.10404686650585558,23.68849859343431,3.533392426028116,0.2784568285692582,0.05782403517662457,0.7210145401416777,0.0034005492551084076,0.35801484212492135,0.9357299208641052,113834,oil_00486.tif,oil
0.11917143682275003,0.5458509366521423,1.1299212598425197,0.1381458415259068,24.88213676123543,3.6214836782619315,0.2735641206080276,0.05754731893962851,0.7036046978222681,0.003367076989314895,0.3578579747244131,0.9408658742904663,90038,oil_00487.tif,oil
0.06928593903224295,0.3521641367518912,1.0222437137330755,0.11213261868468294,23.683984902206102,3.5329274990558934,0.27849703632038975,0.05783239065719692,0.7210916876203557,0.0034015411198427565,0.3580965408000221,0.9270285367965698,121865,oil_00488.tif,oil
0.11174996142910172,0.5188444098445737,1.234006734006734,0.17449965778751592,25.2581564682555,3.651268002769193,0.2718429725901029,0.05676752869494071,0.7002093843648982,0.0032769547735031785,0.3579485085570278,0.9335922598838806,74600,oil_00489.tif,oil
0.15700981854056936,0.5203096151114899,2.908108108108108,0.2208479855320004,31.609532470378966,4.080232258742896,0.2500975552726075,0.05530819282087561,0.6169042293803837,0.003107980567271972,0.35832457210143404,0.9519270062446594,22564,oil_00490.tif,oil
0.036561554041755276,0.22350842054782927,5.942492012779553,0.13609450685355046,29.618566648338906,3.9422880487327068,0.25755831818702,0.05593469261634534,0.6426155954458133,0.0031812966652709092,0.35613760932944605,0.9414364099502563,81181,oil_00491.tif,oil
0.042306786377972354,0.21239097631802337,4.697749196141479,0.13738772941054778,29.77907148314912,3.9522728307252764,0.2571257259820334,0.055909828518297594,0.640800316725413,0.0031783684595381597,0.35624140698884993,0.9348083138465881,63934,oil_00492.tif,oil
0.15401221952915542,0.536589738380084,1.2692307692307692,0.32300929523151745,30.85756065764214,4.008950742479938,0.25570311230741793,0.05618905827592321,0.6267151852680114,0.0032093735371909182,0.3555506429387274,0.9323422908782959,22638,oil_00493.tif,oil
0.20840461882131622,0.8666208881041135,4.5813953488372094,0.39108428756935426,31.30495452603597,4.06858226456527,0.24980001268358748,0.055971539551738475,0.6084177960514667,0.003181700013554615,0.35911811820251244,0.9501896500587463,13669,oil_00494.tif,oil
0.06939995197849237,0.5556006232394465,3.541832669322709,0.11126472736724642,31.906508770030477,4.107293712475,0.24859918521052182,0.05471023258466832,0.6136156925722176,0.0030411360257215,0.3589736925277796,0.9477057456970215,100645,oil_00495.tif,oil
0.06986382520989468,0.2783162639539974,1.5905882352941176,0.1588440267625788,32.36566783969816,4.135299351745891,0.24746765178215432,0.053970188430376875,0.6217621897351905,0.0029575148508436625,0.35819047565465106,0.9730501174926758,414199,oil_00496.tif,oil
0.05232296082220888,0.21185784254533352,1.2549212598425197,0.11106067623899954,32.410072014940994,4.137461443235541,0.24723657012189842,0.05414818013878218,0.6187208561300489,0.0029767605920024416,0.358532986982099,0.9581196904182434,146409,oil_00497.tif,oil
0.22195890385447709,0.7373049808185861,2.5630550621669625,0.37165331747924996,32.024960589646476,4.110353610491281,0.24892012485054474,0.05389457339432335,0.6305595502495225,0.002950114242380503,0.35862265988429254,0.9787688851356506,303502,oil_00498.tif,oil
0.2913533399771707,0.8148575616011725,2.0201342281879193,0.4958750473812125,32.950491627644,4.1929354272264385,0.24288319370563033,0.05328102804624445,0.6089838123219063,0.0028797287869633385,0.3636854630457898,0.9180353283882141,22535,oil_00499.tif,oil
0.05739437319478267,0.262767386832499,1.0985915492957747,0.05542263552826933,32.718711069716434,4.167615472802069,0.24510047899066761,0.05405323312248751,0.6094500391999249,0.0029646947135205702,0.35836768125132107,0.8761179447174072,11700,oil_00500.tif,oil
0.19464229497971447,0.786257944342512,1.9892008639308856,0.2642985955260387,22.880703820232917,3.448819116367906,0.2859533712070629,0.059543932823687654,0.7223848712512366,0.0036076727497620213,0.3560381620286535,0.9692795872688293,113816,oil_00501.tif,oil
0.1754429825215355,0.5078512734795975,1.043338683788122,0.2682318804790715,10.117286204071762,1.478585760116155,0.5625032158554752,0.17908431036838085,0.9134735148192632,0.032279660431402755,0.2480024322133141,0.9464976787567139,109754,oil_00502.tif,oil
0.1579179598550398,0.4634914896326759,1.8181818181818181,0.2848939393939394,9.564031795730846,1.533466656385551,0.5319840405949376,0.16311406111760626,0.8199873802765558,0.026900062690309735,0.2668691051299747,0.9528070092201233,57339,oil_00503.tif,oil
0.18392624657827228,0.8014286745075402,4.833333333333333,0.3777120315581854,19.19751147996488,3.152887717133993,0.3048490397777556,0.06600803800001796,0.7347776723781867,0.004428605309112984,0.35244335244335245,0.9380102753639221,11498,oil_00504.tif,oil
0.28867134952266277,0.8248851369018714,2.0273972602739727,0.5109912995186968,33.06355341675888,4.197568239295373,0.24291007943582732,0.05321142405267709,0.6094127396475871,0.002872539192622773,0.3630612102621305,0.9331728219985962,22365,oil_00505.tif,oil
0.33234737036117845,0.8472060535506403,1.336,0.27889820359281436,38.76600887602497,4.459456501510765,0.2426475897583716,0.05307666768135736,0.6248630796450281,0.0028675638424068227,0.3502865564106763,0.9327505230903625,6017,oil_00506.tif,oil
0.08741898061260023,0.43399795038731653,1.9838709677419355,0.11559875720547858,34.387577333564145,4.231377135675463,0.24689216559922145,0.053873878954947954,0.6238642168416199,0.002950405266838466,0.3544645364290632,0.9632949829101562,172998,oil_00507.tif,oil
0.09703586676962223,0.534994517830105,2.5388429752066117,0.17642475895316803,34.19091711407191,4.220603701124626,0.24725213456127737,0.0538945955662036,0.6245196311071033,0.0029527301543874167,0.3546018063022586,0.9626868963241577,163559,oil_00508.tif,oil
0.15032205593291878,0.5918539325842697,1.708955223880597,0.3604819787525256,37.30736217918633,4.407034392242401,0.24089660764428955,0.05186596995823582,0.6263410933404098,0.002737388391673626,0.35459085942931734,0.9463000297546387,44255,oil_00509.tif,oil
0.1776065135649622,0.7222430901180079,1.464406779661017,0.3621076585059636,41.966701937438124,4.663838718431695,0.23544209074516498,0.05023247586658938,0.6274226056071048,0.0025767539470700714,0.34962370962370964,0.9531584978103638,46420,oil_00511.tif,oil
0.16453845395692684,0.720696183869516,1.469387755102041,0.36564232174351224,41.9287377332139,4.661778212348263,0.2354843499380122,0.05024680143179576,0.6277137351402371,0.0025781870822880197,0.3495670995670996,0.9478772282600403,46632,oil_00512.tif,oil
0.12552197240242413,0.6558846180774347,1.236,0.12126860841423948,34.05802777973188,4.261204454914579,0.24009908603813587,0.05285226430139288,0.6041739029360844,0.002834019416312024,0.3590939153439153,0.9033928513526917,9777,oil_00513.tif,oil
0.20598083444403215,0.7787959293948127,1.0546075085324231,0.19103239559517105,33.34022009114787,4.209356422981614,0.24285632246273758,0.053531845710768036,0.6075680487220063,0.002907142589665036,0.3592518516489036,0.9485031366348267,17708,oil_00514.tif,oil
0.2353159628970839,0.7702083125685238,1.349726775956284,0.2136982588880777,33.15168406204266,4.188170308558609,0.24467139974707156,0.05371034420711711,0.6166370945968139,0.0029286349581710393,0.35793044953350295,0.9617516994476318,39227,oil_00515.tif,oil
0.06706832788926795,0.5425376864119423,1.499437570303712,0.07648832905639233,31.34465841912827,4.068345617150434,0.25065747903533736,0.05490648181458383,0.6237817112901063,0.003061055970043582,0.358446491569116,0.9345795512199402,91905,oil_00516.tif,oil
0.06312576728007213,0.5313185572603718,1.6442687747035574,0.08322353974527888,30.708129558637403,4.02393539169282,0.2529033662677902,0.055421778254330895,0.6280490843926381,0.0031191265395616678,0.3579683835637883,0.9337668418884277,80141,oil_00517.tif,oil
0.07361705304562195,0.5233627689933494,1.4963144963144963,0.08619882757813792,31.809319665904873,4.0991857405208085,0.24921905884993034,0.0546550413166231,0.6201567221001714,0.0030329405375349623,0.35853004968903995,0.9345865845680237,86309,oil_00518.tif,oil
0.11700044510057603,0.6992419120330758,1.1670020120724347,0.20270762506070908,32.01838732874782,4.12523039749402,0.24631377343666477,0.05462700552599885,0.6082711028412618,0.003028038449680012,0.360257566802501,0.9249666333198547,56405,oil_00519.tif,oil
0.20533906983772293,0.8026848497762625,1.2990353697749195,0.1948799783515329,32.237948620698674,4.143939492883527,0.24585747253855877,0.0547734056369823,0.6028402932050871,0.003045177616799891,0.36210927470032567,0.9466068148612976,24981,oil_00520.tif,oil
0.09382436693238964,0.5898817920902856,1.9096045197740112,0.1266819610202922,27.92347359724102,3.8042287485075397,0.26812784117288346,0.05940958978091555,0.6244629567883828,0.003584871840145827,0.35485643885741264,0.9232137203216553,30867,oil_00521.tif,oil
0.10893993191117317,0.5479701422656178,1.2838773491592483,0.17123696350925643,32.44391528447137,4.136952957535503,0.2479323127550666,0.053950324566888586,0.6239974710129675,0.0029559767020641897,0.357347971551755,0.9577153921127319,225376,oil_00522.tif,oil
0.11910032315989114,0.5625222465833735,1.4905897114178168,0.19862257032896932,27.693411213181438,3.8027516696103785,0.2655472799132283,0.05725663171082745,0.6580466725609189,0.0033313358976551338,0.3563003411012698,0.9471074342727661,177499,oil_00523.tif,oil
0.05326346310704236,0.48029948935750993,1.3596574690770695,0.26293862554839637,26.93989652370781,3.7644848564641187,0.26581756973455295,0.05821288906280468,0.6597228287107708,0.0034412692626949568,0.3588349020076606,0.9414159655570984,390980,oil_00524.tif,oil
0.0943258911384245,0.807553967517702,1.088355763604447,0.47047257718467067,31.34196061255504,4.061213730073874,0.25163753252505117,0.0546295824000034,0.6311604492580681,0.0030313727108628053,0.35740510440835266,0.9584590792655945,1474504,oil_00525.tif,oil
0.15324030161929683,0.8121846180525304,1.2352941176470589,0.4851119825708061,24.65134729094902,3.585217565577218,0.2772583677951832,0.0589779180785444,0.6986703499521396,0.00353657172552555,0.3562439666520404,0.9628110527992249,954749,oil_00526.tif,oil
0.08566519963312895,0.42878687584875014,1.9363295880149813,0.22759509993552546,30.596103100624997,4.013427210942466,0.25377363454563007,0.0566913606960255,0.6109661254522831,0.003260366999345947,0.35936451658572316,0.9030978083610535,32209,oil_00527.tif,oil
0.04416629649601365,0.23742847726633734,2.661764705882353,0.1438935380782147,31.3765914808226,4.0618438128616905,0.25114501822305363,0.056087051039437175,0.6087393373791901,0.003193306467986423,0.3591041881474935,0.9178726077079773,64748,oil_00528.tif,oil
0.07133896039304397,0.376981093982089,3.2490421455938696,0.11810977372948746,29.097394504874252,3.9293434339355855,0.2569486963126689,0.05493834605341984,0.6527818132475807,0.0030756595612074413,0.35487166240048845,0.9117661118507385,27077,oil_00530.tif,oil
0.06972078016300233,0.3734504028450302,3.2150943396226417,0.12348525112941802,29.176192604605376,3.935818229611352,0.25656753118934145,0.0548087429550284,0.6530207122335239,0.0030613254948767903,0.3549828971136477,0.913733184337616,28870,oil_00531.tif,oil
0.04867838014475342,0.19329302173557772,1.1173285198555956,0.12933839953809276,31.28571547864836,4.06802375553714,0.25073064253135235,0.053966388780667396,0.630364811144973,0.002967484664820375,0.35488151299416976,0.9135746955871582,45837,oil_00532.tif,oil
0.02445751776831128,0.14737705648388688,1.4376083188908146,0.050108488649172674,31.310493730981836,4.073481765077078,0.25014644654414975,0.05375747646897385,0.6316375697608354,0.0029445212345530864,0.3544091938297089,0.9173714518547058,98985,oil_00533.tif,oil
0.04141031871848195,0.21671980992634468,1.6245006657789614,0.06665265984152279,31.76240208676751,4.108485224596313,0.24809017865875588,0.05331230270250259,0.6298717493672352,0.0028956716197736246,0.35444747987372155,0.9209821224212646,62944,oil_00534.tif,oil
0.051765118160255724,0.32323314241302986,2.9096989966555182,0.18386191519624803,30.131778379779462,3.989076608912497,0.2547381963752684,0.0553379735812361,0.6312769463015337,0.003119698722914372,0.35412360688956435,0.9160599708557129,49006,oil_00535.tif,oil
0.11160497061816739,0.33936805792222785,1.3322683706070289,0.18692011247232246,32.623220113284845,4.157858941526651,0.24663999139492632,0.053436772973395635,0.6150764425694739,0.00290951974476394,0.3535592808551992,0.9148298501968384,25107,oil_00536.tif,oil
0.08322734427854855,0.4509679642175471,1.183457711442786,0.21472789102307693,28.317604604239538,3.8147487309196295,0.2692485457608489,0.05690753995343186,0.6572735803526166,0.003322184678561498,0.34234935036797426,0.9396728277206421,607328,oil_00537.tif,oil
0.04919161820369666,0.2752297820492335,1.079219288174512,0.10177193003884016,28.570969299470782,3.843196862536625,0.26663665664198727,0.056399802714382545,0.6558086847761022,0.0032618921676142035,0.3436901790978993,0.9483581781387329,336785,oil_00538.tif,oil
0.10163864651386517,0.6511136629544568,2.367088607594937,0.19070792154606375,29.092365764131863,3.8803097614045803,0.26460209317130434,0.05620293355597136,0.6499180248806752,0.0032386777548628516,0.34411984811108953,0.9541792273521423,180661,oil_00539.tif,oil
0.35349455868431984,0.8769557616128533,1.1155963302752294,0.4783558667310478,28.69506510131931,3.8544079143150927,0.2658527216812338,0.05678614076055355,0.6466314338148015,0.003305468273936128,0.34429757833763697,0.9093818068504333,120642,oil_00540.tif,oil
0.26807293744222055,0.8688468900165963,1.6235955056179776,0.3526908945997434,28.802997398928273,3.8650324658938193,0.26490902781334297,0.05605144337690253,0.6546557157926559,0.003221083851844733,0.34467711803929946,0.911085307598114,204818,oil_00541.tif,oil
0.09719168096406204,0.6074033275676947,1.2829268292682927,0.4551145321339145,29.38304071867623,3.815459812012296,0.2748214626807371,0.05948117733262086,0.6186139036588139,0.0036261951191774878,0.3409384977314737,0.9035545587539673,92186,oil_00542.tif,oil
0.15606654448589616,0.5702313177922934,1.680327868852459,0.4227397929717002,5.138059809132381,1.1921858909914782,0.5825948496042316,0.1888463566627568,0.8716419720529788,0.03625520726958873,0.21325659697752722,0.9074808955192566,87971,oil_00543.tif,oil
0.18314128899306023,0.7171272476528935,1.4403973509933774,0.5145771485118368,6.695879976689486,1.2243383297213617,0.5942814027641633,0.19635085114875123,0.8736706982269071,0.03918800463827845,0.19897590361445783,0.8907290101051331,61082,oil_00544.tif,oil
0.1898015778833276,0.7769813829787234,1.993127147766323,0.5192765730536794,33.99484759307278,4.21132749081056,0.24738883932659406,0.05390180156280075,0.6274797456580008,0.002951816786533912,0.3581839538327971,0.9464221596717834,88160,oil_00545.tif,oil
0.1418685232663377,0.7143476530715274,5.685314685314685,0.5172674803671113,30.742033067634054,4.0050809834272725,0.2553551407314697,0.05711601338481426,0.6243363757646277,0.0033103799221187425,0.3585872091827289,0.926281213760376,60970,oil_00546.tif,oil
0.04525552240065668,0.4116188246471227,1.1749819233550254,0.26989776962011236,34.01976440258517,4.158970351597802,0.25795466501462616,0.05227432629535797,0.665670901854307,0.002807063133064078,0.3383976583430083,0.9584492444992065,605618,oil_00548.tif,oil
0.11678616334253979,0.44278577063220764,1.1049935979513443,0.262329692894542,31.697337245544386,4.015784434686365,0.2648037625071541,0.05364321937329543,0.6731879902635545,0.002953849965861146,0.336873336447073,0.9610795378684998,176236,oil_00549.tif,oil
0.09746467994482531,0.6364292673486367,2.78125,0.46006929204705055,35.845464397717976,4.276626846377269,0.2524019426105185,0.05123403272273618,0.6604359875733048,0.002697522981273264,0.3385700377679581,0.957069993019104,334640,oil_00550.tif,oil
0.1145374350835305,0.5160491655755356,1.6810506566604129,0.2902898121314661,33.553556327448156,4.2212901702323595,0.24316133885246766,0.052633182725547734,0.6168306944001145,0.002812369510174201,0.35833932517096934,0.9737116694450378,545294,oil_00551.tif,oil
0.05024083357455145,0.36236932897736945,1.5635359116022098,0.25147524210863503,33.93895146770414,4.251984953320893,0.2409618398262417,0.0524898626358082,0.6122491220379315,0.002796007653836057,0.35950428227310444,0.9669855833053589,631251,oil_00552.tif,oil
0.1522301813409534,0.7008336838713719,3.5892018779342725,0.48088289931435135,34.101878674143975,4.257293812629498,0.24114092341817212,0.05222879100152711,0.6150359421866882,0.0027688240964008006,0.35915929411488257,0.9792418479919434,314443,oil_00553.tif,oil
0.22354656772422885,0.5228998346836818,2.4035433070866143,0.3707300715174731,34.564138021610205,4.288803720652648,0.24006690268791073,0.051988562593013515,0.611473784462508,0.002743624232134203,0.3586060628561882,0.9802027940750122,229275,oil_00554.tif,oil
0.12435030223049191,0.5531364123021868,1.1695760598503742,0.35093702311385716,34.53651524285645,4.293311391936772,0.23868275387754864,0.05221960109001594,0.6066776936298794,0.0027666265868156407,0.36011384521725504,0.9720159769058228,266222,oil_00555.tif,oil
0.13518995875599532,0.3765607051890326,1.3980099502487562,0.13349400683415663,31.68797226461051,4.116530105381841,0.24590063214283128,0.053646759997436747,0.6248684411294992,0.0029212457930485264,0.3612987987987988,0.922721803188324,30879,oil_00556.tif,oil
0.17285142216345037,0.5488246398924203,2.300469483568075,0.20333908211171792,31.973822678488915,4.141774802571062,0.24407811926881057,0.05309882784953971,0.6276599486347781,0.0028614803730928028,0.36239878542510123,0.9281488060951233,21764,oil_00557.tif,oil
0.1352859397713422,0.37670075477838555,1.4039900249376558,0.13330350854657316,31.72960451873905,4.11915244333669,0.2457721344063214,0.05363664330181872,0.6243817708329802,0.0029201257423713254,0.36117816912705464,0.9205182790756226,30816,oil_00558.tif,oil
0.01451651530494433,0.3164950562761811,1.825130890052356,0.196560662996038,35.295452264469425,4.307445485395915,0.24207933046863214,0.0528583506100555,0.6132138153182141,0.0028375692201264772,0.357293411322116,0.939538300037384,328718,oil_00559.tif,oil
0.039822737663750184,0.36304254499077154,1.43687707641196,0.22248478098054655,34.124859420701185,4.228598842125601,0.2466275380901535,0.053672716742067264,0.6184194506070136,0.002925240336407464,0.35701416858457996,0.9325549006462097,117163,oil_00560.tif,oil
0.0325788802146543,0.3559866111453441,1.058676654182272,0.2598358773231574,35.86738104236686,4.345481409176855,0.2399413593164516,0.05252868180479493,0.6114238100789375,0.00280240634623225,0.35771864581198154,0.9473724365234375,175286,oil_00561.tif,oil
0.04535175678919441,0.38771564368640327,2.660421545667447,0.26974449153940033,36.136424688653626,4.364517890577604,0.2389472086680485,0.05240031436490564,0.6079680179530628,0.0027882387797354656,0.35824220174941596,0.9519357681274414,129970,oil_00562.tif,oil
0.04980274518257292,0.38626072669497497,2.47244094488189,0.24825857755041766,33.38127163651898,4.180816958685767,0.2494716074349693,0.05405601191505899,0.6230915192948868,0.0029673149966865974,0.35610736999625886,0.9358805418014526,90240,oil_00563.tif,oil
0.13498502793242245,0.710337211472656,1.768987341772152,0.12926847218133647,31.332799571295926,4.0818549511849795,0.2485523219942397,0.055008236122379164,0.6175013865293923,0.003070440042020788,0.35912735409285845,0.934515118598938,23445,oil_00564.tif,oil
0.20575332534479013,0.8470368708222122,2.1968911917098444,0.21911354971160427,30.26145578904105,4.00608252627732,0.2525881902396924,0.05605270100365451,0.627286159146317,0.003188600359804775,0.3584484073195527,0.9431754946708679,18367,oil_00565.tif,oil
0.21345206126943075,0.738846427301813,1.3631284916201116,0.190344811795952,31.47807948389084,4.083466477220279,0.24872582824327016,0.054493515441314984,0.6227438928803704,0.0030131905639345473,0.36040346566662357,0.898974597454071,8609,oil_00566.tif,oil
0.3218439463045348,0.8732150861240955,1.3037037037037038,0.28697390572390574,30.81126640799257,4.052809917473208,0.24950758076710236,0.05511398174280317,0.6302437880188858,0.003082755741219998,0.35808345232429,0.9326834678649902,7040,oil_00567.tif,oil
0.1421336194949715,0.7327462783071879,1.7602523659305993,0.13454145607905657,31.33405831559658,4.081745623438657,0.24851186613991275,0.054992545693039685,0.6177800966557686,0.0030687528539219315,0.35927973494873455,0.9281890988349915,24409,oil_00568.tif,oil
0.14518745077198691,0.7194880408756068,2.4474431818181817,0.3626623258850842,26.48181043483068,3.6664414570159063,0.27999205049930276,0.05789830101673201,0.6833698049356293,0.003453731819788174,0.3359115008758827,0.9767301678657532,442169,oil_00569.tif,oil
0.3317365039956503,0.9048217082704221,2.608695652173913,0.4741348713398403,26.836769663710463,3.6816325039088467,0.27969354590277934,0.058716322448017666,0.6797267509731408,0.003548991378871112,0.33882168863212375,0.9676047563552856,32556,oil_00570.tif,oil
0.05568454333377329,0.2759702569034208,1.8888888888888888,0.18010054959340846,24.825359992478507,3.5193799063466056,0.2924363494354607,0.06120404838576319,0.6883700601125081,0.0038580714214518632,0.3318737120989108,0.9292848706245422,81298,oil_00571.tif,oil
0.1448042635986306,0.7010711793087404,3.77720207253886,0.4926188902393086,27.32165581414194,3.7042273913690758,0.2794680501794394,0.059055342564536366,0.6686856461665884,0.003591879869132336,0.3354189191584395,0.9475538730621338,69827,oil_00572.tif,oil
0.09711321774891915,0.5143857623442385,1.982233502538071,0.30982015767888366,26.910735551045324,3.6738211940813104,0.2821663220426812,0.058868314065229646,0.6810130398088134,0.0035714115596532144,0.3345479608217202,0.944663405418396,96333,oil_00573.tif,oil
0.09369254039741505,0.5155351811566018,1.9722222222222223,0.31071114473803335,26.913464973850765,3.6743837163186606,0.2821169432974976,0.05886717690194984,0.6809689250418698,0.0035713369071740182,0.3345287508032163,0.9409284591674805,97082,oil_00574.tif,oil
0.05524633372699157,0.21390078562548245,1.6260504201680672,0.12071689140772589,26.656273460662376,3.645661159843452,0.28485800150341306,0.05919962238115184,0.6825872224894203,0.0036127707280312156,0.3328368041216841,0.9339407682418823,45860,oil_00575.tif,oil
0.14966284578160224,0.5717061913582121,5.363636363636363,0.4029275808936826,33.12470527721544,4.1683102024373895,0.24700392317767675,0.055970484381000246,0.6155766271874471,0.0031792143225956773,0.3594021267361111,0.8841244578361511,9800,oil_00577.tif,oil
0.04812565140874118,0.6708732029769334,1.346,0.03773811292719168,32.3050032041464,4.131447041485147,0.2475470763470276,0.05583611967790622,0.6005582410528554,0.0031626019721142295,0.3612066775795891,0.9440509676933289,52237,oil_00579.tif,oil
0.08540890658555644,0.7956052260938269,1.3516129032258064,0.06686523211948572,32.512758953212575,4.143128478087103,0.24721679888142883,0.055793834249159555,0.5978593402016934,0.0031575676967858157,0.36109700824325447,0.9565491080284119,35641,oil_00580.tif,oil
0.4097159330015503,0.8202428476380572,1.0381355932203389,0.4264354894500173,34.21236068011977,4.262194918099901,0.2415841928678999,0.054091016163829525,0.5923596091328989,0.002967598042563549,0.36094326725905673,0.923713743686676,24949,oil_00582.tif,oil
0.40504200061423856,0.820938664349802,1.0337552742616034,0.42309480754327045,34.2129715708181,4.263633051984984,0.24131773823987834,0.05404964462890169,0.5924785363233183,0.0029630181139819996,0.3606809669731018,0.9170450568199158,23479,oil_00583.tif,oil
0.1546002801684894,0.6121597209244378,1.4395973154362416,0.38434160917382393,34.117146435581994,4.277884163598885,0.23821734042258746,0.05367272336406299,0.5887432962343802,0.002919142862244903,0.3634624581539933,0.9236913919448853,46740,oil_00584.tif,oil
0.12588949537405844,0.5795360141708605,1.1246200607902737,0.3467099318163148,32.59763927319849,4.160250323153621,0.2454581632515993,0.055819273456639645,0.5937070204620535,0.0031593123810387037,0.3605849582172702,0.9325850009918213,42035,oil_00585.tif,oil
0.14205478541908648,0.5614920831689864,1.1453287197231834,0.2604250514849622,33.802313201471776,4.230132497419667,0.24293102785557377,0.05477027463152589,0.597366221527124,0.003042061224402829,0.3603192108302434,0.9283134341239929,25543,oil_00586.tif,oil
0.07466625222006816,0.5179957406530998,2.010666666666667,0.07741998231653405,33.54601597031838,4.195359639170315,0.24617725600893434,0.05488608418482251,0.6082251122160226,0.003057547254056917,0.3588624338624339,0.9231934547424316,22711,oil_00591.tif,oil
0.07162145391163308,0.4958444757603666,1.9793814432989691,0.0749805358676976,33.55762303724818,4.196279075008928,0.24610342737311142,0.05490814676354209,0.6077985892251276,0.003060047869554889,0.35898058543487904,0.9164144992828369,23189,oil_00592.tif,oil
0.15416253966068527,0.7304366269984192,1.431855500821018,0.45636952780163,34.25269159614426,4.266288243032545,0.24087348767501485,0.05236342302375274,0.6121693457267133,0.002783044091183049,0.3582613250266155,0.9616918563842773,945889,oil_00593.tif,oil
0.1831870879645939,0.6436822076217208,1.8200589970501475,0.4752973757308893,34.76826367880264,4.305191115129459,0.23846490039125526,0.05206523639031331,0.6069112090253892,0.0027507115136971134,0.3598291062228314,0.9663256406784058,395895,oil_00594.tif,oil
0.20448314947001223,0.661535779656585,1.109375,0.2609828895246479,31.808388564411537,4.105255230081113,0.24816855623815626,0.05499719677362995,0.6112386942628105,0.0030711278118140404,0.3610529597790744,0.8955581188201904,19248,oil_00595.tif,oil
0.2701194495621901,0.7695309036091159,1.7072072072072073,0.5157003969668877,31.479396255586867,4.082475736900007,0.24945562000473934,0.05578724056125721,0.6062219668884109,0.003159731805289578,0.35942290526642606,0.9180049300193787,42224,oil_00596.tif,oil
0.07133806314902268,0.2871618521700687,2.7401129943502824,0.20050818335371892,31.47832882814772,4.0728509872462375,0.2506028207704136,0.055647453375084574,0.6109202850219972,0.0031440271541976093,0.3594114948281615,0.9247479438781738,69405,oil_00597.tif,oil
0.057895992919004206,0.3183149227334667,5.324110671936759,0.1610811318374018,31.081573327132592,4.044923935325567,0.2522815842459666,0.05592655065303623,0.6131482778457409,0.0031773064420508733,0.35953614530486977,0.9010580778121948,56409,oil_00598.tif,oil
0.1454397421506283,0.46838869737446287,2.936482084690554,0.30867844219099183,34.11034905661424,4.259988449796516,0.24089903746517916,0.05267224730502876,0.6081985009932764,0.002815560839096249,0.3588727029985124,0.9746058583259583,344073,oil_00599.tif,oil
0.3884117760810558,0.9099551569506726,3.588235294117647,0.6114995178399228,35.43857038543614,4.335072516191321,0.23990752537674634,0.0530847580118233,0.6223377808811474,0.0028592439266330884,0.3533834586466165,0.9424808025360107,2671,oil_00600.tif,oil
0.3026396271053845,0.7563261480787254,3.8,0.530921052631579,30.704420874921965,4.042716937372594,0.2512853850830057,0.05524124725179495,0.6588613619511654,0.003097217780490367,0.3584905660377358,0.8034874796867371,890,oil_00601.tif,oil
0.04233917187445622,0.5288501199223942,1.4361370716510904,0.03898923960958952,29.750219037596565,3.91927073774535,0.26172482925152607,0.05918248767200285,0.6213674147676002,0.0035580597615687197,0.35558035762011364,0.9166605472564697,53521,oil_00603.tif,oil
0.14290434014192083,0.7092993530371856,1.3695652173913044,0.12700525344713454,29.795938262007148,3.9214161494419075,0.26191687809401476,0.059093635317298256,0.6215071801660002,0.0035473353787364385,0.35648629407725213,0.9201768636703491,18546,oil_00604.tif,oil
0.14760927246302039,0.7279458882164471,1.66,0.13686746987951806,29.914365510080096,3.931738288740318,0.259894191889795,0.059877728883081585,0.6140562177463543,0.0036393237974895404,0.35858223815213064,0.8822875022888184,5389,oil_00605.tif,oil
0.10517655185609899,0.7641522778495516,1.1705790297339593,0.08476751776254676,29.622294645166917,3.8987482972022303,0.2649559000628474,0.05906772426170009,0.6298731611117949,0.003546410394377529,0.35395649716834804,0.9417938590049744,41402,oil_00606.tif,oil
0.04153703681442307,0.37319443794393814,1.051000645577792,0.033200067254295786,29.724299477021507,3.9091016201852,0.2632600515271875,0.05921632007654057,0.6266293275473067,0.0035633386293102702,0.3554377158821831,0.9389842748641968,85743,oil_00607.tif,oil
0.06843172209340438,0.5782886010216465,1.2984496124031009,0.05926906166840217,30.127147612712474,3.939538102643879,0.2611445677575806,0.059177781849417826,0.6169542932735679,0.003557677147474874,0.3558032443746729,0.8897047638893127,21281,oil_00608.tif,oil
0.10321786651544533,0.6601568187017741,1.2,0.08695211483673022,30.173760231674407,3.9411108028181214,0.261278614071339,0.05964550637521868,0.6115255404490918,0.003613430473611896,0.35502964237903994,0.9033973813056946,16435,oil_00609.tif,oil
0.1406678459023239,0.7532752868418912,1.1973244147157192,0.1297201098634181,29.404655013394592,3.8903324907425896,0.26343112032110705,0.05977511013458059,0.6233713730069484,0.003629832116924842,0.3551217372230752,0.8994259834289551,14345,oil_00610.tif,oil
0.11984793841513398,0.5652882387022016,1.2279069767441861,0.17189702255109232,32.44979256414197,4.1255247472005205,0.2494077554715983,0.055060595209972786,0.617182031777459,0.0030787407063939385,0.35731260713729157,0.9093998074531555,38512,oil_00611.tif,oil
0.09319715766632916,0.5208469656549387,5.612244897959184,0.28796846011131727,31.26405557170055,4.069269815421963,0.2494744949925221,0.055610012068226494,0.615165125912711,0.0031399238355601317,0.36022359913793106,0.912656307220459,16169,oil_00612.tif,oil
0.20769517865123455,0.6637539718565593,2.0254237288135593,0.41479327707254804,31.889467074656856,4.102694270606653,0.2478338165101751,0.05493329099780049,0.6137466209918223,0.003064171826612104,0.35986637194815635,0.8933582901954651,11591,oil_00613.tif,oil
0.2806059695914314,0.6741729893778452,2.3711340206185567,0.4978484984311968,30.12523334839573,3.9782937766946374,0.2555081673550544,0.05745502983935386,0.6107805713005888,0.0033517395040742887,0.35844942459115686,0.8693326115608215,11074,oil_00614.tif,oil
0.14225921453721976,0.6223093386014734,1.1239669421487604,0.20418422189812563,34.16458930636469,4.276806404317355,0.23849784848988964,0.052559688271784366,0.6046007790550778,0.0028028424077037022,0.36110659953440527,0.937261700630188,30821,oil_00615.tif,oil
0.054319973564664614,0.2285384646974877,2.4628224582701064,0.08324895260374154,31.11661231803179,4.063920297603076,0.2504515195013263,0.05481087673930318,0.6216234924537185,0.003048402479878103,0.35818310056336183,0.945138692855835,91025,oil_00616.tif,oil
0.21050428526861195,0.7265540486079,1.1258278145695364,0.41698845929100115,32.050145101120854,4.117360679718781,0.24742848370759774,0.05453109778514397,0.6165244514911516,0.0030185288401793214,0.3590660266617078,0.9555293917655945,170841,oil_00617.tif,oil
0.04511831436113468,0.25356293490707305,3.6919739696312366,0.1834450219341288,24.7264176795353,3.604544748086867,0.27507654023626726,0.05787414714610196,0.6925039355329059,0.003405171205177732,0.3564172902707967,0.9410923719406128,145848,oil_00618.tif,oil
0.13179583613839493,0.394185441795702,4.092592592592593,0.24611404390816155,30.67729957689116,4.034542708662461,0.2505807154273212,0.05691234098780421,0.6024737564507938,0.0032854276870443173,0.3600006140997298,0.9335068464279175,12206,oil_00619.tif,oil
0.07512081483778366,0.5934352853412905,3.398230088495575,0.10999723451327434,30.527442346786856,4.025041951346384,0.2511661318584493,0.05598267435480825,0.6181225937996313,0.0031790404639108717,0.36098442620181753,0.8225117921829224,5169,oil_00620.tif,oil
0.048289115776559415,0.335984767822024,7.616071428571429,0.1403764026126277,30.548357691537163,4.030584385974381,0.250981800694696,0.05553848308199183,0.6205500700291948,0.0031291589139723496,0.35964940264463335,0.8836497664451599,14274,oil_00621.tif,oil
0.21291113398081962,0.6544929925803792,1.2474747474747474,0.32466364045311413,32.29861090651737,4.139601438278412,0.24725328297965865,0.053830221445665224,0.6144621666531449,0.002939112234620782,0.3590949395148521,0.8970608115196228,16294,oil_00622.tif,oil
0.4157695372816755,0.8534477474716519,1.4322580645161291,0.404649811101424,30.225451993212285,3.9950316780611157,0.2543849627472951,0.05579578541099872,0.6286137501698141,0.0031689207570155366,0.35413985413985416,0.8608338236808777,11960,oil_00624.tif,oil
0.204118521691658,0.750923141345312,1.1441860465116278,0.1864813764416714,29.966711212127695,3.967385371730395,0.2558727067613109,0.05685226496318933,0.6228809777353016,0.0032881729751181882,0.3551464063886424,0.8768525123596191,10189,oil_00625.tif,oil
0.10768257280205079,0.5709777529813794,1.3342618384401115,0.09522217246933898,30.18475251665189,3.9808456003046953,0.2552392379884373,0.05600023846881706,0.627234572435572,0.0031918169934344355,0.3558315362043626,0.8960496187210083,16946,oil_00626.tif,oil
0.10844650006013289,0.5801230790626521,1.3379888268156424,0.09730175761887545,30.214138049430876,3.9827133399461063,0.2551685427333393,0.05596971370651592,0.6271901111247232,0.0031883377811258258,0.3559941668523282,0.901680588722229,17261,oil_00627.tif,oil
0.22727231724696412,0.6438630352419759,1.0,0.28691414130688697,29.39639658610892,3.9086782203291506,0.2606903553178502,0.05718690056086417,0.6322026926210191,0.003332225616367862,0.35421003458506123,0.904531717300415,13857,oil_00628.tif,oil
0.13839889995035487,0.537081252105641,4.263803680981595,0.3236615615483074,31.367344711403746,4.061018874396089,0.25154965780606625,0.054261802487637026,0.6278543103965102,0.0030002551589637045,0.35375379667679113,0.8968378901481628,37179,oil_00629.tif,oil
0.3163697117012206,0.8357407517485982,2.8793103448275863,0.5443294445591575,31.01723580135747,4.044693863460345,0.252007008636409,0.05473372633838618,0.6261821265221953,0.0030518547454053274,0.35502610197432977,0.9016794562339783,21340,oil_00630.tif,oil
0.19110172478039794,0.7607276570722521,2.6367521367521367,0.35394242890191024,31.274937769422504,4.0297747558808235,0.25634026716031333,0.05411964398677385,0.6456920283538525,0.0029898102279662187,0.34909618335251247,0.9454241394996643,51586,oil_00631.tif,oil
0.18753151228922824,0.7802137327374002,2.7905982905982905,0.34329720815172576,31.195873385610625,4.026438140107002,0.2562018783926747,0.05432594110863028,0.6436424236856471,0.0030117718441200285,0.34976041528018104,0.9504997730255127,53125,oil_00632.tif,oil
0.21320871669312325,0.6183744949969991,1.746212121212121,0.2836020180109117,30.018923696855097,3.955838672950625,0.25854891215044806,0.05569874906108489,0.6375330284649836,0.0031635732962816175,0.3517049677013663,0.9559878706932068,34941,oil_00633.tif,oil
0.16754067026602473,0.621815872920455,3.086505190311419,0.32100989960742937,29.927646339856693,3.9478876529632894,0.2591285940614102,0.05581079568721238,0.6392808950548812,0.0031759843660550996,0.3513453783855459,0.9653951525688171,83531,oil_00634.tif,oil
0.08657659185712067,0.42488475097170747,4.341708542713568,0.24604794807370184,28.183431691731993,3.8051479666802663,0.26879620611200994,0.05724438565748337,0.6592359399498017,0.003358038021926374,0.34532008635932904,0.9257709980010986,43340,oil_00635.tif,oil
0.08338341422712636,0.43066164496140447,4.438144329896907,0.25568746482752014,28.104448486827927,3.800059300785814,0.26904746160175697,0.0572430518085149,0.6600638106915964,0.0033579976788156037,0.3452212995807804,0.9261407852172852,43766,oil_00636.tif,oil
0.18058490243791012,0.526154074881681,1.54375,0.2014865890688259,34.33661681201166,4.282322322216007,0.23927807512719054,0.05331070312851954,0.5940396090045479,0.002880889138304624,0.36152244670556843,0.9591231346130371,32492,oil_00637.tif,oil
0.09691083883481513,0.3988406015097118,1.8980322003577819,0.16988647763695436,27.974387534833205,3.840664081426585,0.2622493201225746,0.05682240437209159,0.6493666832967138,0.003277271187113559,0.3584203348907916,0.9610527753829956,102184,oil_00638.tif,oil
0.1199451519037774,0.4603002378121284,1.157676348547718,0.23029045643153526,28.535635578456905,3.8711903438326942,0.26072377627126586,0.05659494940871667,0.6497466169421033,0.0032517614938685933,0.3598063073028046,0.9621437191963196,63047,oil_00639.tif,oil
0.21374350957781288,0.5957117735545244,1.1673306772908367,0.19116027358144214,32.17737645215805,4.110936058946104,0.24965382446279702,0.055400272867513395,0.6114890136134232,0.0031147263255278087,0.3615790575454756,0.9242971539497375,14448,oil_00640.tif,oil
0.14636345800252495,0.6050727351720625,1.2971698113207548,0.17319039451114923,34.01432736519826,4.247686625980637,0.24232314558229803,0.05395164694258851,0.5985419819239288,0.002953565452896418,0.35916338544306264,0.9505555629730225,40684,oil_00641.tif,oil
0.10282717042829917,0.6138181337715586,1.1433447098976108,0.1893179155417452,33.79461756396039,4.230951899523184,0.24319657068043726,0.05439410895658308,0.5982505177816937,0.003001041871400014,0.3607616835719025,0.9573200941085815,75635,oil_00642.tif,oil
0.05260362608153463,0.3139256096145207,1.0612094395280236,0.09562011475520735,33.60040321823776,4.212683425014452,0.24409051149847913,0.054549678829959355,0.6010944940610661,0.0030186282834321395,0.3602680370218197,0.9572985768318176,187822,oil_00643.tif,oil
0.06484500983170831,0.3031038459074505,1.2765072765072765,0.12015252222906946,28.840226234115836,3.8909891411062953,0.2600594475769617,0.05677976384325517,0.6397055629260351,0.003272146570215858,0.35900559003025795,0.9593185186386108,144113,oil_00644.tif,oil
0.09397914189410529,0.4441950512845735,2.1888667992047712,0.13454152469379907,33.42181014837631,4.218415929463305,0.2423379197909151,0.053456564145221,0.6081419969882114,0.0028979657471746778,0.3608925605385086,0.9586343169212341,75864,oil_00645.tif,oil
0.08120181349782145,0.752743375418481,1.0571184995737426,0.5676284959986799,14.060941315011554,2.6957561422651493,0.3428629645245507,0.06701050096506025,0.8535601530126772,0.004552362854795872,0.34556521389190714,0.9253578186035156,729818,oil_00646.tif,oil
0.06000194814786381,0.47606471726715416,1.2095238095238094,0.31204224471941006,24.569756566331712,3.5710257072003357,0.2801281862811288,0.0606809099401938,0.6708758694117143,0.0037370753458877597,0.3557430364248546,0.8852884769439697,144286,oil_00647.tif,oil
0.01727474602376806,0.4346565430837764,1.3500329597890572,0.35544090799068884,32.19052814563673,4.112855256408324,0.24922318166804402,0.0558651339996343,0.6089018100934108,0.0031657875157550574,0.3596016109456593,0.8960986733436584,1022872,oil_00648.tif,oil
0.03986139322492839,0.44843721068338355,2.408071748878924,0.28060934772987284,33.76643723463962,4.224600540271516,0.24361485363606475,0.05451026980143647,0.6006748689535181,0.0030140160388144642,0.3598497297964859,0.8723289370536804,136671,oil_00649.tif,oil
0.11334079150159333,0.36721397840021075,1.2534818941504178,0.19415970287836584,34.925729237702434,4.301777834953819,0.2401332163909649,0.053547340688296835,0.5947026406665881,0.0029088016328008377,0.362146529562982,0.9278915524482727,31787,oil_00650.tif,oil
0.08190742263540365,0.5367414434046917,3.758992805755396,0.1801624728924994,34.414213782023765,4.265429516346291,0.24201340506031677,0.05367027982143889,0.601407402121215,0.0029228193903269415,0.36099063726970704,0.941196858882904,53578,oil_00651.tif,oil
0.1263431802429884,0.4728498262556345,1.482185273159145,0.19346679152201718,31.63261065693454,4.0686620379031595,0.2522623479225143,0.05688892728120655,0.6051057443790002,0.003284113547685626,0.358299938295463,0.9506449103355408,51790,oil_00652.tif,oil
0.05251020709563608,0.30926963265201757,1.0129990714948933,0.14411063083028441,31.722209816797587,4.080279067979786,0.25119010531027713,0.056351706879923025,0.6084746431918878,0.00322361767631277,0.3599154516671542,0.9541302919387817,171733,oil_00653.tif,oil
0.09741012448530251,0.3675586573612496,1.1050359712230216,0.129503896882494,31.110806694499843,4.046629176485077,0.2516962434219999,0.05688581550797548,0.6041014228989995,0.0032801909487819745,0.3602730435548509,0.9525061845779419,70423,oil_00654.tif,oil
0.10859139000452152,0.43115911146793656,2.071593533487298,0.20186997458811898,31.5045665689476,4.073405260060184,0.2501759721798506,0.0566281174607018,0.6035328217757011,0.003251867526778426,0.3607432458034936,0.9585342407226562,79378,oil_00655.tif,oil
0.026890895263924963,0.534327878885769,1.0438328236493375,0.3515469456788354,31.458086456214858,4.0644346015691015,0.25128810633414406,0.056923174657407705,0.6026934810819713,0.0032863941593156035,0.35976300700240266,0.9049797654151917,1062805,oil_00656.tif,oil
0.04561551375971409,0.7476326810743854,1.2118343195266272,0.6127867568879438,30.98249954428301,4.026085198088234,0.2537363499500457,0.0575661089854104,0.6063503671235428,0.0033620667071306383,0.3591590679985337,0.9433973431587219,1863951,oil_00657.tif,oil
0.019317938994289557,0.2759319538045424,1.204705882352941,0.19816908892463236,31.3681976258913,4.060323574896094,0.2511918528686251,0.05688612587126351,0.6038573485294091,0.0032815257622065795,0.3601929778607872,0.92734694480896,637479,oil_00658.tif,oil
0.04886441380391889,0.5192860815462489,1.788712011577424,0.433984212177839,31.9473653289226,4.10198242736189,0.24867559460935185,0.05648854275029269,0.5968664787904807,0.003234391371088063,0.36105166858015003,0.9489721059799194,362918,oil_00659.tif,oil
0.10887776143871251,0.4313920014172461,2.363095238095238,0.18255217704210147,35.394070014846264,4.263892384673957,0.24972064928345677,0.05420900942219819,0.6359773429842964,0.002992716847410589,0.3526214918563319,0.955568790435791,49695,oil_00660.tif,oil
0.18099511144126157,0.5666595774327684,1.340974212034384,0.2365366247887738,37.08279917907395,4.377857708931126,0.2439306522454476,0.05296837841783894,0.6271382417895099,0.002857371858353688,0.35331828633796397,0.9609580039978027,39286,oil_00661.tif,oil
0.1786583344712607,0.5639346900557417,1.3342857142857143,0.23582441113490363,37.098349857989724,4.378734167206001,0.2439105398146759,0.052967951351717564,0.6270342910918519,0.002857327895473458,0.3533199195171026,0.9624719619750977,39242,oil_00662.tif,oil
0.04212490542698927,0.4500262622795659,1.0466666666666666,0.03749555873304736,32.63539660289818,4.173547179554003,0.24389826754011398,0.05362272861416587,0.6103964840975282,0.0029203142538531245,0.36023275268182264,0.9128267765045166,44729,oil_00663.tif,oil
0.14515721977674056,0.6465514042963677,1.0516304347826086,0.12236335804965734,33.58002890848591,4.240720228226932,0.2405626541622361,0.053210656048877564,0.597765017791323,0.002874613949605856,0.36038104190014825,0.8960180878639221,17929,oil_00664.tif,oil
0.15765632533676832,0.5232243221992486,3.735632183908046,0.3177188328912467,33.9128740754793,4.245683580489555,0.24178731258445063,0.053066891655279946,0.5991680436188814,0.0028584153688275774,0.3626194067370538,0.8922388553619385,9361,oil_00665.tif,oil
0.023990726793813137,0.4599674002770277,1.20680393912265,0.08733453054892158,34.19121965548324,4.292765581563623,0.23660099216073552,0.05304935833391732,0.5932456423184255,0.0028500833428830707,0.36405155303221715,0.8984641432762146,129787,oil_00666.tif,oil
0.022374340652781904,0.4360977122915859,1.202970297029703,0.07955821302294838,34.02217812066364,4.283604599998014,0.23689344157512315,0.05312833426180798,0.593708799900716,0.002858514302147669,0.3640238385884716,0.8978216648101807,137575,oil_00667.tif,oil
0.020949185286716587,0.4384607993850884,1.1803885291396854,0.0992528397310049,34.08311614862481,4.288505326923422,0.23654770212727438,0.053065153376309904,0.5932369915027176,0.002851601727972969,0.36410697615075216,0.8957554697990417,136111,oil_00668.tif,oil
0.1625414237734967,0.6215663354763297,1.25,0.142803955078125,34.37333908259155,4.300555748695171,0.23646688137327979,0.05328581496487519,0.5896244144541758,0.0028757493617097498,0.36527148128624143,0.9330151677131653,12099,oil_00670.tif,oil
0.19689549090263453,0.8236655077206259,2.696629213483146,0.28281688904494384,31.331210719601977,4.070246379718794,0.2513216343204695,0.056342940252506635,0.6066833145828189,0.003218655438574958,0.35909875961689436,0.9579944014549255,95574,oil_00674.tif,oil
0.06607015142163584,0.410319564585628,2.4410029498525074,0.10192186010034845,34.74169161587559,4.32554497425655,0.23542881665098347,0.05270031459010399,0.590927005873944,0.0028127354369539377,0.36344951298429146,0.942414402961731,115578,oil_00675.tif,oil
0.06861214242534172,0.38787509618944754,2.3916184971098264,0.09924689590136737,34.80333233559577,4.329408857231535,0.23526516397636096,0.0526636612361045,0.5905405307037768,0.0028087946088646686,0.3634529866756537,0.94408118724823,114797,oil_00676.tif,oil
0.046457001777746074,0.2965159298015394,3.678240740740741,0.1211351770272475,34.35134106512536,4.305069323125886,0.23629945659864177,0.05283525487693995,0.590633244557947,0.002826820091390867,0.3633462339821442,0.930683970451355,85064,oil_00677.tif,oil
0.03261915365973223,0.21598079038212328,2.8885754583921015,0.06829498247972496,34.04830865624055,4.2857844307443,0.23705041874572524,0.05306309142040089,0.5915466425984132,0.002851177516512069,0.36338234205852504,0.9219586849212646,101724,oil_00678.tif,oil
0.44920449559446124,0.893280397317512,1.7572254335260116,0.5711324916337085,35.53985121818538,4.381330946286854,0.23251770214331186,0.05223821703840682,0.5806998900748555,0.0027633244791874364,0.3667443438246659,0.9554181098937988,30440,oil_00679.tif,oil
0.05923455540411473,0.3780604238746148,1.2071005917159763,0.07250242922612832,33.98044101795109,4.275588158319655,0.23710466670683497,0.05347648892322897,0.5901756244536001,0.0028955467506408925,0.36439769888627704,0.9139008522033691,41273,oil_00680.tif,oil
0.07076120132210657,0.37571444433282397,1.1763698630136987,0.08855755618033538,33.82753150279052,4.266643156432035,0.23742241523853494,0.05370184537381727,0.5893050800621953,0.002919692884154852,0.3649503223256511,0.9151986837387085,36625,oil_00681.tif,oil
0.10381998368247518,0.44908455840018424,1.1611721611721613,0.135196034249662,6.378306119199585,1.4869936019126477,0.5085161759459258,0.1566500448349544,0.7934346529281111,0.02477981315066463,0.293215776909103,0.8685870170593262,12172,oil_00682.tif,oil
0.0692930175831378,0.41260894775529955,2.391184573002755,0.2868203399728326,6.857357722351789,1.8962071961790765,0.42400473201076533,0.0896814973717428,0.8639002732711542,0.008159678347506822,0.33534250126677745,0.8971390724182129,80760,oil_00684.tif,oil
0.1048773984105643,0.5242628555149328,1.329268292682927,0.30883586932199597,15.9626665970606,2.885617734995821,0.3257902144740029,0.07776043477676564,0.6741206678166984,0.006127101175286261,0.3470642891907438,0.8334837555885315,11429,oil_00685.tif,oil
0.06176677497924765,0.5228086030596106,2.0,0.12820819869026853,32.02596965330174,4.113579250681744,0.248902810482124,0.05577896557856728,0.6022189231533637,0.003154551785428917,0.35994807706991777,0.8994695544242859,36763,oil_00686.tif,oil
0.059065787101514375,0.4435618882357973,2.044854881266491,0.12357817686611626,32.27026419427567,4.130697272691074,0.247980086803186,0.05558023745575949,0.6008763681207892,0.003132102954526543,0.35984449270300234,0.8973442912101746,37490,oil_00687.tif,oil
0.09402974208398641,0.4524390066907592,2.173076923076923,0.10826989066559231,32.00668474089619,4.118627426761536,0.24809756750103282,0.05584322298178673,0.6002234323097559,0.003161307217343137,0.3614448147300865,0.9315567016601562,32042,oil_00688.tif,oil
0.33977719905674475,0.7281241092878374,2.21875,0.4372554773082942,18.192702204717147,3.0787431657799935,0.31153243439110534,0.0738221164993576,0.6597457861909871,0.005524354558816452,0.35289698869945785,0.944710910320282,9191,oil_00689.tif,oil
0.07879277397643232,0.47835521012727505,1.313969571230982,0.23414646574943582,32.18151488349596,4.1632559051261815,0.24315285787570368,0.05414912983204054,0.6071442092771467,0.0029695619241814856,0.36327479198850854,0.9468746781349182,159482,oil_00691.tif,oil
0.3745642485577175,0.8981787191773477,1.2420749279538905,0.5320446384990338,34.12381595749791,4.291174476089031,0.23742036953994292,0.05287416974861579,0.5948037950550444,0.0028316264956528953,0.361932383360698,0.9543237686157227,78506,oil_00692.tif,oil
0.07136104768912901,0.37539724203875396,1.8812785388127853,0.22190866471605267,31.548715215532294,4.1200323956982485,0.24556528750556106,0.05502154387189569,0.6027743570460325,0.003064806967684215,0.362919328056396,0.9383839964866638,78693,oil_00693.tif,oil
0.08348161257499134,0.4611156764602299,1.2336769759450172,0.2067934028276331,6.00546157443124,1.328589869359304,0.5583226008847597,0.1428816498904703,0.9434057204926141,0.020547655071829804,0.2609294540678631,0.8460512161254883,22220,oil_00694.tif,oil
0.04637359115506912,0.5126724756653301,7.616438356164384,0.24345318265935198,42.11700272983073,4.697544683977054,0.239557596725624,0.05337975938777098,0.6219295567496002,0.0029137626429950594,0.3488701567163826,0.9280569553375244,88107,oil_00695.tif,oil
0.19802777055784485,0.7087982557393869,1.1736111111111112,0.22709155161078237,35.335489417510175,4.349293642576903,0.23614186922016311,0.05105588650830088,0.613318118294577,0.0026517442979862643,0.3593542424767516,0.813178300857544,5492,oil_00696.tif,oil
0.266484009683484,0.7965089018982678,1.3368794326241136,0.27962921158078896,33.77489105632408,4.248154953418079,0.24015427030719283,0.052909137718553344,0.6015441169650309,0.0028450472318153753,0.3603970434327577,0.9445822238922119,30002,oil_00697.tif,oil
0.08860038111334324,0.5473125983546782,1.5733333333333333,0.1342702448210923,33.02122401421855,4.193328116522588,0.2437280296634691,0.0534983587782831,0.605982801660769,0.0029092161407196088,0.35835873983739835,0.9343328475952148,43772,oil_00698.tif,oil
0.22491736402532217,0.7895173618694038,1.3297872340425532,0.19229787234042553,34.56688605081544,4.3064723220192365,0.23705991869823037,0.05208884834808383,0.6018204793442408,0.002756946431370611,0.3614187418086501,0.9150225520133972,9333,oil_00699.tif,oil
0.17214885086443305,0.6073138778460426,1.2925170068027212,0.481328320802005,15.265533337526914,2.8060393095093445,0.3335377983091371,0.08039384550298373,0.6806520243290792,0.006554607537298643,0.3495120698510529,0.8910417556762695,13887,oil_00700.tif,oil
0.3351520288916655,0.7789501277934334,1.7619047619047619,0.4780405405405405,10.887827139018054,2.355190211735518,0.37625902565539765,0.0944105294738102,0.7417731320537708,0.009036472721061822,0.3382305456893768,0.8784649968147278,6156,oil_00701.tif,oil
0.13715505551704035,0.5378509196515004,1.7954545454545454,0.3551975450709628,17.289396259782695,2.992942619178079,0.31854145380415133,0.0738252586388837,0.6795938434752198,0.005528014228552881,0.3493383270911361,0.8781641721725464,11562,oil_00703.tif,oil
0.3662433560710359,0.8496645812919273,1.81651376146789,0.5223102585487907,14.719316819016072,2.7742358655711503,0.3337635563472831,0.0807291348162337,0.677340401064072,0.006607270215175385,0.3492364003534015,0.917881965637207,11542,oil_00704.tif,oil
0.4291082501283204,0.8890496383137939,1.103225806451613,0.336181852480664,20.103106036808555,3.2528721674532073,0.2978818674747861,0.06720660323667628,0.6728997234002941,0.004587794904911878,0.35054457442517145,0.9371339082717896,9117,oil_00705.tif,oil
0.12936745237465191,0.495096436744034,1.2570532915360502,0.11839523448432211,33.06738710637725,4.243215490933857,0.23815297749717038,0.05272414412418761,0.6030106052151459,0.002816752839678643,0.3647411563698735,0.9070678949356079,15641,oil_00706.tif,oil
0.4990696676736517,0.8945709946848899,1.7522935779816513,0.565901340122004,24.980584816342432,3.6302471858155725,0.2742816594808622,0.06248657892033714,0.6244395739534534,0.003960946973805313,0.3574986164914222,0.9193158745765686,11980,oil_00707.tif,oil
0.5011333419461493,0.8838712173980342,1.6339285714285714,0.5572062841530054,11.537007090280095,2.4492579142201,0.36314750011967856,0.09109331591282235,0.710932286559447,0.008409648935919768,0.34083845797791446,0.9252459406852722,11650,oil_00708.tif,oil
0.42051309012702526,0.8651054234740299,1.575221238938053,0.543626329919459,11.422373525534267,2.437918226251833,0.36372066876831355,0.09150831771380535,0.7122697444236894,0.0084855243573566,0.3425564819795589,0.9237622022628784,11183,oil_00709.tif,oil
0.21683202866519893,0.696759138687196,1.5374149659863945,0.503311058936849,34.803248402138045,4.316836139036056,0.2370520727463205,0.052686904247779755,0.5987120410086904,0.00281307202658391,0.3625902873828185,0.8861345648765564,62943,oil_00710.tif,oil
0.17613427050347644,0.5702005730659025,1.0537383177570094,0.35618925751704417,34.47795055971728,4.293572552426337,0.23856720945290683,0.0529207272369538,0.6007668247339024,0.0028385109644276695,0.36255435818754594,0.8841553926467896,63610,oil_00711.tif,oil
0.1628717091400303,0.5094512980397735,1.5086206896551724,0.3626710454296661,36.962999477569625,4.4693153829477215,0.22950951719537496,0.05083542957952618,0.5870706558348268,0.0026174819907336775,0.36333476333476333,0.9558595418930054,63388,oil_00712.tif,oil
0.040029901338148106,0.26012796371863967,1.1827731092436975,0.09717039568935923,32.25153875653004,4.1297803705561,0.2472849101284838,0.054864691977116485,0.6153572162092358,0.0030534513786559274,0.3603736610921888,0.87009197473526,27163,oil_00713.tif,oil
0.05702642861881086,0.3102447958170812,1.4684684684684686,0.13628045223137247,31.99228498048586,4.110450884810848,0.24837464829818579,0.05522788475239679,0.6167738629521552,0.003094152377747769,0.3600015304560759,0.874139666557312,22965,oil_00714.tif,oil
0.13131348352474428,0.6728053230306933,1.4050632911392404,0.4468297411335386,35.8589336949083,4.393484630759826,0.23445344234012783,0.051744217445286796,0.5932810912171714,0.0027145244502688134,0.35975777594274705,0.8897190690040588,16019,oil_00715.tif,oil
0.07752367779183085,0.6820397357547566,3.269230769230769,0.43310080442433385,35.98443787722789,4.394970878042946,0.23373236985495519,0.05159580947644177,0.5958640230261989,0.0026986302975674083,0.3610247841826789,0.9212895631790161,134038,oil_00716.tif,oil
0.24272500024955124,0.7566899958830795,2.098360655737705,0.5149366034836066,36.986206794463584,4.461188127533911,0.23083976351772842,0.05109653317873702,0.5881532598913295,0.002646345225832062,0.3614385240792809,0.9409708976745605,63250,oil_00717.tif,oil
0.11352650495445928,0.5655972845724296,1.1024096385542168,0.42511027717427086,5.768682023565786,1.7323389761656547,0.4489143480964972,0.116965146313366,0.8649197309697504,0.013841071272750256,0.31534444763821023,0.8652623295783997,13406,oil_00718.tif,oil
0.12959976090501674,0.5821360415889798,2.5093167701863353,0.2040080560851116,34.82227649587976,4.328942102150263,0.23488731854404798,0.053097377538454935,0.5855854952154419,0.0028542866980070395,0.36304339676867137,0.8879976272583008,13748,oil_00719.tif,oil
0.05876219415379114,0.38021767177213933,7.532846715328467,0.2032337463928026,33.270966426405465,4.219679977567132,0.24057471503512073,0.05409916475399092,0.5957807475168188,0.0029633022341024754,0.3624727945239465,0.8905491828918457,29851,oil_00720.tif,oil
0.11924987169896675,0.6022300227131943,2.348684210526316,0.13437085360459974,36.690356719988614,4.436569390156917,0.23136808803986741,0.05165025858098638,0.5799126970853234,0.002701553838621421,0.36360280546327056,0.8878685832023621,7671,oil_00722.tif,oil
0.0706310565036369,0.2888177182562615,1.1683417085427135,0.15696358134759822,32.9279132390581,4.19934163341493,0.24340896119944014,0.05382024670877023,0.6028985078073583,0.0029339974136913765,0.3609639830508475,0.9400916695594788,117249,oil_00723.tif,oil
0.1295859799745772,0.6072604703421022,3.009478672985782,0.2924581109825727,13.537464047715918,2.667872318063269,0.34166599885969096,0.08131350893336045,0.7140786549255186,0.006692812834998495,0.3470556923281655,0.934372067451477,39920,oil_00724.tif,oil
0.12992980613358254,0.7001621082384238,2.0152439024390243,0.15538633260765286,35.18142558012978,4.328889763671606,0.2373587888434336,0.05350119463342895,0.5888663328966048,0.002901547529923262,0.36292637178730525,0.9379575848579407,34453,oil_00725.tif,oil
0.20476944292766194,0.7954030006978368,2.0869565217391304,0.22943085748792272,34.88830449691413,4.312352175078861,0.23861252600834684,0.05346092497996777,0.589325803737112,0.0028974926371808252,0.3628202105924878,0.9228978753089905,9449,oil_00726.tif,oil
0.0656219738132219,0.6181019046068696,4.932098765432099,0.17967385929943294,30.1447287888377,3.9708728670553017,0.2565958573242816,0.05600719912437285,0.6316954823909484,0.00319321170529362,0.3555764932883577,0.9317466616630554,94343,oil_00727.tif,oil
0.20387863048248625,0.9046792473846896,6.347107438016529,0.5243952307162535,30.495578579086562,3.992013045137151,0.25577703338751234,0.055943887098135456,0.6263771820269257,0.003185871394232863,0.3560173555606303,0.9470510482788086,49480,oil_00728.tif,oil
0.0852717129580652,0.4305529390352544,2.014830508474576,0.15019983425118966,29.915575087904188,3.964823882686209,0.25584204372891195,0.05589749921743227,0.6328817476528261,0.003180252636002425,0.3563210377318629,0.9133748412132263,68416,oil_00729.tif,oil
0.04371956183742942,0.2344133612394352,1.2577319587628866,0.04703777251985804,29.519929733141733,3.9042868997226057,0.26327375720077484,0.057866172830911555,0.6366438813527342,0.003404091093723041,0.3541368,0.9393441081047058,57289,oil_00730.tif,oil
0.13834160525055786,0.47382170458256234,1.1548556430446195,0.11684860415175376,30.631634422448215,3.9825679235586557,0.25876465163456175,0.05680893962286003,0.63054926264335,0.003280866223656131,0.35573915135958933,0.9473345875740051,20144,oil_00731.tif,oil
0.08094686058435618,0.22411605221231518,1.2901554404145077,0.10427981355473709,30.780538369316833,3.9826643570693934,0.26001687556868697,0.056684882363674485,0.6442115439984423,0.003267951912872087,0.3545681251416912,0.9245649576187134,20814,oil_00732.tif,oil
0.15086783647559304,0.8551475046505521,1.8080495356037152,0.18318354138098403,31.81567220476778,3.980292430293307,0.27067972747437896,0.05529650183211178,0.6891251462725425,0.0031444064766638176,0.33667113633157775,0.889647364616394,197211,oil_00734.tif,oil
0.05450411502402376,0.6295317011488225,1.8732083792723264,0.1402138101860294,30.643773582058817,3.866651112790156,0.28120354199359504,0.05588541014225863,0.7230236560473001,0.0032165611633792396,0.33445252444460194,0.8792378902435303,163157,oil_00735.tif,oil
0.05600656109739341,0.4683883542453405,1.9610389610389611,0.18601638427797368,17.132588193081286,2.8650741792916374,0.3388185027143972,0.07746701413267917,0.7336546009180176,0.006139659040800048,0.3332584527439753,0.8563421964645386,35649,oil_00736.tif,oil
0.11311795212964634,0.6440852705444146,1.3837638376383763,0.09528659286592867,32.422283159854885,4.139331908511355,0.24682795482226336,0.05483454510971207,0.6145577754339333,0.0030520924349440644,0.35879546809779367,0.9097962379455566,10113,oil_00737.tif,oil
0.04900716769219982,0.5304347826086957,1.4624808575803983,0.041523215445427065,31.85275949261798,4.097532675872783,0.24954997852605038,0.055008518457964506,0.618721040344751,0.0030719337175994844,0.35877548290239386,0.9191206097602844,26948,oil_00738.tif,oil
0.04928559475176146,0.5542135989756277,1.4576271186440677,0.041593507005410826,31.846452485562203,4.0970312929219315,0.24957313354048322,0.05502158292525776,0.6188333358386181,0.0030733951609396536,0.3588585552524204,0.9208686947822571,26582,oil_00739.tif,oil
0.07718688578384572,0.6084741637109674,1.4170506912442395,0.06555955190888314,31.285058092989615,4.055298415982982,0.2524475827435859,0.0557803522347885,0.6192341500174061,0.003158652523551987,0.3574678434592228,0.9265754818916321,18197,oil_00740.tif,oil
0.20505057796873746,0.7973997063420641,1.1748251748251748,0.17519459706959706,32.08100526050828,4.110255141023451,0.24921164672259105,0.05555241001493499,0.6049057792582677,0.003132293768875633,0.35929826381683616,0.9374880194664001,17246,oil_00742.tif,oil
0.13552264154852933,0.7249229573280769,1.046242774566474,0.10423386452910932,30.24963603524099,3.9859599315625305,0.25503413308578887,0.057452524776817115,0.6133384056647013,0.003350693912826457,0.36025920063316186,0.9157955646514893,13495,oil_00743.tif,oil
0.03176504471398914,0.22803538699522208,1.270848182466144,0.03188084662742965,29.850009077695322,3.965872846522551,0.2553244162510485,0.05649713903200346,0.6265405277036016,0.00324002006174106,0.36023743525216434,0.9243110418319702,81927,oil_00744.tif,oil
0.03646604538229543,0.2711218097034849,1.610062893081761,0.04678056824882076,30.259887388155747,3.989040101446995,0.2543209526259598,0.05684795854520924,0.6181981389099461,0.0032785075448747325,0.3602323048675115,0.936765730381012,122320,oil_00745.tif,oil
0.28501096806879156,0.6873974178665325,1.4601593625498008,0.31015229667958455,31.70883618122677,4.090998473647916,0.2494796962678362,0.05468030177026551,0.6177685668173659,0.0030381472346327695,0.3587234549561311,0.9286945462226868,99011,oil_00748.tif,oil
0.2799489515655359,0.8595934981519263,2.033707865168539,0.6726713327953318,31.67393531310432,4.075064684431135,0.2517739923760879,0.055162542028296374,0.6187239301905056,0.0030925168876385794,0.3572393774085381,0.9460522532463074,171596,oil_00749.tif,oil
0.1907276565617486,0.7640185835566483,1.193916349809886,0.575253989973602,31.321723151159254,4.049173656251215,0.2530132724417759,0.05555421431626743,0.620558044841341,0.0031367277747114913,0.3570052081870228,0.9486866593360901,190810,oil_00750.tif,oil
0.09879956781904399,0.4507019418454873,1.2736318407960199,0.37521878522426927,30.80321111783328,4.017855805418325,0.254313373929604,0.055734768172287154,0.6253637929733976,0.0031579125845184355,0.3570057980013863,0.9728612303733826,1234839,oil_00751.tif,oil
0.09333426357014568,0.5886601315175647,1.1160762942779292,0.5704692289679837,30.754137038890033,4.013300301384194,0.25471512170506305,0.0558376448549023,0.6251367909926151,0.0031696553497405047,0.35692198057432434,0.9748363494873047,2136133,oil_00752.tif,oil
0.09423060583384031,0.4496709276531075,2.1790393013100435,0.1605394194502542,31.623496742492982,4.077122603457269,0.2505469122045384,0.0571186350516134,0.6030470096175924,0.003309860410693746,0.36091372083589984,0.8926122784614563,19027,oil_00753.tif,oil
0.053051657141893825,0.3699224608315517,2.4189944134078214,0.09348349181364264,31.229471262551527,4.044085198778032,0.2528663199245348,0.05758635151188533,0.6057495095641717,0.003364028305832143,0.35969428847569956,0.8768572211265564,30106,oil_00754.tif,oil
0.22661174217882227,0.7734522256053357,2.88,0.3292901234567901,32.04878963234333,4.108963447900422,0.24807511109347746,0.05723685942370034,0.5893832566405881,0.0033182374485138037,0.36252419667053815,0.8515821099281311,5577,oil_00755.tif,oil
0.1205473322008245,0.6017008731148656,1.7224489795918367,0.128310281458555,33.27755190075222,4.206070037405571,0.24235715118574225,0.054776199677470536,0.5959196029397502,0.0030402350502547557,0.36450176825462866,0.8652418255805969,13768,oil_00756.tif,oil
0.06985107779911921,0.4559140498060152,1.855140186915888,0.08091645283551872,32.771166146477114,4.170847745194916,0.24401816924109127,0.05574782443897978,0.5875761811236537,0.0031483747871479954,0.36286914137352166,0.907403826713562,28457,oil_00757.tif,oil
0.08322376287344846,0.5132841401412491,1.5925925925925926,0.11173987941429801,32.43395219831642,4.140177308466,0.24685073361859544,0.05611530970336785,0.595653663520409,0.003191504324664941,0.35968840579710143,0.8507689833641052,13555,oil_00758.tif,oil
0.06682150679069754,0.605549620304334,1.412162162162162,0.06780033622138885,31.81533775712972,4.093538112163724,0.24932446446954792,0.056790568832341376,0.5967145941356011,0.0032695554349471386,0.361219063954913,0.9206225872039795,53721,oil_00759.tif,oil
0.04674745274260544,0.5661641359461679,1.5140562248995983,0.04450992298104886,30.814709563482342,4.02283877042354,0.25364470481110696,0.05751327645145196,0.6037304833835863,0.003354803545668404,0.3601519091847265,0.9395492672920227,106639,oil_00760.tif,oil
0.13809256059968822,0.777964039475463,1.3785900783289817,0.14228281509613103,31.210589220242184,4.048647968535134,0.25332412422510175,0.05730139943988874,0.5981980209725797,0.0033303875132360064,0.3590357577622303,0.9324256181716919,29453,oil_00761.tif,oil
0.3583022519475596,0.8499599588147809,1.2085561497326203,0.35159244711561216,39.918429537984025,4.585696990195814,0.23245368169470354,0.04910687914927513,0.6205541900464805,0.002454467738555421,0.35589039524255695,0.92610764503479,15170,oil_00764.tif,oil
0.10238267994013683,0.7319969746602754,1.8918439716312057,0.12142232812884271,39.62317838004879,4.543644808518252,0.23669707373893778,0.05040273391501918,0.6216288257874197,0.002587118833772682,0.3534647600281146,0.9336019158363342,74241,oil_00765.tif,oil
0.28031251622508013,0.8551359756851796,1.8125,0.30856585390736585,42.69215807454312,4.721099714090212,0.23161786330640396,0.04951590636386692,0.615951671929237,0.0024998142800807463,0.3515477619619276,0.9303851127624512,24607,oil_00766.tif,oil
0.25391144891211076,0.7292701405842242,2.4328358208955225,0.3966211885358484,28.45081808871866,3.826785781993708,0.26803126159154766,0.05671773533543371,0.6624270069512144,0.0033078246934297164,0.3434645585171732,0.8096205592155457,4517,oil_00767.tif,oil
0.3075227633853888,0.6829433706341133,2.088235294117647,0.4171499585749793,23.114465879568755,3.4623135267534977,0.2894090211302137,0.06465040936167779,0.6633495036417943,0.004290151433466132,0.3401918316831683,0.719133198261261,1058,oil_00768.tif,oil
0.07361618276764327,0.6704007867427502,3.6102362204724407,0.3629195682600744,13.733766229594497,2.6675003327219464,0.3453879610018081,0.08279745229175325,0.7023918649823601,0.006953592851116988,0.34320389071493373,0.9019546508789062,80109,oil_00769.tif,oil
0.05902593016351024,0.6598605577689243,3.550943396226415,0.3374070138150903,14.435642240084825,2.7374538536457873,0.33890075418963095,0.08079040987755429,0.695371508899803,0.0066209842519069275,0.34518119282320403,0.900091290473938,80857,oil_00770.tif,oil
0.08031461223834024,0.37322758615864177,3.589641434262948,0.23586674390119874,30.468630519984394,3.9896522980255016,0.25577660490509757,0.05733119171953174,0.6160088338080338,0.0033357551484430627,0.3596675980750045,0.9035041928291321,49707,oil_00771.tif,oil
0.12175027070602411,0.5971441208062173,1.974820143884892,0.3405832710880476,30.75686372623521,4.0327807007018714,0.25248513730315764,0.05621457309477996,0.6086091809811692,0.0032029785057671708,0.35862324204293117,0.9116005301475525,51041,oil_00772.tif,oil
0.09492826512643489,0.7120116292962683,3.443609022556391,0.3668676330564402,14.264981655690864,2.7202797071293574,0.34049052735893054,0.08130194360036579,0.6966471724902262,0.006704673478520736,0.34439817724701444,0.900011420249939,81436,oil_00776.tif,oil
0.1697818077509259,0.7140282963679828,4.658415841584159,0.5201255247735188,34.38342335543061,4.26551174699981,0.24364126508609482,0.051123351446825935,0.6369367393111864,0.0026558375262758227,0.35542366561312544,0.9572345614433289,99161,oil_00777.tif,oil
0.09459792890126568,0.6679917638136553,1.4269293924466337,0.327041066019678,24.251182839740597,3.5740655167341697,0.27825240399755585,0.06056370072956424,0.6636087310907444,0.003726214263134045,0.3527184613054672,0.9589465260505676,171287,oil_00778.tif,oil
0.1101423818251636,0.7197516323426834,1.6082474226804124,0.41595955590800954,22.864790342958912,3.4712363444598413,0.2840392043096448,0.062110926986450904,0.670362530477627,0.003918859545632093,0.35226716604244696,0.9610204696655273,154703,oil_00779.tif,oil
0.04428913858614091,0.23561400331085378,1.257201646090535,0.04709189549615082,29.497176193507933,3.9027823834874544,0.26333993211610607,0.057877928031857435,0.6368234328244747,0.0034055095121460523,0.35412561458552544,0.939416766166687,57501,oil_00780.tif,oil
0.06660722273356698,0.5724379180441301,1.4104477611940298,0.05879886282871358,33.815357894400236,4.220267268367063,0.24485301120958317,0.053008171106354904,0.6238086600148247,0.002854024622961967,0.3574211309523809,0.9307135939598083,38327,oil_00781.tif,oil
0.04319901540264307,0.2720622558718743,1.8344827586206895,0.046843660876328755,34.12571973542913,4.23991203707781,0.24402596948248245,0.05280527146976553,0.6211505379455771,0.00283232784139554,0.35736852356836774,0.9240767359733582,46673,oil_00782.tif,oil
0.10865732101272108,0.3940902084445743,1.2654867256637168,0.2689729149906141,34.93527106256122,4.290560408431182,0.24156023367539164,0.05242950065988402,0.6157684099943255,0.002789993391482248,0.3578151322053761,0.9336255788803101,39984,oil_00783.tif,oil
0.05484094080711726,0.33618365143160195,3.0874125874125875,0.20833993300018214,34.898978497790154,4.2986206609817765,0.24097107982814703,0.051406276436948964,0.6252598618874952,0.002683737536618338,0.3575439159380765,0.9593381285667419,210290,oil_00784.tif,oil
0.0521522635781091,0.5008538351091358,3.170278637770898,0.18799243844330496,40.39438022892603,4.637408880627369,0.22791858107736288,0.04784740071708386,0.6072197096663026,0.002326206562527124,0.3558046239367604,0.9576161503791809,245452,oil_00785.tif,oil
0.06811897783828919,0.5618304902461879,4.5612472160356345,0.22951448096464366,43.789491775286635,4.828156684725914,0.222757996460501,0.04656314582913866,0.5972680760380158,0.0022050509651280826,0.35358596196503134,0.9618233442306519,213327,oil_00786.tif,oil
0.09952569370876489,0.6733159248960684,3.8835616438356166,0.37222010823609,45.56793279485069,4.911305764602195,0.2235339290858282,0.046796402594483394,0.5991663031832793,0.002231161303190716,0.350204606760402,0.9586231112480164,124788,oil_00787.tif,oil
0.11390334704862305,0.8238301932780517,8.69032258064516,0.380439207797495,44.88601457179533,4.875746852128965,0.22411038039704495,0.04674126171602057,0.5980706448128472,0.0022246259623171787,0.3517749583493528,0.9697494506835938,80820,oil_00788.tif,oil
0.09204477663282237,0.5509651593202507,3.6143790849673203,0.38065542672765307,41.63553673972877,4.70962720189962,0.22601336170116543,0.047246011947305475,0.6042739444450533,0.0022682859184448064,0.35557926973302095,0.9578945636749268,127826,oil_00789.tif,oil
0.15208006288555734,0.6429706416464891,3.9927536231884058,0.3352600015781583,32.99000102695537,4.155261381646168,0.24805621279759557,0.054380680712218646,0.6173492833217227,0.003000814519260193,0.3549299237767396,0.9448328018188477,26140,oil_00790.tif,oil
0.19615008095751746,0.7364194615021257,2.0754716981132075,0.200557461406518,38.83526601266036,4.61793455280845,0.22138189221525673,0.05071920265886673,0.5453484498976111,0.002605523316879874,0.3673823529411765,0.9117075204849243,4914,oil_00791.tif,oil
0.08743812110778669,0.25791850000766553,1.6682242990654206,0.11010268593418676,36.588301660213816,4.468784934860281,0.22771652962612135,0.05090401129176848,0.575094597933299,0.0026270241879667324,0.3635195097901113,0.9393541812896729,34613,oil_00792.tif,oil
0.12504118779132825,0.39058467862929847,1.2463503649635037,0.13910960660888524,32.052944325801064,4.122398447345837,0.247244902325142,0.05455593332626507,0.6103039359991046,0.003023500092448476,0.35942195091565965,0.9579453468322754,53076,oil_00793.tif,oil
0.04498608861452012,0.26336345100312797,1.801231310466139,0.057743874367854005,31.318139119900735,4.065078088871169,0.2509508936229123,0.05496723999154615,0.6199790303776941,0.003070720921815287,0.3579030433269066,0.9519351124763489,137089,oil_00794.tif,oil
0.0869365540993589,0.4146004744299361,1.7801556420233462,0.10312559800982331,31.444159956916533,4.067703805135528,0.2511684573611679,0.05535879594542792,0.6160924732685359,0.0031146108869487678,0.35765733712839975,0.9425812363624573,49637,oil_00795.tif,oil
0.12483856693700693,0.5718090761569022,3.0157894736842104,0.23465601175714154,32.3358523447407,4.134739470379196,0.24768615226756804,0.05464664602869661,0.6072284939263108,0.003035235817768702,0.3583371023669531,0.9224870800971985,26227,oil_00796.tif,oil
0.13408856579587888,0.5700061631171677,1.8202764976958525,0.24277547687102607,31.39416592300435,4.062751117056689,0.25134033301388126,0.05534027787490521,0.6212266050790374,0.0031132743630213518,0.359123600857347,0.8914170861244202,21231,oil_00797.tif,oil
0.2915753315831953,0.6872896035559042,1.7578125,0.36508680555555556,30.71788083729752,4.009926771133059,0.2537342627964503,0.05606404404062312,0.6273425630466394,0.0031954152592564558,0.3601638123603872,0.8910565972328186,10775,oil_00798.tif,oil
0.05339913787951994,0.4178022552805255,1.080325960419092,0.08517321665127855,31.08771428748212,4.055222835779555,0.25087339721775864,0.05473212011165618,0.6247672578358321,0.0030445287661080398,0.35892290603549293,0.8931464552879333,69177,oil_00799.tif,oil
0.0689284037546501,0.42751562643324204,1.0442225392296718,0.0953701971422558,31.36327326351835,4.067357005235692,0.2507859338355202,0.05502165798494496,0.61711906594212,0.0030760385491847434,0.35830142274524457,0.8818551898002625,50154,oil_00800.tif,oil
0.3145470694797277,0.7035338850369045,2.32,0.5423275862068966,27.104857394107416,3.7229489355800203,0.2717499072776719,0.06071720031372054,0.6401789586415282,0.00374739135620265,0.355736301369863,0.8011618852615356,3302,oil_00801.tif,oil
0.2116589912323637,0.5838004211890491,1.180722891566265,0.2769086550282764,29.168641336479443,3.9104885856453473,0.25926910861696617,0.057462923616825395,0.625418488496512,0.003358475890213788,0.35874571067364996,0.8348942399024963,9321,oil_00802.tif,oil
0.09414871869400018,0.3926723071594676,2.423611111111111,0.1973968282394142,29.14384679640926,3.866265808306056,0.2663551676691913,0.05873480230941944,0.6373003190331826,0.003512444699753487,0.3528363633156033,0.9082961082458496,40679,oil_00803.tif,oil
0.023111550320386462,0.3473246168789876,3.4212121212121214,0.26680892181335053,29.052877728532614,3.862950570273641,0.2660347534601355,0.05848261721391648,0.6388229481042164,0.0034822879378638653,0.3528904227782571,0.8831473588943481,101843,oil_00804.tif,oil
0.14860436159995608,0.6342420669142365,1.7586206896551724,0.2486304866774296,30.901298909704323,4.0229878743907825,0.2535151375802009,0.05584140239594736,0.6181037575852677,0.0031679107870934073,0.35583502456443866,0.9260450005531311,18513,oil_00805.tif,oil
0.23429395469628458,0.7964204339068124,1.04,0.18552307692307693,31.83746359932097,4.096089547827182,0.24901954460228093,0.05487893354036809,0.6132039902977621,0.00306094929327623,0.3586330049261084,0.9339022040367126,12383,oil_00806.tif,oil
0.10096513253288598,0.6641308711360899,1.0225225225225225,0.08207078223598048,35.8607416063718,4.414650127369542,0.23086096062491632,0.051402801678844715,0.5820801873354751,0.002683248022432966,0.3605764201276284,0.9024530053138733,17123,oil_00807.tif,oil
0.1728804547064996,0.6107862454713023,1.2185792349726776,0.23547501776568894,37.732388221437326,4.527809702721802,0.2267624650101414,0.050726638476030886,0.5704903924925517,0.0026118222052837837,0.36111265749967525,0.8920348882675171,9948,oil_00808.tif,oil
0.22019607561511328,0.7347541460576084,2.1220657276995305,0.262303170052765,35.14020597938559,4.27393299416279,0.2459901952653028,0.05207051597889096,0.6333960640961027,0.0027630575703531278,0.3506791325430006,0.9763869047164917,102032,oil_00809.tif,oil
0.17484129962108624,0.6982733486669475,2.2150313152400836,0.21206409048067862,34.75212747651111,4.250516749558418,0.2469925677587839,0.05235953488679028,0.6335590772277908,0.0027937328732732672,0.350713733907898,0.9722422361373901,108958,oil_00810.tif,oil
0.42684625498185547,0.8981549959129657,1.7965367965367964,0.48139571272101395,41.161830172796805,4.623004457911052,0.23537990137087572,0.04799519506520487,0.6318379977707598,0.002353102099544599,0.34652053818052214,0.9767048358917236,46657,oil_00811.tif,oil
0.15981239763861632,0.7564493028469207,2.4570858283433132,0.21666577486781108,39.574862473490235,4.542751180790429,0.23661577713277104,0.04868836271563359,0.6276204225237821,0.002419005480615493,0.3476823911910405,0.9677414894104004,134833,oil_00812.tif,oil
0.20505101275028173,0.6441127122763552,1.7777777777777777,0.2785712348090278,40.5570720315372,4.597863449764833,0.23531454659203,0.04846168408418599,0.6232227757703086,0.0023969401930725638,0.3471411693100856,0.9540596008300781,41637,oil_00813.tif,oil
0.2631016891399093,0.696079129011599,1.3577235772357723,0.23810914755854146,32.89672366655155,4.178707295873759,0.24450043967617416,0.05485615618423034,0.6016616210754153,0.003052373274990223,0.36485186291098504,0.8572037816047668,5091,oil_00815.tif,oil
0.13499458676800377,0.7416154755999848,6.825396825396825,0.35874861572535993,33.07832880600021,4.199369573823265,0.24312596306554596,0.05391124058071395,0.6037340207680368,0.0029496896604555307,0.3587190275829827,0.9141236543655396,10158,oil_00816.tif,oil
0.13363466932401047,0.7192885141631536,6.661538461538462,0.34554983123112454,33.011826002307544,4.195628809235034,0.24302324697266886,0.05397603274520191,0.6041808291698736,0.002956701495799553,0.35966806865977036,0.9127828478813171,10168,oil_00817.tif,oil
0.09789987155291834,0.5168012691087396,1.0726643598615917,0.07999776760799196,32.00028466639618,4.126897107539657,0.24633910523281485,0.05526579569282841,0.6001956855281043,0.0030985567454899954,0.36225336529596164,0.8392817378044128,7561,oil_00818.tif,oil
0.09478859868673194,0.5891207066891382,1.1615598885793872,0.10157111079938277,33.162715238903644,4.199891843117502,0.24349855670053172,0.05364801610703337,0.6083069353576099,0.0029206702052063044,0.36036875370220206,0.8766440749168396,15743,oil_00820.tif,oil
0.06625148432749217,0.7647337409981753,3.2475247524752477,0.09206881053959054,36.900594762494904,4.476290040797287,0.22895862209497023,0.050937620953087404,0.5761613054195706,0.0026396817908504056,0.3606535529612453,0.9264206290245056,28458,oil_00821.tif,oil
0.18354579411502717,0.7984800571253697,2.6814159292035398,0.22861356932153393,36.768972915740214,4.463902977371618,0.22913725008674182,0.0513559879138685,0.5694020371269567,0.0026820840328121514,0.35945735945735946,0.9139534831047058,8150,oil_00822.tif,oil
0.08419735807359843,0.5626990041325114,2.0584415584415585,0.08507108033921915,36.8269642725084,4.467715655804724,0.22910357394062034,0.05131639947075427,0.5751776343306968,0.002677623561267058,0.36091968425009396,0.8269898891448975,4488,oil_00823.tif,oil
0.05859139375833644,0.3819464922392301,2.55,0.06984191176470589,35.96209787406516,4.417526722675867,0.23111429424103797,0.051521566229495094,0.5814172075309514,0.0026977460342304375,0.36043590607796877,0.9338251948356628,29570,oil_00824.tif,oil
0.039943514218061714,0.24318607870278822,3.240506329113924,0.059383344046677215,36.59066529835196,4.4575689820504145,0.22920852964448088,0.05115433423294805,0.5753577374128944,0.0026581862716857,0.3608833612632175,0.9482071399688721,78969,oil_00825.tif,oil
0.033357639579887154,0.16718254590040835,1.696843853820598,0.03968945089219651,35.76363913939859,4.413870090143738,0.23036094407916374,0.051271041516875906,0.5854288127156828,0.0026699399298430737,0.36220014163761277,0.9484972357749939,100263,oil_00826.tif,oil
0.040954681530646436,0.2695005701803697,3.085483870967742,0.05658862114901438,36.32578881764031,4.439469445720106,0.23013457516848873,0.051256925128591785,0.5778800790308556,0.002669438918185553,0.3606119515143595,0.9455959796905518,69032,oil_00827.tif,oil
0.15699672984503607,0.6710487022682715,2.1025641025641026,0.4489220693488986,29.905660451476262,3.9424117921725306,0.2592326986228235,0.05717842214948009,0.6240613572346521,0.003326411884932763,0.3552462494770187,0.9288124442100525,47962,oil_00828.tif,oil
0.06902168240787707,0.5626001810525966,3.8675213675213675,0.3198800585540917,29.23373900444983,3.8874702354221453,0.2626541230412891,0.05800459797659116,0.6307064249587584,0.0034236166697871615,0.35532328633932914,0.9343349933624268,65400,oil_00829.tif,oil
0.04611116249944208,0.42385684278558733,2.071017274472169,0.16798983917361457,28.584942484495084,3.8356667665985738,0.266280441223122,0.05913034090406181,0.6332373523978303,0.003558428086723614,0.3530591972297274,0.9184322953224182,96304,oil_00830.tif,oil
0.051989039324515846,0.513442817087825,1.466512702078522,0.2680656834754778,28.648681055607746,3.8397825613313756,0.2661374193755585,0.058944258030394464,0.6339323077165154,0.0035357967776535578,0.3529456720385446,0.9134366512298584,75245,oil_00831.tif,oil
0.1478420067530776,0.6890400326259982,2.2077464788732395,0.44120223734753017,28.89192795785434,3.8348967575040716,0.26857181151691256,0.059634016632367885,0.6401422985391988,0.0036212202874210068,0.35253856072283785,0.9212383031845093,68703,oil_00832.tif,oil
0.10229025405496792,0.4317023198786823,1.9893048128342246,0.19233727215226268,28.975639296782568,3.839333748232153,0.26892592494661816,0.059860710634870286,0.6386725664854475,0.003650108696110554,0.3515235244454678,0.9195617437362671,54593,oil_00833.tif,oil
0.33413600691052425,0.7682821708153752,3.317757009345794,0.5748716598657365,29.84080151680488,3.913046058875018,0.264142389714485,0.05841967841419185,0.6427850711530478,0.003476024820142795,0.35074414636458434,0.9381556510925293,22223,oil_00834.tif,oil
0.04848949078257187,0.4700123342584027,1.9243697478991597,0.20975147701001798,28.359213085907122,3.8175703448195786,0.2674281546026025,0.059364895356906255,0.6346633662808849,0.003586637253623502,0.3525237430108303,0.9118934273719788,92563,oil_00835.tif,oil
0.1301063088853824,0.6429961011616456,8.5,0.4724470588235294,29.593752893643362,3.907718026610127,0.2618833306675162,0.058074677352029605,0.6211857916388575,0.0034310061268490203,0.3565415019762846,0.9507090449333191,41036,oil_00836.tif,oil
0.15884625424685223,0.5816394926747739,2.520408163265306,0.34504358423531356,28.56206732848372,3.8350629103235656,0.2665408868104604,0.05934869629128936,0.6368435106390369,0.0035852272053748715,0.3513814767276903,0.928741991519928,33732,oil_00837.tif,oil
0.0798331669733965,0.7254530749183716,1.4555444555444554,0.12453812488129579,30.364596067929824,3.9368383739415753,0.26474300621303726,0.05524616124530412,0.6628618579257619,0.0031281696597094885,0.3426782519305693,0.9255622029304504,164010,oil_00838.tif,oil
0.20986875888932355,0.7804691653375864,1.2246376811594204,0.2797668391313876,31.570268265279406,4.01883054363409,0.2608740964616178,0.05402391582850029,0.6612319615499233,0.0029906128424967964,0.3434770977874426,0.9410492181777954,59296,oil_00839.tif,oil
0.11592329430523336,0.465990040174698,1.6370967741935485,0.14105399297279164,32.459035414901436,4.113674701011005,0.25140252706559185,0.0541796484201828,0.6272123003754471,0.0029877589882105955,0.3550237594080878,0.9197456240653992,32242,oil_00840.tif,oil
0.04773293502818304,0.4499517620321802,1.5277127244340358,0.058323630180017925,32.745628652191186,4.134541580250998,0.25025776016327206,0.05378667700738197,0.6283011727866299,0.0029449811845810147,0.354452030950469,0.9339032173156738,148067,oil_00841.tif,oil
0.0990182453337526,0.6059568846454092,1.3205673758865248,0.1229944161315142,33.455268495218164,4.177899745291132,0.24861040304427848,0.053271659366498844,0.6269739506113208,0.0028891826955575245,0.3537573168802405,0.9309723377227783,81873,oil_00842.tif,oil
0.18853111068216058,0.7248338974551837,1.080188679245283,0.35729587212655517,35.2134874625672,4.284936998527705,0.2435047207339337,0.05253281268414023,0.6158707018760646,0.002807611476599278,0.3577936593957458,0.8980852365493774,17796,oil_00843.tif,oil
0.22440080622932754,0.8227323449705085,1.50920245398773,0.1930644919946132,31.75875251266723,4.104588347654962,0.24836374856542748,0.055791054973259716,0.6066107320839009,0.0031577933479817986,0.3597469400015018,0.9244785308837891,8016,oil_00844.tif,oil
0.03204786922410837,0.31640432083950665,3.129511677282378,0.21363218649082324,30.171173349822723,3.9734025563668065,0.2563198304958356,0.05646012821360025,0.6273558432129013,0.0032399963668125584,0.3565347478314023,0.9144922494888306,147009,oil_00845.tif,oil
0.034857954623018494,0.40259341031502577,2.716442953020134,0.16015613664910397,29.72643254754466,3.940353244082374,0.2582437777625549,0.05707118308994659,0.6281337823479055,0.0033107585341758407,0.35623589771665215,0.9256138205528259,153015,oil_00846.tif,oil
0.08393592604823559,0.7993526147637464,1.8098859315589353,0.07594577755056395,31.54022971564647,4.003436432934247,0.2624907763975378,0.05536616344529421,0.6652146540798255,0.0031310961869411937,0.34726093575137457,0.9153124690055847,10005,oil_00847.tif,oil
0.06953313307335514,0.7841879653205273,1.8746081504702194,0.06377318333840074,28.236612841017596,3.7720472455656715,0.27499962704451975,0.05779053829876191,0.6858711577722695,0.0034120788096830895,0.3471885094811381,0.9162358641624451,12783,oil_00848.tif,oil
0.23364366272699677,0.8290178977014627,1.6134453781512605,0.19968925070028012,28.1390305249514,3.80629218203746,0.26780492024905606,0.059895936938762474,0.635784657843194,0.003652170719780885,0.35189551968075455,0.9022210836410522,4765,oil_00849.tif,oil
0.3070751377087925,0.8701955495616993,1.1126760563380282,0.23007666250668568,29.0795478145388,3.883114559454901,0.26303191726120045,0.05668079065303269,0.660101684009353,0.003276662196229554,0.35407393950404215,0.8485072255134583,1383,oil_00850.tif,oil
0.057795457830986455,0.41131857332793803,2.4939759036144578,0.06470992666317443,27.011060675166263,3.7001854695239045,0.27624012190886177,0.06110109979447202,0.6480925512135804,0.0038057953775404714,0.350445594920733,0.9108647704124451,18638,oil_00851.tif,oil
0.1356553049957742,0.6809317921115327,1.936,0.12755371900826445,28.7629644643783,3.843699609153827,0.26570646340552356,0.05887389569968657,0.6439136183336244,0.003532808809254336,0.3536788691554911,0.8644090294837952,4111,oil_00852.tif,oil
0.06681306321491662,0.6776399414329617,4.168269230769231,0.11677091651140094,32.28007332252718,4.138108333824209,0.24611276154231532,0.05404437616554687,0.6146453161221016,0.0029674005108902596,0.35921511461727546,0.9208502769470215,21953,oil_00853.tif,oil
0.0454730849155584,0.7077495416649939,4.556473829201102,0.08808764794254516,32.26309092531269,4.140075628596846,0.24595931531269155,0.05387878114170821,0.6164775007912756,0.00294902811678144,0.3589585267648193,0.9367396235466003,54600,oil_00854.tif,oil
0.0522240045690446,0.7139705054598672,4.697247706422019,0.10654050494552753,31.931271963635098,4.116115743327191,0.24716513052454872,0.05414810442223153,0.6182162536120546,0.002978576613813644,0.35830308644045067,0.9535930156707764,97286,oil_00855.tif,oil
0.0718498623302628,0.705345114962212,3.4282744282744284,0.1363164722776609,30.87210306092327,4.041216158293472,0.25126954040262606,0.054518543159929336,0.6321783878360028,0.003020549732420412,0.35749802423603794,0.9368472695350647,108958,oil_00856.tif,oil
0.12888798817085798,0.34206447264966866,1.6923076923076923,0.18486548174048173,31.663096805973964,4.061122946730052,0.252462679049265,0.05603846174506733,0.6187740641515882,0.0031907887767524193,0.3577463243361861,0.8547501564025879,8002,oil_00857.tif,oil
0.2429301925547225,0.7976878612716763,4.6,0.5185185185185185,32.21764807329717,4.090137668622338,0.2507851204559223,0.05597391378815409,0.6288904708531522,0.003182837621202257,0.360450070323488,0.8567171692848206,5054,oil_00858.tif,oil
0.25710464509593967,0.7394970636952266,1.1304347826086956,0.25663670568561875,32.14985994064203,4.1278254937545125,0.24687936165752566,0.05513602246188349,0.6188222543062665,0.003086651470493751,0.3600440420846587,0.7782979607582092,2603,oil_00859.tif,oil
0.067180384986902,0.3405348520490281,1.7564102564102564,0.06434821261463597,30.209279034735772,3.975235788909279,0.2555868044369912,0.056912129351487525,0.6195757858976341,0.003288930471072782,0.3581466642384508,0.8752714395523071,11613,oil_00860.tif,oil
0.048714333021017145,0.22765031497419533,1.5448577680525164,0.04709864183832235,30.618605573402814,3.998021157960374,0.2551864943222172,0.05683050623377943,0.6199318220638663,0.0032799400864528395,0.3584640880278547,0.8798090815544128,16037,oil_00861.tif,oil
0.09295140080673113,0.2801482284255974,1.7843137254901962,0.10791720534367594,31.795363135527147,4.082804971336553,0.2503628314454718,0.05590900185840412,0.6079455058786379,0.0031730637349722136,0.3604277842856523,0.8777530193328857,8473,oil_00862.tif,oil
0.08079154179430693,0.38072570295181424,1.564,0.08345780051150894,31.169688385955357,4.043364373801191,0.252414824280775,0.05643328533946075,0.609695489399501,0.0032330719605076896,0.35858500169664065,0.8484707474708557,8634,oil_00863.tif,oil
0.15559139538559777,0.5003830883889392,3.9649122807017543,0.2788386896444651,29.912448191280934,3.9732010591622355,0.25443169637923885,0.057242392997130034,0.6196086961031819,0.0033262955952542183,0.35650143678160917,0.8929020762443542,3830,oil_00864.tif,oil
0.09437358767472206,0.5012363996043522,1.3991853360488797,0.13520664538105107,29.82127892394413,3.9364656170495533,0.25905749217059004,0.05790476738139401,0.6220524471649445,0.0034059675152862245,0.3559449010504673,0.947709858417511,46474,oil_00865.tif,oil
0.1116159528623768,0.48315417165327407,1.4288617886178863,0.1307274861511062,29.89340993192965,3.9428791979079527,0.2586728851836019,0.057764925560187,0.622350449189823,0.003389659528655576,0.3560474196735193,0.9523963928222656,46123,oil_00866.tif,oil
0.10754862479688529,0.48574168973171467,1.5304347826086957,0.1368360918972332,29.692605851263455,3.928950817970299,0.2593828844876964,0.05797463571272679,0.623650923792429,0.0034143241983475743,0.35607629427792914,0.9487027525901794,45208,oil_00867.tif,oil
0.03973995479787584,0.457858650480473,2.2660332541567696,0.043478639756594314,33.42031638196863,4.202516116994042,0.2455987148771711,0.05273288200709414,0.6195367922301246,0.002825469695559686,0.3561767337346889,0.8709336519241333,18480,oil_00869.tif,oil
0.03731939113444963,0.42559534797858595,1.659375,0.03391963865348399,33.995270328814904,4.247017112549412,0.2417168757867051,0.052405116167928464,0.6134901495733036,0.0027893696015315276,0.3571862137779071,0.8989971876144409,24221,oil_00870.tif,oil
0.024194721511968335,0.31008423805613844,2.0098135426889105,0.024429635748895978,31.550895003910174,4.081829717889611,0.24989336562378878,0.05419268705410893,0.6281676842502206,0.0029838474035172504,0.3572207906339371,0.9219614267349243,53183,oil_00871.tif,oil
0.027269959492224223,0.3791232086831171,2.3029279279279278,0.02954470362783321,30.145191661038805,3.985762478968336,0.2543789788624573,0.055075129111535656,0.6391462765492206,0.003082110305666904,0.357210989410299,0.9295594096183777,55797,oil_00872.tif,oil
0.08049263679960221,0.48598894860343655,1.934375,0.08103291599353797,30.63157937096562,4.012293286149502,0.2536591145665821,0.05600846208617115,0.6240051413658676,0.0031863686562141414,0.35757548445245607,0.9238457679748535,16730,oil_00873.tif,oil
0.16048791914594557,0.5778526439138714,1.3724928366762177,0.14159154398789264,32.84986318983546,4.113392576222968,0.2537170600420108,0.05563461894649452,0.6305279242405414,0.003150943243153208,0.3536688280473866,0.9501423835754395,24242,oil_00874.tif,oil
0.07103858152162568,0.4293239575960143,1.5127572016460906,0.07034551780652615,30.928602636356302,3.977436384138646,0.2614692360347768,0.05759470703283442,0.6383221603182229,0.003377186743092074,0.35201448191051143,0.963205873966217,158664,oil_00875.tif,oil
0.10691818827611606,0.49333625232366995,1.4397321428571428,0.11112870293466223,30.709543061261385,3.9618554453456616,0.26242702552423547,0.05778859531110689,0.6405693022774198,0.003400352848594504,0.35144857376927086,0.9645253419876099,129818,oil_00876.tif,oil
0.3799362415941873,0.8552511780209249,1.5406698564593302,0.3978052839608904,31.9770358819789,4.029860462174611,0.2613578101844436,0.0571051795036536,0.6451282650365736,0.003323198716226796,0.34950275008380616,0.9712316393852234,27179,oil_00877.tif,oil
0.2344957767786765,0.8120822010195783,3.3072289156626504,0.4492231219961815,37.7059069029844,4.439703332760114,0.2391276958610068,0.05167291372231722,0.6214887778119851,0.002716078389589002,0.3548429734588136,0.9475156664848328,41293,oil_00878.tif,oil
0.17528369404738703,0.7718246354566385,1.3194444444444444,0.14703033625730993,31.690422934411227,4.047328731196025,0.2558894783076966,0.05688342004774886,0.6315021802222542,0.0032891960266185037,0.35557678528779557,0.9510735869407654,16533,oil_00879.tif,oil
0.15378467619193084,0.7743765161695667,1.3966005665722379,0.1274816266254475,31.883662690554424,4.064640491950664,0.2547403608680167,0.05664520398497842,0.6306568266512771,0.0032614483425409714,0.3559949877439356,0.9525778293609619,22734,oil_00880.tif,oil
0.3377827590340286,0.7975632128208234,1.2833333333333334,0.311715367965368,31.656789203180423,4.051530816315503,0.2551292138692489,0.05619851199067702,0.6356535178928837,0.0032104745533020943,0.354809142591948,0.9655868411064148,23438,oil_00881.tif,oil
0.09492999225234917,0.6733364028333149,1.1919934640522876,0.08311942551752252,30.14988862564203,3.944644417705551,0.26062252182781376,0.05808958791734445,0.629732575276655,0.0034294674164630713,0.35473837857255697,0.9675039649009705,150211,oil_00882.tif,oil
0.12134900708099132,0.6826546550682538,1.3072625698324023,0.1041336007257795,30.030220160121587,3.939763133327956,0.26031482691421476,0.05809701879429184,0.626937763362689,0.003429834755101338,0.3555534268445661,0.9677284359931946,110408,oil_00883.tif,oil
0.24582766322153313,0.7509327647909846,1.3577023498694516,0.22283088973689497,29.464395518051703,3.8956892958085723,0.2629450749596452,0.058505269757307674,0.6293627020718167,0.0034778957785258366,0.3548771896867515,0.966018557548523,45008,oil_00884.tif,oil
0.14783323304163168,0.6776658529070181,1.154434250764526,0.14476071855317252,31.046651085189474,3.9809129792026012,0.2614637481708158,0.058138540646342086,0.6352117081485139,0.0034366361128178344,0.3533727495168185,0.9595543742179871,72499,oil_00885.tif,oil
0.07584370310774471,0.6346182320714674,1.0390505359877489,0.07617977680249086,31.934915368568085,4.046804812399387,0.2579871382032817,0.05685067772964385,0.6352892155685967,0.003287688081678443,0.35318332333170716,0.9567934274673462,136949,oil_00886.tif,oil
0.24307358765748352,0.8233387358184765,1.211726384364821,0.23575356379811566,33.40217111672184,4.150260012350473,0.2532281536896357,0.054864022347150584,0.6391055886389625,0.0030649089304777086,0.35243039461079695,0.9477378129959106,27413,oil_00887.tif,oil
0.10015596531415624,0.7824556830031283,2.045977011494253,0.09691011235955056,40.772178432987715,4.585382974707098,0.23872190943881122,0.04896499194759049,0.635091423266841,0.002455016640982639,0.3428197703952047,0.8913005590438843,6370,oil_00888.tif,oil
0.059189544543353526,0.6090509880458649,2.27217125382263,0.06165187005321842,47.92092043419405,4.919725558202787,0.24055278073562592,0.056731920541659805,0.63732620801496,0.0033188029623176536,0.3361163352792605,0.9172409772872925,15742,oil_00889.tif,oil
0.047722164444833286,0.47454387364275913,1.9400705052878966,0.0470021017778635,28.404589549218045,3.828822110799641,0.2661588550403377,0.058201406614676696,0.6437538679756145,0.003451379503091706,0.3521610687407767,0.9496829509735107,67791,oil_00890.tif,oil
0.09577628659529117,0.369716195933961,4.235668789808917,0.2595325894353719,29.435432859588655,3.8833654281312664,0.26502067507822574,0.057934509439923405,0.6409432713409478,0.0034210610127376265,0.3501173392836533,0.9158179759979248,27770,oil_00891.tif,oil
0.17649093185452475,0.7614368509311288,1.9962962962962962,0.1778464921322064,29.63801988853441,3.9063349527822946,0.26211843160397774,0.056998396260925684,0.6407741247066445,0.0033107281096467003,0.35291817087845967,0.9613091945648193,26464,oil_00892.tif,oil
0.1667420925017334,0.39056595587308607,1.2378640776699028,0.19992702582651184,35.999934062687664,4.360959219297956,0.23948760580339504,0.050094136893892804,0.6308977984238859,0.0025529730977376305,0.35303206770712015,0.9629960656166077,94829,oil_00893.tif,oil
0.07586294709135859,0.6648921648921648,4.295454545454546,0.13016407460851906,36.122047519247786,4.378015154809123,0.23804245220696005,0.050117140027485275,0.6202744408328207,0.002555571375216772,0.35411098383606976,0.9068605899810791,10321,oil_00894.tif,oil
0.16681273758711124,0.38865576080440517,1.2362459546925566,0.19979159253799625,36.00384090111597,4.361199202143873,0.23948095607720904,0.05008953923430794,0.6309493072329633,0.0025525189023187338,0.353035497714339,0.9646984338760376,95417,oil_00895.tif,oil
0.15919510184741853,0.38623678387017457,1.2427184466019416,0.1985771895226537,36.00252244922687,4.361147738919533,0.23947134669260042,0.05009770684136748,0.630693423830223,0.0025533203014860223,0.3528903276710294,0.9638515114784241,94951,oil_00896.tif,oil
0.2538611641941128,0.7643992846293302,1.2295081967213115,0.5455956284153005,38.23066140547024,4.474424409316704,0.23947111097930887,0.04831829033965882,0.6494225812081504,0.0023809054957007643,0.34931891025641026,0.9451195001602173,61774,oil_00897.tif,oil
0.21008835895217784,0.7750754465875649,1.7798353909465021,0.39343942529555886,34.43579823091183,4.24665729406304,0.24673526320298117,0.05045184912978317,0.6581483800995866,0.002592621782570767,0.3512645619505435,0.9372164011001587,141924,oil_00898.tif,oil
0.24837920335636754,0.80514997731912,1.7908902691511388,0.4078447563996697,34.478030910061634,4.249170725286545,0.24663394151106513,0.050419794852487265,0.6581177375000935,0.0025893482321936367,0.35137813497119585,0.9376769661903381,147080,oil_00899.tif,oil
0.1761157542133206,0.6757295373665481,6.375,0.4653921568627451,30.92664121826766,4.026183564558189,0.2538561428884306,0.057348460005585286,0.6023152037787933,0.003340751368163486,0.354937343358396,0.8812736868858337,5010,oil_00900.tif,oil
0.131164658128481,0.5873163977847339,1.6261261261261262,0.12174016121384543,29.33130378113436,3.8975780004114853,0.26162121800197863,0.05798480077941591,0.6330833374631788,0.003417538502715886,0.35587641771072764,0.9068012237548828,10162,oil_00901.tif,oil
0.05177267450526144,0.4289942647355894,1.495741056218058,0.0473858428440043,30.179108323634832,3.9690397486239366,0.25651724923179164,0.0570243667758777,0.6227072259766425,0.003304397477481226,0.3569836960498778,0.8994777798652649,25432,oil_00902.tif,oil
0.02701466026036399,0.231508618246881,1.1238628411476557,0.024919890159975668,30.203901040886407,3.974651236426718,0.2560154200331718,0.05662365545650599,0.6229957888732918,0.00325801627132958,0.35724738577249676,0.9053430557250977,59326,oil_00903.tif,oil
0.07774487047734871,0.42646471587901524,1.2287334593572778,0.06677766467936601,31.218944941113783,4.049222503681881,0.25178367737056995,0.055632689402188976,0.6168598607746647,0.003144694484413576,0.35755578570756047,0.9225805997848511,23764,oil_00904.tif,oil
0.07774326197592382,0.42833001796094944,1.3092369477911647,0.06830543031019784,31.00455810433447,4.033153381483755,0.2527622363745272,0.055856261085194904,0.6177300372807134,0.0031700432819086956,0.35741112311570716,0.918785572052002,22969,oil_00905.tif,oil
0.2921170115289661,0.6861332216170926,1.3557046979865772,0.2720778789288325,31.284234141972338,4.053043343221927,0.25185344501079043,0.05531437964649976,0.6229245352550732,0.003108034140176445,0.35614525139664804,0.9186139702796936,8447,oil_00906.tif,oil
0.18466446806590933,0.5546553497942387,1.1785714285714286,0.1728795895462562,30.677182949875924,4.001681582950884,0.2553540121766103,0.05680661048872217,0.6188535725650386,0.00328084000701417,0.3556943631118919,0.9279255270957947,13338,oil_00907.tif,oil
0.06498340870713443,0.3604394626812561,2.3951367781155017,0.07814211655069199,29.72229071094221,3.942835554477726,0.25779284068004726,0.0574065599929187,0.6228348175221766,0.003347531689840967,0.3573496060096301,0.9061477780342102,21111,oil_00909.tif,oil
0.25250694881695784,0.769277290595706,1.654054054054054,0.24716481187069422,29.94768721242965,3.9672898243589687,0.25581534965000297,0.057043627233990264,0.6200690021693414,0.003304925797842623,0.35728464826486994,0.9480612874031067,14351,oil_00910.tif,oil
0.04449860245022652,0.4006440329218107,1.6832740213523132,0.04578018139685358,28.083616485276966,3.7923944096970628,0.26994447415921546,0.05902336465840596,0.6524272459569859,0.003546687929167067,0.3530775515545664,0.936785876750946,99094,oil_00911.tif,oil
0.032586244229101835,0.35893822483019916,2.13555787278415,0.03559845257103754,30.634249004819445,3.9844307376041295,0.2581478925947969,0.05656134412679102,0.6308008476002174,0.003255064288082091,0.35462845203488375,0.9335317015647888,72142,oil_00912.tif,oil
0.058994125671902105,0.4947481428332515,1.6205479452054794,0.05309695573130768,31.4094498378765,4.042187633861087,0.2546703984778899,0.0556375023439653,0.6272697380861879,0.0031489712485385625,0.3559803620068535,0.9371975660324097,47160,oil_00913.tif,oil
0.11298187862136175,0.7620837112867694,2.0078125,0.11173470938715953,29.55434606899908,3.927742542985923,0.25877613859036125,0.05648411676451697,0.6324111749032124,0.0032475371250327957,0.3541495269436446,0.8970813155174255,15247,oil_00914.tif,oil
0.10988638505903123,0.7740051501234437,1.9961089494163424,0.11057258364241776,29.54100871678088,3.9266711525102416,0.2588656710324576,0.056509254603059375,0.6323730172207186,0.003250457091045244,0.35437400940702385,0.8980082869529724,15126,oil_00915.tif,oil
0.1341848100925479,0.6808459402799025,1.8894472361809045,0.32118705228269007,30.747314560648277,4.010028569213501,0.25461725091481036,0.05533805089383541,0.6333584508405652,0.0031189830011572363,0.35555101426205177,0.8813286423683167,22605,oil_00916.tif,oil
0.16020940322565433,0.6696252044662542,1.8944723618090453,0.3137571144848913,30.653613120663387,4.00424340243226,0.2548258715691697,0.05541711500531023,0.633494425750764,0.0031277613891110647,0.35615806358164437,0.8797142505645752,22494,oil_00917.tif,oil
0.26453653766010904,0.7878246002054854,2.2701421800947865,0.49693773560636795,28.767973896742678,3.876593921697557,0.261663037074054,0.05738055719563507,0.6383759094989858,0.003352607601419786,0.3544742355444326,0.9598928093910217,50217,oil_00918.tif,oil
0.14969707057908177,0.5928668739302058,6.660714285714286,0.4062619685944083,31.294445576018095,4.050601913251556,0.251314622860331,0.055670233605599154,0.6167215535578492,0.003154912076676834,0.3582722603727855,0.9297479391098022,8868,oil_00919.tif,oil
0.1252174789648339,0.6828906935908692,6.666666666666667,0.3200874485596708,28.590607567665007,3.835460733679461,0.2661048365185577,0.05870806226591996,0.6439300617058147,0.0035142113302735834,0.3506410256410256,0.9055913686752319,6589,oil_00920.tif,oil
0.11261622824171909,0.6839826518335883,1.4362204724409449,0.15903612377400195,33.556499001754034,4.214642855161666,0.2439763178302896,0.05343764572230239,0.6120282202640224,0.002898993995793827,0.35867987119903316,0.9321410059928894,92243,oil_00921.tif,oil
0.05460853198340558,0.45564572196921155,1.8191489361702127,0.08171350067919345,31.98104644631912,4.101249041591102,0.25002589884554827,0.05440245303593996,0.6248966699398819,0.0030059374428763586,0.35741945845626727,0.9374306797981262,159181,oil_00922.tif,oil
0.04168624431734825,0.2951308838166861,3.8280373831775703,0.12664920414719627,30.93439340740422,4.024547964351823,0.2541267473523617,0.05608133687884467,0.6226534864026301,0.003193925430043351,0.3578548465154867,0.9402947425842285,137845,oil_00923.tif,oil
0.15912500691493317,0.80951083996078,3.1116751269035534,0.553775639486258,32.269967551007056,4.111114144504399,0.25011631157747205,0.05537590382050876,0.6137153455289299,0.003113007033438347,0.36029519645529506,0.9034073352813721,63897,oil_00924.tif,oil
0.10354240083934434,0.4585651716709716,2.0054945054945055,0.33807014902905314,31.978104668481745,4.0917356565651835,0.2504747933220337,0.0564100661013322,0.6015969628231663,0.003227741369728058,0.3612849295438261,0.8726245760917664,23129,oil_00925.tif,oil
0.10150774509306086,0.5229963615896436,3.6483050847457625,0.2560827969054509,29.736087666131155,3.935622860386022,0.2587459700505505,0.05869480785447078,0.6146472377540544,0.003496988384961259,0.3575248051635939,0.866163432598114,44050,oil_00926.tif,oil
0.03424284431977468,0.4227807342766106,4.687203791469194,0.2409849577580878,30.276836888548914,3.970704456333212,0.25697596158204183,0.05825099099788478,0.6118189619778498,0.003444064894754877,0.357595722761311,0.8558191061019897,51399,oil_00927.tif,oil
0.1109406949391843,0.5889964692607287,4.125984251968504,0.24315531646330468,31.112322562815603,4.031672753880602,0.25373222324041644,0.05668962883674804,0.6114052704665782,0.003262137754259739,0.35813654027455216,0.8823489546775818,16706,oil_00928.tif,oil
0.5040363730554539,0.9096716160283955,1.2457627118644068,0.4793644388075381,31.674033417030653,4.0867889218295845,0.2492624869667453,0.054956113036723264,0.619574725755349,0.003067463535574121,0.3578674215616891,0.980225145816803,75436,oil_00929.tif,oil
0.19536710619952455,0.8707753269291951,1.4827586206896552,0.21263631429848534,31.56248453652446,4.086990489694408,0.24898643145917945,0.05429244667674617,0.6253622381434252,0.002993836334681447,0.35771091130300603,0.9737564921379089,290167,oil_00930.tif,oil
0.12732079820083206,0.7782358530405405,1.504126031507877,0.13790448859097568,31.321149444322934,4.070098334905233,0.25007179353706593,0.05417596393960214,0.6313361448631578,0.0029815622161426373,0.3573981389334825,0.9726300835609436,370933,oil_00931.tif,oil
0.19834174866489931,0.9018400566171266,1.2707317073170732,0.6296963833361942,34.610315174414865,4.2814652788663885,0.2408467349402039,0.0519498797533324,0.6138667564119481,0.0027415032868942204,0.3572902509912909,0.9774553179740906,1212864,oil_00932.tif,oil
0.21759771311120157,0.8735800438281156,1.0334486735870818,0.586541877780524,35.0990324283741,4.310944784574548,0.239767691373215,0.05179107921670718,0.6105483725210973,0.0027245569934457106,0.3576207651007714,0.9679277539253235,456463,oil_00933.tif,oil
0.25084093821372133,0.6522848948374761,1.4220665499124343,0.36788906334923605,34.35522197900306,4.267303695401578,0.24168183033268423,0.05217907886827841,0.6147802099377646,0.002765344143447055,0.356564130318876,0.9627587199211121,171415,oil_00934.tif,oil
0.07888761001374345,0.29166395070419476,1.8457446808510638,0.12860613771537188,32.83294891373578,4.193858034523029,0.24180124848638662,0.05386972719290919,0.6030233816601426,0.0029427417141840093,0.36129330756878864,0.920255720615387,34569,oil_00935.tif,oil
0.0352899875550898,0.19396815855019583,4.031496062992126,0.0800175704355315,32.8920517140015,4.198746323276202,0.2415105877674958,0.05389406275457788,0.5999257664516074,0.0029449686402901547,0.36219577718401486,0.9225963354110718,85660,oil_00936.tif,oil
0.051032723331395025,0.3052257004927089,5.890510948905109,0.13867934767861503,33.06871095494566,4.210028466812856,0.24080945769656695,0.05400924616905049,0.5945357947377017,0.0029570376480541555,0.36251251978934446,0.9214847087860107,63054,oil_00937.tif,oil
0.23484793813609955,0.6771870366447786,3.6041666666666665,0.481243978805395,32.99923272817545,4.218175119353155,0.23948771157752613,0.054012052287086804,0.5941473306507882,0.002957246032045234,0.3656069999560304,0.9332497119903564,16407,oil_00938.tif,oil
0.1513738667926659,0.6505218138285234,4.575757575757576,0.3968158405244498,35.52969598596572,4.344471117966414,0.23773888070923757,0.05218908928577891,0.6003348563227131,0.002763968028320639,0.3601040011555684,0.8695168495178223,17577,oil_00939.tif,oil
0.08311023610610509,0.36039013605632075,1.0034722222222223,0.09694588619761631,32.98644650313539,4.179246230150808,0.2450405844758254,0.05405988857058511,0.6108435818794384,0.0029659191340286675,0.3586666232412715,0.9093933701515198,32545,oil_00940.tif,oil
0.15233629268592072,0.4583717069888767,1.58125,0.2566606966403162,33.94044252728458,4.2555983449161054,0.2404648844672267,0.052657939096727745,0.6075749399459455,0.002812958351408718,0.36041577825159915,0.9473142027854919,42355,oil_00941.tif,oil
0.0653788592262134,0.36297782994332894,1.3709677419354838,0.2580800061960268,32.172946479427495,4.100424592182645,0.251198134039998,0.05543578511632752,0.6175422980302533,0.00312176714278054,0.3581241379310345,0.9326650500297546,68104,oil_00942.tif,oil
0.04640792431436071,0.4113681526243328,1.8824503311258278,0.04416103141181336,32.45789580757068,4.124954185590999,0.24935167297095384,0.05513397438841644,0.6119610624079367,0.003086638244965505,0.35792387393597325,0.9036590456962585,31528,oil_00943.tif,oil
0.13365657528329994,0.5820987274850925,1.075268817204301,0.25454301075268815,34.510987622235476,4.275607043984316,0.24040298346201533,0.0532874621959325,0.600246825315849,0.0028834071132373884,0.3597222222222222,0.9018151164054871,9861,oil_00944.tif,oil
0.1637098277296019,0.4751297577854671,1.388157894736842,0.17125530057370916,32.135928026781386,4.095153655684849,0.25201312808169374,0.05560632421590997,0.6186861087573081,0.0031409130409737075,0.35753043636861065,0.9001278877258301,5767,oil_00945.tif,oil
0.1104881157861491,0.6478200249803933,1.0695970695970696,0.13988722464749861,32.50323236768473,4.140244697493006,0.24704162723619272,0.05473220007385851,0.6123361326312844,0.0030405120941683996,0.35883776692001446,0.9207607507705688,42528,oil_00946.tif,oil
0.07707748319154521,0.40174661403130196,1.3397435897435896,0.09100685498711815,31.27374849907573,4.05997442878498,0.2512228312144067,0.055338960353674166,0.6212132531046847,0.0031089193435837777,0.35886638275031607,0.9476433992385864,48679,oil_00947.tif,oil
0.4228626991984946,0.8024113121527283,1.3155080213903743,0.4897287074475023,5.881958231787565,1.4491457576375764,0.5162094214985828,0.1509044184747914,0.8784777627698817,0.023035985561442898,0.2852467775328925,0.9458984732627869,22766,oil_00948.tif,oil
0.125416421524625,0.5050836171792967,3.3944954128440368,0.24450781056285645,31.43442873722339,4.059193126873655,0.2519014583067387,0.054727346027495724,0.6250099005473124,0.003048267473285204,0.3542086330935252,0.9051229953765869,10289,oil_00949.tif,oil
0.12191811152769753,0.494836638714012,3.2695652173913046,0.2299491211840888,30.963300087190134,4.028490557195186,0.2532434451326364,0.05494276915687944,0.6293269968646119,0.0030725430310223423,0.35367759470018684,0.9064972400665283,10381,oil_00950.tif,oil
0.13225200568972845,0.6630538279208282,8.419354838709678,0.5056389815844766,30.05883925963068,3.9576644849437943,0.2581073957044863,0.05555889149079638,0.640149318571611,0.0031424528576119684,0.34997166221358594,0.9240182042121887,16937,oil_00951.tif,oil
0.05851916739393785,0.4345660034586965,6.534136546184739,0.15351880786822766,30.229469934853093,3.987917013055633,0.254851583220473,0.05506541843084983,0.6368907839153102,0.003087514901869803,0.3539808520948751,0.9184730052947998,62432,oil_00952.tif,oil
0.1470376731831668,0.6857063274685483,5.774436090225564,0.3615190319548872,30.481022768835764,4.00296623927146,0.25453598659807636,0.05564578801896547,0.6287266189358549,0.0031521491166659676,0.3537518902443802,0.9160231351852417,36954,oil_00953.tif,oil
0.07150221576866359,0.5587154024931333,13.372549019607844,0.3801391524351676,30.22859865374612,3.9705929733805547,0.2575511316670796,0.055840737323212736,0.6281553363341147,0.0031756128225949387,0.35327771578369377,0.8786986470222473,13933,oil_00954.tif,oil
0.06485842735156909,0.36304992904141403,1.5418894830659537,0.06958672065778493,31.424437368700133,4.057324932790481,0.2520891693243753,0.05620859086712783,0.6136601163332438,0.003206465033362112,0.3596668840805755,0.9161373972892761,34852,oil_00955.tif,oil
0.07687544657555387,0.4658912868575945,1.014344262295082,0.06832050008279517,31.67225099496884,4.07282591437263,0.2526062252227226,0.05578594442033202,0.6150971881107656,0.0031594880650243212,0.3577787871905519,0.9025334715843201,17176,oil_00956.tif,oil
0.07740206525568812,0.37818084168617444,1.5590551181102361,0.08050733715103794,31.37931049262705,4.055722259028695,0.2522117736315737,0.05619856864727775,0.6141752204213886,0.003205294285900175,0.36003400899067467,0.9206675291061401,33358,oil_00957.tif,oil
0.09596215347455413,0.6302036596309157,4.063725490196078,0.19102568651103385,33.773686469805575,4.221865672893318,0.24376547219372907,0.054320831880611695,0.5989011590354092,0.0029947286278376637,0.35992627698788837,0.9232103228569031,33226,oil_00958.tif,oil
0.05158433875939667,0.551682919737674,4.076115485564304,0.10101268732264874,33.16345750259297,4.180921601698095,0.24585412841160523,0.05458064694135436,0.6050161660656759,0.0030237029078954755,0.359265800099291,0.9233863949775696,61461,oil_00959.tif,oil
0.05298580766948724,0.5609182698611918,4.102902374670185,0.10161620103674418,33.164129215344694,4.180916259306258,0.24586933770434974,0.05458148981111039,0.604925703963887,0.003023816919083326,0.3592774559786507,0.9246939420700073,61564,oil_00960.tif,oil
0.06501782982152197,0.5862147811285282,4.1528662420382165,0.11270563870110585,33.17250464467594,4.185139282487964,0.24607924776550644,0.054304180743818174,0.6134639341672344,0.002994587029256971,0.35909639782332553,0.8733038902282715,12208,oil_00961.tif,oil
0.0627075165849323,0.46166041398955276,2.389130434782609,0.22954167820548324,32.93950384006462,4.185873267627751,0.24383607968568524,0.05378962017499009,0.6106430073842891,0.002934685906336724,0.35905894687370077,0.9132982492446899,118059,oil_00962.tif,oil
0.11044174213116377,0.6510795688154268,3.367149758454106,0.33338444957339597,35.0323265803019,4.327773595124189,0.2373447182662458,0.05202731471992296,0.6015931611398594,0.0027458928658111456,0.36031607450146774,0.9491360783576965,194140,oil_00963.tif,oil
0.13239853061640233,0.6463984437495455,5.195121951219512,0.4523645940684759,34.60237567355186,4.289130031577453,0.2394762428622588,0.0529005658698469,0.5969109396892585,0.002838590249033421,0.3603270904774466,0.9254705905914307,36366,oil_00964.tif,oil
0.15835849386873474,0.7187932969933557,2.1,0.2611515285126396,31.174492561032622,4.042146445314448,0.2540457373137744,0.05607553352156301,0.619355641293831,0.0031923072417613845,0.3590608267651069,0.938970685005188,68040,oil_00965.tif,oil
0.060537387513064506,0.2844798912229017,4.656488549618321,0.16232845284278147,31.974739923635152,4.1003792439365245,0.25011249753209863,0.05546567814014144,0.613403613924076,0.0031227615313129805,0.36010814481667275,0.933830976486206,113621,oil_00966.tif,oil
0.052246411447213814,0.2848393741996548,3.853211009174312,0.11175185670598514,32.51686193896422,4.13891676192465,0.24780216980500516,0.05495942034294634,0.6109834455328078,0.0030657692432857187,0.3603097709672104,0.9224486351013184,47497,oil_00967.tif,oil
0.060242079799201466,0.39234533145653194,4.508695652173913,0.12270764328539684,32.91027846880837,4.163236117737253,0.2467636911223274,0.05489425032423782,0.6064549438044806,0.0030581554684228135,0.36018672049599887,0.9086891412734985,30349,oil_00968.tif,oil
0.19026544085147362,0.7108416882495736,2.239782016348774,0.26111133210021414,31.397230031845233,4.059120583102574,0.2527953708390704,0.05592917062957588,0.618039980940728,0.003175651746707072,0.35953040877067854,0.9386987686157227,74419,oil_00969.tif,oil
0.17573736565205778,0.7824521992188497,1.4844444444444445,0.2039321357285429,33.19314481055095,4.187365660337985,0.24488471270537235,0.054161188938171005,0.6110908935951984,0.002977166963533732,0.3601809954751131,0.8955175280570984,15656,oil_00970.tif,oil
0.20531291522282524,0.7599979991496386,1.3191489361702127,0.20855868222374743,32.934386400655214,4.168747255558964,0.24583538790764983,0.05450345592743016,0.6129547681045648,0.0030151041617990293,0.35977939042089985,0.9045075178146362,15599,oil_00971.tif,oil
0.16170875538021887,0.749562653071425,1.4649122807017543,0.19692851139825612,32.836596019172276,4.164799583935131,0.24583640833734313,0.05445405823142685,0.6145940070111197,0.0030094467398537766,0.36076326774001194,0.8987882137298584,15448,oil_00972.tif,oil
0.2205898318677224,0.6293842299578059,1.8431372549019607,0.22126037176099755,33.624166474115455,4.202240993052863,0.24522262593090852,0.054364380787491506,0.6057339993224,0.0030000009236105323,0.36400098080425947,0.9311670660972595,9863,oil_00973.tif,oil
0.20872945278101313,0.7708886874433435,1.120954003407155,0.19154761473257975,27.481628265646336,3.788546761361437,0.26782906403720125,0.0579199948780902,0.6439655319561883,0.003417184897906092,0.35137197994798536,0.9739046096801758,74845,oil_00974.tif,oil
0.20716946635620717,0.7689366549968008,1.120954003407155,0.1913482599172548,27.481628265646336,3.788546761361437,0.26782906403720125,0.0579199948780902,0.6439655319561883,0.003417184897906092,0.35137197994798536,0.9748143553733826,74776,oil_00975.tif,oil
0.04351775969731702,0.4022312151984406,1.0530429927414853,0.0425785697664711,28.534055791980325,3.863889621541954,0.26222282981922884,0.056557857776611736,0.6493877577493402,0.003261193363973719,0.3521868480947546,0.958400309085846,144313,oil_00976.tif,oil
0.07564985003378248,0.46990343979379556,1.2624161073825504,0.07688524239213042,29.589780144781635,3.9407668689992548,0.2578394691187012,0.05567557213008431,0.6409122722952882,0.003160527367242124,0.35275129080612927,0.9686773419380188,217564,oil_00977.tif,oil
0.10569093916639109,0.4759028467414801,3.085227272727273,0.25887064707852003,28.702163359447184,3.8694289232780235,0.26229116731600294,0.0580606973879689,0.6317780553923598,0.0034240891565600765,0.356447859783445,0.9540881514549255,96932,oil_00978.tif,oil
0.19464447708452312,0.757900173228177,2.7065868263473054,0.46658894600180173,30.900937662738595,4.027450777571206,0.2536427038716765,0.05608575772944872,0.6149854153815932,0.003194570824319551,0.35810171849694017,0.9511713981628418,35819,oil_00979.tif,oil
0.08153478890446952,0.4537034226467948,3.3002680965147455,0.22786897027852854,29.079512121132453,3.8954474475814655,0.2607506061966622,0.057809866796657325,0.6287398452714654,0.00339458006095977,0.3568596352101507,0.9485331773757935,102757,oil_00980.tif,oil
0.04967194431619098,0.5678925935352507,2.694736842105263,0.06116365131578947,30.371516202530415,3.982202529041764,0.2563740737174098,0.05680058910841029,0.6238450533155981,0.003278415486104232,0.35679215066188247,0.8917527198791504,14188,oil_00981.tif,oil
0.023871397886989353,0.4399473005498061,2.3953216374269006,0.02698453490497076,28.11038287468955,3.7986008610933846,0.2681186808388657,0.05995769191895006,0.6353360038125252,0.0036533791396442974,0.35460694738700566,0.9094629883766174,49411,oil_00982.tif,oil
0.025963925100207678,0.3636821549530314,2.542963885429639,0.029501880192178448,29.546021340898854,3.8990592279674856,0.2639328600666567,0.05803987794468349,0.637159177638615,0.0034278653025390403,0.35339086854370416,0.926655113697052,50476,oil_00983.tif,oil
0.03113389608045116,0.2942248964998524,4.773299748110831,0.09073526381901198,31.440550181188588,4.03868390464727,0.25597638493175645,0.05564032941154813,0.6346086092310474,0.003150030553704561,0.35394877202447367,0.9233298301696777,70572,oil_00984.tif,oil
0.04490378600076667,0.35650402530113795,2.4537366548042705,0.08705183755312917,28.59728616028648,3.844144378950353,0.2652510086074891,0.05809195418970875,0.6385357298912271,0.0034371217258214893,0.35203709742389655,0.9154183864593506,66526,oil_00985.tif,oil
0.08741019593938464,0.5032404076651297,2.8900804289544237,0.2148415544623894,29.194626625822764,3.8856226489167573,0.26286878720773404,0.05725388454290461,0.6392042066257814,0.0033400518597647214,0.3518623858963908,0.9338672757148743,85204,oil_00986.tif,oil
0.06544964385255057,0.3443674725013428,2.7446300715990453,0.1683148282660579,28.85321238197448,3.8649345115092224,0.2637726340368702,0.057490030486191404,0.6403450710896443,0.003367816606505824,0.3529387339096297,0.9230350255966187,82697,oil_00987.tif,oil
0.07851297156197089,0.4607342283473922,1.5940054495912805,0.28900533314702254,28.633196775638936,3.844123093899416,0.2653228321502113,0.05778957310836686,0.6426649173264384,0.003403353506208428,0.35339630562552476,0.8975006341934204,62212,oil_00988.tif,oil
0.25286303892420486,0.6863726590144127,1.962655601659751,0.38372093023255816,28.19547787104625,3.810305411492449,0.2674584889274509,0.058277340797817954,0.6456080145685569,0.003461247841919601,0.3515218651192476,0.8987647891044617,39719,oil_00989.tif,oil
0.058434632165379474,0.38039815798795606,2.1440217391304346,0.23115563178486803,28.676471423588566,3.8515949066501114,0.2645512020204337,0.057637033109525254,0.6420808212787169,0.00338537851790902,0.35336508412710316,0.9023433327674866,68293,oil_00990.tif,oil
0.09127080025379751,0.490691723520398,3.890625,0.256832015562249,28.864180206978958,3.8678422073071754,0.26338646745062233,0.05741518306119492,0.641557528992009,0.0033592084196270456,0.3529200204282745,0.9266661405563354,66526,oil_00991.tif,oil
0.06266517677701251,0.312170362388703,2.592057761732852,0.1660599539434651,29.076004494157324,3.8744151765093795,0.2640892049013387,0.05755699147643195,0.638391871835752,0.0033774072369456556,0.35212248950512987,0.8647276759147644,34040,oil_00992.tif,oil
0.2203595772589134,0.6552924464979786,1.9506172839506173,0.3644666701394315,28.198480522538212,3.8091791615439896,0.2676530376407282,0.0583071825408685,0.6453539544103524,0.003464948390682312,0.35111052968195827,0.8990992307662964,38298,oil_00993.tif,oil
0.1297886884879064,0.730299371148086,1.4120879120879122,0.1244521529054603,31.461173423641128,4.061519149643906,0.2514301227683632,0.05678054696972462,0.6086209792409307,0.003271505332027586,0.35986021946849805,0.9164685606956482,23901,oil_00994.tif,oil
0.1259236644025416,0.7476035730032496,1.3573333333333333,0.11992403405370007,30.51191283027024,3.9914795423931704,0.25565439418663244,0.057889583519976015,0.6073024896126007,0.0034010083521715554,0.35752994800613846,0.8991087675094604,23515,oil_00995.tif,oil
0.1530303722068555,0.5984427141268076,1.5746268656716418,0.16808139397797742,32.464147923937446,4.132194635733032,0.2484429759302905,0.054367580015578204,0.6241329127027082,0.0030016721091225915,0.3578920172057427,0.9588530659675598,43529,oil_00996.tif,oil
0.1282778840348001,0.6851112464565804,1.8070588235294118,0.13957567401960785,31.13962499965571,4.046266051035105,0.2519438544960054,0.05685325879554848,0.60717188805408,0.0032789148648549237,0.3595245112486492,0.9395559430122375,46352,oil_00997.tif,oil
0.0724766208595112,0.598617047582041,2.1315789473684212,0.097877409573316,30.836930334147866,4.025862670517665,0.25302643618711257,0.05705060686765649,0.6090708546284367,0.0033021037971000303,0.3592757697456493,0.9235187768936157,68061,oil_00998.tif,oil
0.06328507013904128,0.43234536275747876,1.2480485689505638,0.08687130349145084,31.073094589171205,4.036630657049581,0.2529059851834119,0.05689292783255771,0.608131640969237,0.003284646608367016,0.3593597061157411,0.9282676577568054,133797,oil_00999.tif,oil
0.037501126064168465,0.2875745379460976,4.289156626506024,0.1076553404629755,30.798410745101883,4.020586063666981,0.2533736937535772,0.05706646892880464,0.6103432762847534,0.0033042579911106854,0.35911473724784787,0.9210233688354492,81416,oil_01000.tif,oil
0.07093573190184743,0.5437980733328355,2.1789473684210527,0.0977187332259796,30.889486583505253,4.029513326345242,0.25278896424510844,0.057004850527021866,0.6087396084256105,0.003296756612967985,0.35921776729559746,0.9235615730285645,69717,oil_01001.tif,oil
0.051325362862668755,0.4064949771051475,1.2478336221837087,0.08403259195070287,31.066750984299887,4.036178002818872,0.2529344535027305,0.0568964105682081,0.6081706331438324,0.003285050150028293,0.3593497196175768,0.92812180519104,136733,oil_01002.tif,oil
0.11754380675040435,0.6115171546948466,1.2520193861066236,0.12322059513262806,30.88480603017969,4.021980431069804,0.253685517904676,0.05710193539552659,0.6077441129758469,0.0033087463974987123,0.3588494621549072,0.9502377510070801,60160,oil_01003.tif,oil
0.1094376315678537,0.4489315383121899,2.466887417218543,0.24151295613138363,5.594169212928877,1.6023719312983058,0.47795305847208347,0.13983872541590947,0.8028844843177849,0.01979574393001557,0.3073042168674699,0.9301279783248901,55107,oil_01004.tif,oil
0.059640868244909974,0.399580180003089,4.827160493827161,0.22464162798774903,30.127461733009252,3.9683650027619937,0.25746562146618135,0.057751218764343096,0.6131210441322463,0.0033859250942299517,0.35835300455805313,0.9293842911720276,113967,oil_01005.tif,oil
0.1483189594369588,0.6345874849009695,1.1124260355029585,0.39064270426790887,32.06847659334567,4.1249870473343995,0.24725459949259765,0.053607595299252984,0.6271379791819519,0.002916119309773455,0.3594653566074106,0.9222689270973206,49821,oil_01007.tif,oil
0.14242901494500868,0.6885961964921712,2.5369127516778525,0.18193601079507118,32.01211690000831,4.133330338696606,0.24550457012695734,0.054490296207389266,0.6086839750157531,0.0030112683616175468,0.36070489648373316,0.9136228561401367,10653,oil_01008.tif,oil
0.07953566001049683,0.5935831109388279,1.3150684931506849,0.39452332255200406,31.327913337312097,4.071145649396916,0.2502031495977201,0.054601953457175736,0.6303690313521491,0.003026934687309562,0.35855123973935854,0.9243180751800537,94931,oil_01009.tif,oil
0.23720376343968827,0.7245563163248265,1.3073394495412844,0.48010019314340896,31.354660690212846,4.072481212788343,0.250156047886617,0.05458770751174581,0.6303437756696382,0.0030253664438708227,0.35849427753934193,0.9263833165168762,92842,oil_01010.tif,oil
0.08542510479306224,0.4087214279145119,1.1466666666666667,0.17914418604651164,4.929976024170491,1.3778317860525457,0.5270730346915979,0.15690240065708322,0.9050379745159614,0.02488914440390006,0.28090997364405607,0.9173582792282104,28955,oil_01011.tif,oil
0.04095258182321316,0.43315874659112424,1.186046511627907,0.2573613011095911,30.458837276979054,3.990154795240951,0.25568104983712964,0.057114386848857265,0.6165085497563048,0.0033135241191040482,0.35738923829489866,0.9190629720687866,122371,oil_01012.tif,oil
0.12964199790860703,0.7646566164154104,1.5898876404494382,0.10874657561440426,31.935771572963894,4.07679628957793,0.2533311951636075,0.05620165517410733,0.6162060665658173,0.0032109247015350566,0.3576585156058,0.8955603241920471,5775,oil_01013.tif,oil
0.053027521914509046,0.6925772916596119,1.5277777777777777,0.045909090909090906,31.157722509450934,4.020986537335555,0.25621236625879085,0.05698224635490495,0.6199053303114873,0.003299860956415582,0.35625936185492973,0.9079389572143555,21354,oil_01014.tif,oil
0.07428506930630037,0.7102332694337347,1.477434679334917,0.06296064339232114,30.539348940656797,3.9752658590094923,0.25891683647537117,0.05753598919285913,0.6241401474205266,0.0033649931181511652,0.35516748060302067,0.9091432690620422,17170,oil_01015.tif,oil
0.055827941384989865,0.4268251841929002,1.5352760736196318,0.05858405398282699,30.90654205645859,4.025702327214566,0.25307171571911335,0.056721326157936,0.610392410910794,0.003264091575217876,0.3587582593558627,0.9148276448249817,39462,oil_01016.tif,oil
0.05630731767290936,0.4125273352077476,1.533033033033033,0.05631660063589544,30.91975016711813,4.027141703903403,0.2529331601666748,0.05668010979771122,0.6106235208539244,0.003259390546720442,0.35858295875848945,0.9109078049659729,39517,oil_01017.tif,oil
0.2196332765003157,0.7013148788927336,1.5611111111111111,0.45080071174377223,32.00947147923574,4.101830829467548,0.24913117084793307,0.05567761178013965,0.6077090397723491,0.0031458233332349534,0.3583371612310519,0.8956922292709351,23280,oil_01018.tif,oil
0.21782324839061343,0.6717538818188404,1.3891625615763548,0.2429689410613842,30.943780703485025,4.026045455290433,0.2526840329639148,0.05690674756260086,0.6104869524263323,0.0032854905340198737,0.362090143206023,0.8957284092903137,14281,oil_01019.tif,oil
0.1261805442832864,0.6174277956060232,3.1877394636015324,0.3743414750957854,30.87138251481431,4.021835700856553,0.2535262451559873,0.05657569127966662,0.6148559895097292,0.0032486624549506278,0.35883544223056746,0.8950386643409729,65493,oil_01020.tif,oil
0.043435061533977,0.4662957633631473,3.5661157024793386,0.2730935713396474,30.953878352398053,4.0294398941135485,0.25291025347806395,0.05658384338911378,0.6125726249289409,0.003249431502982925,0.35906161628925365,0.9036995768547058,58784,oil_01021.tif,oil
0.24852020859666932,0.7753804378571024,3.436548223350254,0.5138525444443611,30.4639837237063,3.9944291586627276,0.2547725293841358,0.05687515285964525,0.618167105867855,0.003282688965326383,0.35961143284139735,0.891571581363678,53163,oil_01022.tif,oil
0.1595815692903264,0.6415070372440425,1.797752808988764,0.1773244382022472,29.677178960653556,3.9348018991636975,0.2587365591513615,0.05707589932682601,0.6249929001812131,0.0033118306972302084,0.35644895370957513,0.9474584460258484,59156,oil_01023.tif,oil
0.1810049974296996,0.6544784623954293,1.8022471910112359,0.17942363193140742,29.66118832804759,3.933866426252195,0.2587670197784357,0.057081529543366094,0.6251803666732316,0.00331250336412753,0.3564347165991903,0.947844386100769,60992,oil_01024.tif,oil
0.5028868163643924,0.8627671412019777,1.9411764705882353,0.5539841781941928,29.687029315413312,3.920724300669499,0.26163041426618666,0.057051688464586345,0.6456944714265981,0.0033136797303539955,0.3532439816606278,0.9376920461654663,31510,oil_01025.tif,oil
0.49701352790864817,0.8657432691525582,1.9513513513513514,0.5577974095979636,29.664982208579268,3.9202810803693433,0.2615517311824497,0.05706539793037556,0.6453446344862352,0.0033151393910428543,0.35323856539582466,0.9358093738555908,32248,oil_01026.tif,oil
0.21830967306190052,0.6978297371124978,1.2533783783783783,0.25356505427260145,30.748398830583167,3.9929004427019947,0.25765459051739037,0.05595309947992792,0.6357916920182867,0.0031871896785522773,0.35501736456405,0.931506335735321,28371,oil_01027.tif,oil
0.4702859661225258,0.951510927465525,2.5344827586206895,0.560432793807178,30.6999339847171,3.985598563284621,0.25750305274463847,0.05694767781952069,0.6310984911541875,0.0033001698117564727,0.3534796211736851,0.9623704552650452,19423,oil_01028.tif,oil
0.46983153425284385,0.9031472196255064,1.4647887323943662,0.47974599735163115,29.496866666437967,3.89810083231567,0.26394223164338004,0.05759993346029879,0.6421314294161298,0.0033790823333314595,0.35359661155632566,0.9690372347831726,32283,oil_01029.tif,oil
0.09661035916835717,0.6185009566591798,10.7,0.4169158878504673,29.614433263250376,3.9038668121661635,0.2638696427371586,0.058046836738104235,0.6358070568294194,0.0034287742474867805,0.3514159292035398,0.9146962761878967,11700,oil_01030.tif,oil
0.2927009735683239,0.727613271494827,1.2451612903225806,0.27270600033428044,30.273663470211307,3.946354555852974,0.2620524068965022,0.05706158211761066,0.6375841093454031,0.003316675723548487,0.3524421282268816,0.9307769536972046,8410,oil_01031.tif,oil
0.14449026339076596,0.6299476494199867,1.6346153846153846,0.15238185017596784,31.386795942298185,4.047326612615328,0.2543798078260463,0.05507139420564616,0.634705169359554,0.0030877378852022857,0.35662768031189085,0.9441713094711304,24861,oil_01032.tif,oil
0.1454515416348073,0.6330893156669744,1.6378205128205128,0.15269519293491896,31.399704059159355,4.048033518718567,0.25436296884181653,0.055065216505716566,0.6346694287954708,0.003087064163431614,0.3564873366410481,0.9426911473274231,24959,oil_01033.tif,oil
0.14932187826213303,0.6401487352610206,1.4224422442244224,0.150283705864786,30.924681094824344,4.013356803454035,0.25636899704209387,0.05560860299922365,0.6365822575639755,0.003148034320544108,0.3561790490041611,0.9399352073669434,20171,oil_01034.tif,oil
0.14463245419325121,0.6401167182436219,2.0286532951289398,0.2126313276026743,34.4559179133227,4.294716984667693,0.23822474891097192,0.05248492933918999,0.6021047926293814,0.0027927966963588015,0.3602870197567411,0.9559721350669861,53447,oil_01035.tif,oil
0.05046011724573962,0.430269026301488,2.4063860667634254,0.06202893653675455,34.45948088598171,4.293649881523303,0.23809434237149704,0.05256743950487085,0.5995483596366136,0.002801378291086674,0.3607770305938962,0.9476590752601624,72696,oil_01036.tif,oil
0.04834499693738209,0.49833247584897483,2.4002447980416157,0.05954952666345013,33.11846073305997,4.205842567182601,0.24206764597130298,0.05326076798077441,0.6110980000574405,0.002876283456737689,0.36058439168487016,0.9513198733329773,97570,oil_01037.tif,oil
0.035777589798195814,0.43279873142905795,3.61978021978022,0.054267832956357544,29.57120288444329,3.958283670926967,0.25486064151296856,0.05549545556175465,0.6384238493205414,0.0031241955608349663,0.35972926617855894,0.927830159664154,42360,oil_01038.tif,oil
0.041906542128501395,0.5005043078830006,2.0150375939849625,0.25678000972580706,30.380472732262742,3.9844621631430113,0.25527101609599506,0.058011598473114684,0.6059747195005221,0.0034125945620621994,0.3600839608033853,0.8890882730484009,82730,oil_01039.tif,oil
0.03632131525410148,0.4536315452268624,2.055137844611529,0.23804633535057154,30.479609859030383,3.992362526778832,0.25487222523575603,0.057895673449902624,0.605487855294822,0.0033989531552400787,0.3601617989853284,0.8879549503326416,79025,oil_01040.tif,oil
0.46711875352238713,0.8761535562375491,1.6422018348623852,0.5212700527907335,33.70838917768458,4.221810976350824,0.24414138578258887,0.0522711012303142,0.6245133682394622,0.002778207034555661,0.3556077485866312,0.9716823697090149,41134,oil_01041.tif,oil
0.47331211812026047,0.8769102287393846,1.631336405529954,0.5262568668801583,33.644263975089345,4.218132220263143,0.24411363951632992,0.05236072338990633,0.6238827317377682,0.0027876406569762495,0.35565325573549256,0.9733408093452454,40875,oil_01042.tif,oil
0.4810792902622366,0.885855891028978,1.6296296296296295,0.5371619844276094,33.62326817853155,4.216212441722407,0.2443581858796321,0.0523629674072329,0.6241757721764276,0.0027878540477524645,0.3554675860894735,0.9730173945426941,41285,oil_01043.tif,oil
0.1479313339470731,0.4468483336016745,1.009009009009009,0.29765926640926643,31.047902535714627,4.029137388770851,0.25387766243930526,0.056282871317911626,0.6207110732587892,0.0032184916356080033,0.3570503846211745,0.9282805323600769,34026,oil_01044.tif,oil
0.14224966059945524,0.4496084957120959,1.0888888888888888,0.30133277800916286,30.93875964098595,4.01992835362856,0.2545822530261449,0.05639554480283266,0.6204660294550634,0.0032312984047115976,0.356762637448032,0.9254156947135925,33103,oil_01045.tif,oil
0.11102238939583914,0.4943246388717738,4.923076923076923,0.3390080378605769,31.928115165997323,4.085268264530848,0.2509848186141336,0.0554063356877653,0.6150550820500817,0.003118864838402244,0.3586770942336289,0.8995859026908875,18664,oil_01046.tif,oil
0.1964855855013124,0.5070838301882072,1.4170212765957446,0.3885374736438566,31.28664808133123,4.047863745331671,0.25248852654034526,0.05607014326547982,0.6179519985542328,0.0031932735881405002,0.35824793388429754,0.9287617802619934,30969,oil_01047.tif,oil
0.1467194535423282,0.4449256222724256,1.0149253731343284,0.29135206321334506,31.0736730879203,4.030548472489838,0.2538181248419948,0.05628316188293206,0.6201594639064517,0.00321849259552305,0.35744539059607555,0.9205352067947388,33856,oil_01048.tif,oil
0.10157076455012058,0.41157563982634143,1.7037037037037037,0.10793453099838969,32.82064047278704,4.16171086096938,0.24689935708552765,0.05382596316254323,0.6181829912875185,0.002943693762130107,0.35722310740695346,0.897559642791748,9013,oil_01049.tif,oil
0.1274050644483932,0.4468361999226197,3.1818181818181817,0.2577922077922078,33.93746225074396,4.228563958475641,0.2438144009346152,0.05296919162704944,0.6171361368740775,0.0028509661503580766,0.36090759978130127,0.9084575772285461,6709,oil_01050.tif,oil
0.14450552949032178,0.5087553688582621,4.0144927536231885,0.2819808507298697,33.00110191592562,4.163193969449008,0.2485272561621638,0.05446513477614203,0.6186154582709928,0.003013267058768628,0.35577271082157075,0.9058966636657715,5692,oil_01051.tif,oil
0.2487882270630534,0.5726274509803921,1.4081632653061225,0.26992753623188404,32.43856659875444,4.0988130367539615,0.2513624831906174,0.055047490778760505,0.6186765403907738,0.003076872282095756,0.35728236607142855,0.8895189166069031,3837,oil_01052.tif,oil
0.10225130999030459,0.41524335125362766,1.701834862385321,0.10791562600459952,32.7901460565038,4.160219275356797,0.2469375065531222,0.05382166005884778,0.6184764940461702,0.0029431412294028676,0.3570710320971764,0.8966466784477234,9164,oil_01053.tif,oil
0.12487090078857142,0.448959965807095,3.1704545454545454,0.2567000651678071,33.91219386064387,4.227143045921634,0.24388815466476488,0.05299163535978106,0.6172275487308352,0.0028532653645548323,0.3605945916296418,0.9080451726913452,6658,oil_01054.tif,oil
0.12689765951944418,0.42744815272627384,3.195876288659794,0.20700033255736613,32.06812308424281,4.102782462651916,0.2509791741513387,0.05539348562521604,0.6169431622942698,0.003116285283475361,0.3554886521537749,0.9014717936515808,6564,oil_01055.tif,oil
0.02750230302454978,0.33010063350610774,1.5900621118012421,0.0733961864863699,33.812714786714174,4.2333116811873275,0.24267018989306502,0.052720800328829164,0.6152410975148984,0.0028227234634447852,0.3577546808769572,0.901360034942627,111212,oil_01057.tif,oil
0.042336810714683905,0.3605365361255111,1.8550247116968699,0.18499097269569645,32.91611514654074,4.174982837037935,0.24537617734521955,0.05297587088688214,0.6230175643716656,0.0028506274165078236,0.3576182175155507,0.8961613774299622,122741,oil_01058.tif,oil
0.04290969505407473,0.3755544497195809,1.2627865961199294,0.17195520873360726,33.47754982789745,4.215730419607408,0.24302754192660353,0.05280569219033518,0.614736345355713,0.0028314717206285476,0.3580247793158971,0.9244316220283508,252721,oil_01059.tif,oil
0.06299587124847138,0.5169078888591083,1.284013605442177,0.052130918592602604,30.23505434917197,3.9725327851497054,0.25669655083862325,0.05746748713213218,0.6169918031388604,0.0033539733876671307,0.3578048165426806,0.917670488357544,24017,oil_01060.tif,oil
0.04073499283254181,0.4966034878282367,1.1924029727497936,0.031876828517902606,29.937413660858837,3.949659164811336,0.2584297503470052,0.05779347702914671,0.6185344254843991,0.0033924997658067307,0.3575534112919394,0.9307899475097656,57400,oil_01061.tif,oil
0.03721659736906303,0.5172482511235414,1.157543391188251,0.028977891321454365,30.06053311033711,3.9572882311367317,0.2580758757295496,0.05774627458961945,0.6175479638290142,0.0033867636031780753,0.3575144629902764,0.9344630241394043,77277,oil_01062.tif,oil
0.01770385164704522,0.27589142721752014,1.0385395537525355,0.10422749548364604,30.169757731337217,3.9686843297753005,0.25696324933805215,0.05765732527432677,0.6166278033772612,0.003375566798688389,0.35803744849333163,0.8926771283149719,361742,oil_01063.tif,oil
0.020620610498102245,0.4180086099658194,1.0311332503113324,0.20733842294294944,30.209544324206554,3.970009604537971,0.2569638640476677,0.057750719702855766,0.6152148983839583,0.0033858104610251555,0.3581353502485149,0.8893176317214966,478508,oil_01064.tif,oil
0.10584241964027556,0.629349016619839,1.7777777777777777,0.43372256353707206,31.25334864457127,4.037395607381926,0.2536415109372328,0.05691403204398611,0.609727161263782,0.003288177098325123,0.35915694401334086,0.9118103981018066,126051,oil_01065.tif,oil
0.1263498696441105,0.4875518100192076,3.3236994219653178,0.2666549384267404,32.23637782719199,4.072663675397785,0.25546264570078836,0.05607542584002222,0.6279956164343122,0.003199726517812037,0.35456291224847625,0.9478033185005188,27239,oil_01066.tif,oil
0.06076665665903455,0.3887613117950024,7.233009708737864,0.2884602853977976,31.321850604944302,4.005009595136544,0.25987603249138436,0.05690526079337893,0.6341808798867681,0.0032965751368530197,0.3525786128456735,0.9488025307655334,90346,oil_01067.tif,oil
0.12094911890203403,0.5597517024513258,4.004878048780488,0.32575383975520633,31.058578745860174,3.982934873428654,0.26164839615073776,0.057528081744729405,0.6374302974338095,0.0033697192495073377,0.3516695510536496,0.9526302814483643,55805,oil_01068.tif,oil
0.06287753327276085,0.39084473725324514,7.263414634146342,0.2909449786237285,31.295640332653527,4.0032111697237145,0.2599711999750551,0.05692905828155497,0.6342375261853412,0.003299366759392801,0.3525639768604765,0.9505621194839478,90574,oil_01069.tif,oil
0.3318647561656694,0.8781193152665703,4.266666666666667,0.6128255208333333,30.256148206612572,3.9461854555821727,0.259713850590369,0.05879556179182288,0.6294782072783047,0.003513311261125054,0.35846930846930847,0.9413893222808838,9685,oil_01070.tif,oil
0.18897092722434355,0.8123399790136411,7.5,0.575669244497323,30.800482989099784,3.9987419368406747,0.25624484954258986,0.05616461164858902,0.6299715954739915,0.003206568766184825,0.35863787375415285,0.953227162361145,29665,oil_01071.tif,oil
0.19191513032364182,0.8045324209388982,7.409638554216867,0.568909785483397,30.77976531394789,3.998221823325877,0.25617646908880476,0.05616924310199195,0.6301695726308939,0.0032070086989446495,0.3587295053851959,0.9531662464141846,29670,oil_01072.tif,oil
0.1894683851405751,0.884168387076491,7.75,0.5906278001792115,30.132159908529637,3.9544104088989833,0.25873850388142483,0.056640308134520055,0.637005580387764,0.0032615473394698416,0.35687625610106233,0.9558093547821045,42954,oil_01073.tif,oil
0.1823307627951694,0.873557011421643,7.783505154639175,0.5853553628729433,30.13519332348828,3.954221736040595,0.2588217471668445,0.05666183978431695,0.6365199651577845,0.0032641402211292573,0.357008877075079,0.9537139534950256,43655,oil_01074.tif,oil
0.04953065196704416,0.691877475984568,11.383177570093459,0.20503199668523547,33.0784297036389,4.153489537801352,0.24922949342323802,0.05394058926267488,0.6250752876770969,0.0029594909368972798,0.35557449932216834,0.924864649772644,27958,oil_01075.tif,oil
0.037752360011543834,0.6629573847937502,11.446153846153846,0.15814981389578164,33.6183385289355,4.194408040039059,0.24688873828570285,0.053319598979191266,0.6255297644441393,0.0028924415972782277,0.35539337990685294,0.9278720021247864,32106,oil_01076.tif,oil
0.08109038946919528,0.7683494083042616,9.4,0.2828276469847665,33.873283309944,4.214998989137527,0.24531781646962703,0.05257109159482948,0.6345652995053078,0.0028134411726205414,0.35691945518748946,0.9193409085273743,11859,oil_01077.tif,oil
0.05332841384909181,0.7564080736999413,11.266666666666667,0.21907736138505368,34.05346650238101,4.224912334034368,0.2448678940776988,0.05293393004849786,0.6248341589016816,0.0028503773588756222,0.35662455458373826,0.9259665608406067,21025,oil_01078.tif,oil
0.22717666091630398,0.7818386914833615,2.0,0.25315947110818904,30.937063652741628,4.005542996836732,0.2565941530730237,0.055655147564037374,0.6309164441025316,0.003150821528743984,0.355681228314619,0.9022321105003357,7201,oil_01079.tif,oil
0.0748808493433614,0.6533072789447972,2.467032967032967,0.1022816270589099,30.33183576650386,3.976021894975127,0.25676516940771155,0.05661129593461433,0.6258132633662881,0.0032582865214928138,0.35732102223000173,0.8819051384925842,34451,oil_01080.tif,oil
0.09141412598708039,0.681868944493073,2.4743589743589745,0.16674047503063047,30.64450347958598,3.9949931303498327,0.2560096534659619,0.05645730397727119,0.6263581701397803,0.003240855434258185,0.35833078257320683,0.8683397173881531,23337,oil_01081.tif,oil
0.17278497115458466,0.7914337541183875,2.4893617021276597,0.24298736133842516,31.00210874030792,4.0219261055080775,0.25432788517001303,0.05618154978723812,0.6217385505083556,0.0032090190795521292,0.35799760670123654,0.871025025844574,21693,oil_01082.tif,oil
0.22663958400471776,0.7339472289462836,1.5127118644067796,0.35132697146655273,31.40586854161186,4.039815574923834,0.2553440567554036,0.05591221662473707,0.6272462309823884,0.0031797741285063017,0.35505022919076384,0.9506429433822632,112180,oil_01083.tif,oil
0.1470480898614825,0.6225185672533118,1.2300469483568075,0.4408307350464108,8.433663439272163,2.07832650985824,0.40640195104517984,0.10286263087269998,0.7899260056841563,0.010730780821872302,0.3289785219008963,0.9045911431312561,24358,oil_01084.tif,oil
0.2708226302929754,0.7395574828243776,1.3,0.5444423076923077,10.299807197755815,2.3042546742053784,0.3803799189809481,0.09406199657061709,0.7492495329949798,0.008974746651195294,0.333688155922039,0.9037910103797913,27728,oil_01085.tif,oil
0.21275961361787343,0.7547255981528938,1.2488262910798122,0.525009707367009,8.07374908632422,2.033004856000871,0.4117092939451639,0.10465687909832722,0.800263624748023,0.011106440678018303,0.3283978422867312,0.8853436708450317,27714,oil_01086.tif,oil
0.17931594803698794,0.6958904109589041,1.2394366197183098,0.4878361075544174,8.212521005774308,2.05054896645888,0.40981938335019635,0.10385337546956466,0.7967438410512862,0.010938333622546342,0.32913412278491644,0.9014657735824585,27366,oil_01087.tif,oil
0.1295973314653563,0.6917309439132912,3.6095890410958904,0.29197317459904865,31.4664858427938,4.058750994530195,0.25252116895375,0.056749246933822654,0.6046872169343296,0.0032683671728810574,0.35865839725803816,0.8819907903671265,22999,oil_01088.tif,oil
0.17366797590985816,0.6995991421130573,1.2186046511627906,0.48642819101721996,8.265691897552156,2.056648444100844,0.4092272104374224,0.10385444337661277,0.7934164510492521,0.010938069157784783,0.3295918367346939,0.8939726948738098,27723,oil_01090.tif,oil
0.25920051047153014,0.7851966278286306,1.8251748251748252,0.6400878814671919,11.342232966080381,2.4198204137147608,0.3689167226381234,0.09082363305624457,0.7339336120870581,0.008367447776447615,0.3365957631910914,0.8894378542900085,23254,oil_01091.tif,oil
0.2563105267511828,0.7161313113471777,1.2018779342723005,0.5204848884976526,8.535928948151458,2.090777113851254,0.4049923391892244,0.1025271619578432,0.7860054866514758,0.010660386421841982,0.3297073297073297,0.89451664686203,27733,oil_01093.tif,oil
0.6723559601937679,0.9470150562417016,1.4927536231884058,0.6648726607570001,31.180548693607967,4.040443452213841,0.25331104653868036,0.056536363993423766,0.6078992717523655,0.0032433827673607404,0.36120359160613397,0.9535879492759705,19136,oil_01095.tif,oil
0.0738451997748244,0.37208081696119566,1.1095305832147937,0.1034248823722508,11.693004063370976,2.4625530575014496,0.3630102066985699,0.08967089870815351,0.7243808077804366,0.008152634836982363,0.342133629764371,0.9009557366371155,57792,oil_01096.tif,oil
0.09843745226496235,0.4887740186433734,1.0047095761381475,0.11851942700156985,11.126722148548557,2.4020230476846343,0.36884546330881574,0.0918794716751113,0.7312958022022671,0.00855842211736247,0.3414106379645998,0.9112125039100647,48889,oil_01097.tif,oil
0.08131567969967371,0.4627284913766561,1.001564945226917,0.11943466353677622,11.089537056876967,2.3976713031556063,0.3693298248230821,0.0920458191341325,0.7318351444762639,0.008589505005845884,0.3411752894719229,0.9059571027755737,49910,oil_01098.tif,oil
0.11223863767593098,0.532455204778157,1.3293051359516617,0.17139178797033783,28.623277928549975,3.8764545748030317,0.2628976557612152,0.05878760151270006,0.61947552078968,0.003506673546730973,0.35559343703388024,0.9045372605323792,25667,oil_01099.tif,oil
0.08068748670928336,0.4812124016658954,1.0407166123778502,0.11927100059641235,11.567127711398243,2.4489830421852106,0.3642954923532289,0.09028826041831339,0.7244873545575423,0.008264761614088286,0.3422734261563067,0.9099743366241455,47496,oil_01100.tif,oil
0.056207878585652425,0.3584722342171172,1.2,0.23050118006386228,29.084278199480213,3.883467258365909,0.2625605946037432,0.060074793564949075,0.6031048774739304,0.003660848578034141,0.3589337822671156,0.8589397668838501,17415,oil_01101.tif,oil
0.1204986293249884,0.3985945661568524,1.1842105263157894,0.24811695906432749,28.882930007083967,3.8678773751612487,0.2633875738802937,0.06033782256063389,0.608460323107898,0.0036925387922844104,0.3598395721925134,0.8874450922012329,11056,oil_01102.tif,oil
0.13591676652928178,0.5880906460945033,1.4205882352941177,0.18568079405675314,12.661446848337274,2.5596825052087224,0.3545479125692008,0.08703732377873934,0.7091663849678217,0.007680255059748476,0.3436894270104055,0.9138758778572083,30090,oil_01103.tif,oil
0.1580581157223721,0.5867589594730378,1.8546511627906976,0.23946562659473647,33.60143729101088,4.235101030753297,0.24068388243921396,0.05401368846598051,0.596286428055778,0.0029566582561462596,0.362974836165565,0.9167042374610901,13586,oil_01104.tif,oil
0.12279222038234082,0.5231629024063553,1.076086956521739,0.13818133021031573,8.0910754892422,2.0345438917348626,0.4117878342447371,0.10474616302001233,0.8093583845360462,0.011125169423784085,0.3318642441686155,0.853524386882782,11775,oil_01107.tif,oil
0.20163532129805997,0.6754381234834187,3.207792207792208,0.3293022766706977,30.81673137698483,4.011746844679486,0.25575325637487056,0.0581820393067714,0.5977620024681816,0.003434543751268798,0.357265764701913,0.8897783160209656,6541,oil_01108.tif,oil
0.200640937221145,0.6883703010622488,3.155844155844156,0.3342151675485009,30.764533894854683,4.008013397744508,0.2560484539755854,0.05830051147177988,0.598614542196325,0.0034482681530822613,0.3581869843552087,0.896242618560791,6532,oil_01109.tif,oil
0.30829853332864576,0.8790346481301864,2.070588235294118,0.4846442364824718,9.442705619150033,2.21164712678336,0.38908379447212327,0.0984934448961671,0.768644901384407,0.009833414333340278,0.33789222159341004,0.9247285723686218,56971,oil_01111.tif,oil
0.12174907110870391,0.7306668491037777,2.251968503937008,0.4043038654259127,9.727634116968687,2.2447802693167045,0.3854577006624643,0.09711731906974114,0.7626761715386827,0.009561388808529348,0.33868200686229816,0.9285889863967896,58800,oil_01113.tif,oil
0.30316989476585904,0.7882115538035572,2.2162162162162162,0.6151029077858347,15.663334404317915,2.8613774844403412,0.3271767106606548,0.07655621100474463,0.6930564019529154,0.005945345548188517,0.3497276184602734,0.872836709022522,16515,oil_01114.tif,oil
0.3103307265359838,0.7896270813922932,1.7803030303030303,0.5327691811734365,13.95389185465773,2.695457747525074,0.3414748149573401,0.08102713746451816,0.7067153133237383,0.00665915997599119,0.34698346144887027,0.8825961947441101,16787,oil_01115.tif,oil
0.3372209899911804,0.7741230540473563,1.7669172932330828,0.549688049912014,13.332886857054795,2.635741436039588,0.3464111274546921,0.0827539990174366,0.7121330050731237,0.006946212382218744,0.34534089593702977,0.8781689405441284,17025,oil_01116.tif,oil
0.19128269443583057,0.6809232858112695,1.835820895522388,0.4259798568134935,9.828847520915822,2.2566789534184855,0.38421814427772005,0.09452768865179986,0.7672582421183205,0.009062247449036633,0.3374204665959703,0.8618448376655579,13438,oil_01117.tif,oil
0.20889977323747005,0.7314527642396494,1.0,0.5159027777777778,7.603018095536763,1.9744812290348206,0.41949262382025904,0.10382016722066154,0.831056857568945,0.010934631812359898,0.32019753086419755,0.8083447217941284,7506,oil_01118.tif,oil
0.5676595166034969,0.9092761394101877,2.087719298245614,0.6250184284240011,31.826622375979312,4.104557335470338,0.24622714943335605,0.056521316164696064,0.5997673896630158,0.0032343960942304807,0.3661960965825812,0.923711359500885,4374,oil_01119.tif,oil
0.032459381887743444,0.4023573796767781,1.1551976573938507,0.22778987060367015,10.928579624541314,2.37572204587354,0.3726075258829853,0.09248435260708156,0.7351041552678865,0.008674751102011425,0.33936661873624624,0.9237786531448364,120370,oil_01120.tif,oil
0.0840775334020687,0.5627140807142758,1.0579185520361991,0.21887408118475396,17.863379918970146,3.0435691853476214,0.3155584791578425,0.07355989106724815,0.6670736630214227,0.005489519260730645,0.34903336706750804,0.9293964505195618,177735,oil_01121.tif,oil
0.06661411313975786,0.48691387971323363,1.102834541858932,0.13161062451806405,27.707805136726787,3.7964192597206834,0.26869833673807786,0.059637102338753786,0.6320093082242523,0.003610111827773676,0.35553829902383904,0.9302367568016052,210680,oil_01122.tif,oil
0.05678916867980736,0.4518181030980024,1.12890625,0.11460417117214533,27.282049899906895,3.761414600572609,0.2711221906386687,0.060312474688829,0.6318089443610939,0.0036922792908574862,0.35432577781553964,0.9285305142402649,35038,oil_01123.tif,oil
0.13624006473566222,0.42792618001769445,1.362962962962963,0.27747584541062803,25.007237745429386,3.5953777871231116,0.2810657187308473,0.06294804965322041,0.6409377001318436,0.004021872752386156,0.3541038525963149,0.9394937753677368,28242,oil_01124.tif,oil
0.2413423247840478,0.7668386288028542,1.0144404332129964,0.20433726890810283,31.787370487993407,4.079154231749973,0.2516413245517576,0.056524279573111263,0.6072952686815138,0.0032432697279977606,0.35981380403204505,0.9393236637115479,16279,oil_01125.tif,oil
0.08190528373904962,0.21834560663473226,1.0,0.11479668548899061,31.87920156704038,4.103708019405699,0.24812547620740716,0.05587820626492322,0.5951259905602047,0.0031639727455819474,0.3609995985547973,0.8984959721565247,14364,oil_01126.tif,oil
0.1342767798792432,0.4294183549621884,1.3828996282527881,0.27578246792181316,25.223955942696556,3.611297269094676,0.2801509564361699,0.06270342623034217,0.6397645758390503,0.003990733138095157,0.35384948168854724,0.9383819103240967,28281,oil_01129.tif,oil
0.17839546943687096,0.883085711692837,1.5092114959469418,0.8123272844509949,32.54181526049837,4.1391906424147304,0.24877783712628912,0.05509765922115788,0.6096410484201692,0.003081081023336098,0.35916075414540816,0.9833018779754639,2228691,oil_01130.tif,oil
0.1747866149363935,0.5982166204696407,1.6496350364963503,0.36943672889348234,14.863057991847949,2.790245958118633,0.33287729554769663,0.07890584206087603,0.6914535257311782,0.006315023732013076,0.35006549401197606,0.8593910336494446,11520,oil_01134.tif,oil
0.315043888780877,0.7901918976545842,2.973684210526316,0.485473917093619,10.794255569809987,2.375128199131678,0.3704912823804245,0.09200270782929001,0.7415511564000614,0.008581925584366431,0.3401385613207547,0.8864495158195496,8593,oil_01135.tif,oil
0.2421655561413703,0.8602594143925867,2.8980891719745223,0.45354343109120177,15.697658185131363,2.851323326952085,0.3298844752668011,0.0781376388430069,0.6829361831319127,0.006193675357979791,0.34788183532369577,0.9573938846588135,128187,oil_01137.tif,oil
0.4273745526278421,0.7625710537822474,1.0153846153846153,0.4065268065268065,25.3783798933306,3.6197293733319817,0.2784567165566508,0.062425178101813264,0.6408599526696813,0.003956851053188036,0.35350877192982455,0.875629723072052,1840,oil_01138.tif,oil
0.41270203013759976,0.7545133845196099,1.0151515151515151,0.41112618724559025,25.497170254782667,3.6310866979489167,0.2775890660253647,0.062205721177049096,0.6398492656703126,0.003929115255474818,0.35191151202749144,0.8740063905715942,1918,oil_01139.tif,oil
0.1919475320460283,0.8413773845151427,3.3117647058823527,0.38957658551875457,21.17776388755723,3.3159353009029555,0.2969558168989807,0.06776236922474624,0.6518604242564088,0.004658726792253104,0.35191273657531325,0.9528363943099976,145646,oil_01140.tif,oil
0.140056072110875,0.6585253965981702,4.352941176470588,0.33242947614605367,27.830046084806767,3.8042016715598526,0.26831513139239516,0.05966032058562172,0.6300715513781381,0.003612469707257763,0.35610269791434407,0.9499141573905945,193151,oil_01141.tif,oil
0.0901194477002149,0.5505416882244469,5.384196185286103,0.3147380279981026,28.401585664895485,3.843960467063943,0.2657907033806187,0.05894247851851298,0.6300201331902482,0.0035269909849606675,0.35663887999777333,0.9474524855613708,218966,oil_01142.tif,oil
0.0925351450279193,0.556576648868862,5.4,0.3221029092363969,28.273830926804898,3.8351438556921775,0.266290043747582,0.05907684913056091,0.6305905940847023,0.003542969885502475,0.3567898325938142,0.9477512836456299,217584,oil_01143.tif,oil
0.053087163374042914,0.40143722095852585,4.481400437636761,0.20015951945432167,29.6162001814613,3.9315981039388106,0.25919517953270543,0.057335553322874544,0.6316626599857362,0.003338638531751999,0.35918550275924027,0.9397696852684021,184994,oil_01144.tif,oil
0.02790509204236204,0.264724089430592,2.4485981308411215,0.08633873154027252,30.088938324630632,3.986746077703045,0.2545044334960189,0.056896166234778056,0.6140962645108348,0.0032811187539307507,0.3606168273675868,0.899904727935791,62772,oil_01145.tif,oil
0.04856250721352205,0.2986853246579616,2.6798245614035086,0.12027665317139001,29.176384079537648,3.8942400020018564,0.26123503126559944,0.059120829832077025,0.6211498700310216,0.003545871629412497,0.35978289436476807,0.9186587929725647,68129,oil_01146.tif,oil
0.13190078594852317,0.6075913151285882,1.4327868852459016,0.14339948231233823,30.467146404879593,4.011718422274111,0.25368461507770235,0.05666225788488107,0.6140875963623393,0.003254466080147387,0.35964076832113523,0.9233859181404114,19669,oil_01147.tif,oil
0.13497903205491857,0.6135348246617861,1.4012738853503184,0.14164012738853504,30.620794248882586,4.024215758859041,0.2528334853037988,0.056453153289903565,0.6135744410209293,0.0032305347692366633,0.35970435428005937,0.9228348731994629,20126,oil_01149.tif,oil
0.13713227087264596,0.5768427945810993,2.50597609561753,0.178541794665535,31.539797396213977,4.087332333718733,0.2485884283215659,0.05599478828267981,0.6042924865950015,0.003178701970053839,0.360462039432117,0.9070596694946289,27872,oil_01150.tif,oil
0.1430214457436769,0.5797818211421826,2.4801587301587302,0.18086984126984126,31.58759411920531,4.090118644973277,0.24844846983486624,0.055982984472880894,0.6038523857366109,0.003177307187321358,0.3601375128579936,0.8985927700996399,28253,oil_01151.tif,oil
0.156326728541606,0.7359587710670095,3.1165413533834587,0.40377708444815297,25.771556835965892,3.662770577855919,0.27601062402231474,0.061688974237453065,0.6326883144891647,0.0038610858934495507,0.3552309794066553,0.9254406094551086,78959,oil_01152.tif,oil
0.08210274326759807,0.6153790763193188,2.7021696252465484,0.19685857844195856,13.055502751177844,2.5999894708262143,0.35099576943822697,0.08513157985340186,0.7033729462780008,0.007350432630700814,0.3439769285032574,0.9329379200935364,126446,oil_01153.tif,oil
0.03907175099459395,0.4681500395888744,2.4635761589403975,0.11136473687958413,15.356088730538563,2.8200908909969264,0.3324932446249671,0.07900479610352978,0.6809885623778327,0.006331525325048019,0.34701384288747344,0.932280421257019,154185,oil_01154.tif,oil
0.037860937380834306,0.32117514839663647,3.0612855007473843,0.11033878982156203,30.166738753771916,3.9714924012847312,0.2572188418149667,0.05727597814026439,0.6207256629949477,0.0033303763869991098,0.3586890312052933,0.938179612159729,150681,oil_01155.tif,oil
0.051313515093317476,0.3718151942286773,5.673130193905817,0.1971790599030471,30.183311228892777,3.9656945690244676,0.25760147740298456,0.058027465913421776,0.6115551622496946,0.003415738786996397,0.3587818194533248,0.9319687485694885,133003,oil_01156.tif,oil
0.05982099449331196,0.25287441564077634,2.2762520193861064,0.10555842833572775,30.878371550503786,4.033471425993527,0.25210571804874093,0.05675081497383691,0.6067729713604275,0.0032648673715537065,0.3601889683350358,0.919137179851532,80020,oil_01157.tif,oil
0.06555464049689395,0.4245587649842969,1.6993987975951903,0.06804647029908874,31.963376350835073,4.117538089531252,0.2465985012413277,0.0558484415626344,0.5981336594989166,0.003161272423107509,0.36328142311408135,0.9276567101478577,29695,oil_01158.tif,oil
0.03718659788231523,0.22756123425497246,2.1599402092675635,0.04550612648119126,31.659905623709534,4.090189065236469,0.2485866631567479,0.056292992624782205,0.5994467423228934,0.003211927161393742,0.36178754152421133,0.9270685315132141,45569,oil_01159.tif,oil
0.03738587429679458,0.23065088695887193,2.1554559043348283,0.04600092464170134,31.673048132477543,4.090997662784471,0.24854868957055845,0.056285723640053686,0.599374729362748,0.0032111017745213785,0.3617587807655251,0.9281320571899414,45927,oil_01160.tif,oil
0.09193721052773435,0.4181296390791869,1.2482394366197183,0.2868998192256501,36.01128615793826,4.42799019113092,0.22975326439408056,0.051017807879904634,0.585366604149237,0.002640818975320816,0.36291551950331674,0.9537635445594788,116248,oil_01162.tif,oil
0.05693690516627949,0.34888002862449613,2.4947552447552446,0.22517470266243916,36.07068934421137,4.431386352030942,0.22958394029539447,0.05104948584577097,0.5836843621324468,0.0026439037966911544,0.36277952466840113,0.9499627947807312,185532,oil_01163.tif,oil
0.118524029519549,0.4315709696021089,2.5431654676258995,0.33318154528710836,36.064670664358,4.428734103821766,0.22964396016484917,0.05132698284728557,0.5797557476710148,0.0026721610991436717,0.3634924632154549,0.9484270811080933,66569,oil_01164.tif,oil
0.14550550313334015,0.5191667140699167,1.3556085918854415,0.34514185350768095,35.84397188965282,4.416232704834622,0.23038401578051176,0.05109380253466375,0.587308466245235,0.0026486394367924372,0.36327476145429083,0.9538766145706177,82220,oil_01165.tif,oil
0.16808536924539522,0.6481499438957153,6.325,0.5779150197628459,36.88880937462735,4.485110196212266,0.22680828246132093,0.05046150003310354,0.579749656157149,0.0025826548503161822,0.3652067701971733,0.9386970400810242,23985,oil_01166.tif,oil
0.11873067217930934,0.459054169648936,3.7393617021276597,0.29844738355376654,35.46624706911859,4.3911044993522115,0.23124968338347576,0.051444414967045944,0.587642081899183,0.0026845317566793533,0.3647758989699238,0.9432042837142944,40344,oil_01167.tif,oil
0.03938825075148771,0.4291639553368464,5.403693931398417,0.32033311345646437,23.23272060747818,1.2700670930457962,0.77001369842792,0.3647495301210376,0.8709472413539564,0.13316772380937186,0.05735817536484772,0.9117873311042786,250900,oil_01168.tif,oil
0.13902511929588995,0.6247350761580611,1.1798165137614678,0.36926819524305504,34.463918192874644,4.325898465185581,0.23469055249422416,0.05174686328838832,0.5978034610220614,0.0027183657645574633,0.3624368499257058,0.9594550728797913,130481,oil_01169.tif,oil
0.1471639907174984,0.6238436421897678,1.1593406593406594,0.3712118581786828,34.51614080295532,4.3284347269461,0.23468782739206795,0.05175177996713655,0.5969028665516096,0.0027189105994392237,0.362501571141277,0.9613777995109558,129477,oil_01170.tif,oil
0.2025309895459586,0.6385657258348333,2.7777777777777777,0.2667758874186095,29.15697330038031,3.9147299289983675,0.25888001171106656,0.05616774847853541,0.6363756568093201,0.003206650669112002,0.35850333019492975,0.9415675401687622,32170,oil_01171.tif,oil
0.30527173591930157,0.6880186721991701,1.35,0.3032693187014175,30.214536023668437,3.971199630766733,0.2573475093472686,0.057282838323343965,0.6276846986057423,0.003335739043992107,0.3566893424036281,0.9485412836074829,13575,oil_01172.tif,oil
0.051717792286171044,0.5040372649021024,1.6837606837606838,0.2226591795119714,33.794077589970776,4.230472493066747,0.24337129895073342,0.05285881625459784,0.6137979043229254,0.0028373724386865718,0.35705606900176257,0.9291060566902161,247904,oil_01173.tif,oil
0.11438394801983998,0.5689469035234076,2.551948051948052,0.14367502726281353,31.278905556849566,4.068166703934217,0.2493218454700497,0.05620684917142294,0.6064344117821775,0.0032060800827947112,0.35962072155411656,0.8952879309654236,9127,oil_01174.tif,oil
0.18657597032726414,0.4289682803196317,2.3526970954356847,0.2836432559807387,31.923756712077065,4.0983233674572315,0.24953386073001066,0.05561071489961103,0.6105203914762867,0.003139916786425243,0.3589472578142867,0.9387435913085938,39245,oil_01175.tif,oil
0.08156552520420082,0.42164312060015985,2.5089655172413794,0.24899812325832685,33.95183761373872,4.246087995867219,0.24191431420453002,0.052711616172520515,0.6115109824630667,0.002820338772408311,0.3583778084308897,0.9646541476249695,330907,oil_01176.tif,oil
0.06023185676875254,0.30964345578789215,2.416267942583732,0.15828704580984415,33.84241670363865,4.235650962894795,0.24273894920402703,0.05291772656957072,0.6114298288514248,0.002842546495060998,0.35824230697209913,0.9656239748001099,270044,oil_01177.tif,oil
0.08612769988138852,0.505339361977107,1.7905759162303665,0.12532866032883255,33.91569708636844,4.238724675551546,0.24264398020528644,0.05290533530368712,0.610580810026784,0.0028412283571232497,0.35827363942511714,0.9622337222099304,132586,oil_01178.tif,oil
0.09992875643728552,0.4030687748266999,1.2642276422764227,0.2367461375578386,33.47136040220424,4.213824178116195,0.24428367698938858,0.05294161666866494,0.6129626149845235,0.0028446499785432467,0.35812295794842863,0.947583019733429,73155,oil_01179.tif,oil
0.14173263416243842,0.5177255351509434,1.5887265135699373,0.1573498226429898,34.37709431995076,4.266853136414349,0.2415730455318598,0.05258994885841314,0.6098302546958436,0.002807476237919905,0.358108176533733,0.9618979692459106,58106,oil_01180.tif,oil
0.07406689903849469,0.29064014464391563,2.99803536345776,0.1884313033805653,34.46196620715839,4.284242261447066,0.23987978789539435,0.05250289527148255,0.6034656063310864,0.002796710682712344,0.3588121343753123,0.9596893191337585,148516,oil_01181.tif,oil
0.04748753260007225,0.3135764767836967,2.3486238532110093,0.18905471661768922,34.513260856743145,4.288020046408116,0.2392311004135374,0.052458779752497145,0.6044573532781213,0.0027921311037749415,0.35937229334118626,0.953048050403595,341461,oil_01182.tif,oil
0.05277045558468434,0.3666867048695314,1.5550755939524838,0.2216335193184545,34.33590403802222,4.276374526987365,0.2397355568779397,0.052593555384168544,0.6053039638006064,0.0028064534955851298,0.3594472961509152,0.9470953941345215,298891,oil_01183.tif,oil
0.09356857133251077,0.3918050434642194,1.2723577235772359,0.23634217771890179,33.43585697797649,4.211429886165076,0.24438380613524757,0.052958232045493776,0.6132295599963979,0.002846458479554785,0.3581119755163069,0.9460182189941406,73891,oil_01184.tif,oil
0.09729370968303647,0.3977090109311497,1.2801635991820042,0.23687743781728376,33.40741633838836,4.209919669843696,0.2444546338581936,0.05296403137843052,0.61355282432265,0.0028471342598376413,0.35821114714037317,0.944949746131897,73564,oil_01185.tif,oil
0.03707392108244903,0.2939995744585763,1.6,0.11543540954589844,30.040577485301537,3.96407043960251,0.2572676300543386,0.05631905852083055,0.6309893030837235,0.0032217318927461854,0.3572359887789575,0.9380857348442078,303248,oil_01188.tif,oil
0.07942330946450613,0.54016,4.029940119760479,0.22528494274452582,30.05442550187452,3.965805554209312,0.2562472299072939,0.057263437592051845,0.6195055753344865,0.0033280419893108037,0.3583842993407514,0.8819324374198914,25804,oil_01189.tif,oil
0.07948823181501355,0.49371752183161166,4.479338842975206,0.20970121374767467,31.559473275464832,4.0683630298640185,0.2523381450545431,0.05539826983096204,0.6248910779511744,0.003118243165630111,0.35673975604604496,0.9425792098045349,56311,oil_01190.tif,oil
0.13407954043588857,0.6320618498095617,2.776898734177215,0.27566942551119766,34.807499853096395,4.299535671512499,0.23975707799448334,0.05229815835623633,0.6055301598635596,0.002775984218629984,0.3581647805827231,0.9633204936981201,308058,oil_01191.tif,oil
0.09178205100892167,0.46225121130842134,3.303225806451613,0.24471435546875,35.01415706571411,4.315876951292894,0.23861926073569562,0.05203441789035257,0.6046080812548578,0.002747752083818163,0.35883338341346155,0.956630527973175,313589,oil_01192.tif,oil
0.06329496366516218,0.3312010515809434,1.9504761904761905,0.11318708147321428,34.02885416380497,4.256895692472872,0.24065237096660635,0.05251943204632193,0.6104762042798199,0.002799013783555243,0.35906394675925923,0.941166877746582,245977,oil_01193.tif,oil
0.0784089736075145,0.30114032874323127,1.1280834914611007,0.11380212032179865,33.2023488516841,4.203162935349168,0.24332042423330058,0.05336825708923748,0.6095543884840555,0.002889626761770769,0.35917614810625015,0.934879720211029,144356,oil_01194.tif,oil
0.09902079150677344,0.4541111618413278,2.237580993520518,0.14100065044989452,32.599309021920135,4.161851716273399,0.24563137394107176,0.054007761132401515,0.60969161850244,0.002958719493152735,0.3591457527063201,0.9219174981117249,68926,oil_01195.tif,oil
0.13709761380798782,0.47156821079473016,2.425531914893617,0.22650709219858156,30.439385645858604,3.9711708866075757,0.25907329435305254,0.05796700992569645,0.6208434491755218,0.003413930325317374,0.35759051610223885,0.9036524891853333,19835,oil_01196.tif,oil
0.078669377197634,0.4202349735204895,1.5368171021377672,0.30005653720625436,30.750251817150826,4.01752571191116,0.25367574298380285,0.05699700091912895,0.6096653261534725,0.0032970052147327936,0.35837315402830405,0.8897488713264465,75447,oil_01197.tif,oil
0.13115090331195903,0.6654195011337869,1.8125,0.12906843771991555,30.211762263098848,3.974815433526637,0.2563459106599753,0.05814403968742052,0.6127777179087031,0.0034291543961630167,0.3598500876503657,0.819210410118103,3159,oil_01199.tif,oil
0.35762648877034064,0.759433847115286,1.464985994397759,0.4165474985405252,31.28075813173404,4.036362687442022,0.2543570491914227,0.05662625609243507,0.6198522700262914,0.0032559858590333426,0.3574956427473354,0.9766727685928345,78486,oil_01200.tif,oil
0.07564005625843728,0.44945962305167403,1.9454314720812182,0.1293927834676044,30.81741329311982,4.034136238425722,0.2520990142824024,0.05518947725713101,0.6261853708236471,0.0030925780260092567,0.3584023552750453,0.9482947587966919,156864,oil_01201.tif,oil
0.05993846665839871,0.4215884242052466,1.739673390970221,0.07746634267797763,29.94582857752449,3.970978610512171,0.25556273482115416,0.05558888642536622,0.6368059068048681,0.0031387078328498326,0.35763834559015284,0.94819176197052,146924,oil_01202.tif,oil
0.06644050376580207,0.3925155039194357,2.0261569416498992,0.06993500226782742,30.926219365025865,4.030651825159487,0.2531945786255114,0.055728496330391605,0.6224579045619663,0.0031534701685383927,0.3579189519378233,0.9336703419685364,36100,oil_01203.tif,oil
0.10950173327951435,0.5596974861663147,2.8479087452471483,0.21963822485747792,32.54759164907289,4.150408317463076,0.24654218473388406,0.05394340333812048,0.6182660580524846,0.0029545581749069877,0.3585363384684922,0.9468389749526978,159230,oil_01204.tif,oil
0.16247128933918822,0.6548210805489141,3.2433862433862433,0.3516306740205598,32.46499584135225,4.145403198266608,0.24685896017087217,0.05405358040756692,0.6186964505330439,0.0029665100795729475,0.3584895215013748,0.9478912353515625,147560,oil_01205.tif,oil
0.08397636564738842,0.3871736624606065,3.2,0.19271011352539064,26.886824675520412,3.746941195968674,0.2691423028818489,0.057255385751523113,0.6692693207632086,0.003332507591115405,0.35521950792910445,0.9608197212219238,254462,oil_01207.tif,oil
0.1248020772217847,0.5605536037111574,3.9545454545454546,0.28383723239807596,29.764932407181632,3.9484533565387885,0.25711651771080496,0.057232633942160965,0.6282053829959102,0.003325840823801451,0.35820530712491966,0.9466806054115295,66636,oil_01208.tif,oil
0.18599892589826397,0.6406294846969507,1.4584103512014788,0.3712598014754632,32.318725062408824,4.14029289784231,0.246636737234324,0.05377576356073969,0.6241454309241885,0.0029356397346678837,0.35812450785640143,0.9650483727455139,548463,oil_01209.tif,oil
0.14779476406883965,0.7136646412711575,2.07823613086771,0.4843532606420318,32.050169284581465,4.119766274196318,0.24789866737600683,0.05393506579870161,0.628264880235826,0.0029531396831518285,0.357551063110324,0.9662874341011047,454526,oil_01210.tif,oil
0.13491952404588148,0.5834779101504471,1.2796208530805686,0.4158169870107074,32.242713901185226,4.134779330389435,0.24712750850904386,0.05375852254280181,0.6262187243426736,0.002933859928002074,0.35755816734973767,0.9637396931648254,333686,oil_01211.tif,oil
0.07536269053848488,0.2511243207063061,1.7248157248157248,0.13788088788088787,32.641409240206855,4.1673563947987695,0.24459195079177617,0.053948791288057976,0.6079736848582609,0.0029520388702782858,0.3593865276162609,0.9378991723060608,40485,oil_01212.tif,oil
0.17178324794712388,0.5622792317676245,1.008298755186722,0.29220028004029847,29.920685941531698,3.9392448536593605,0.25992937835222485,0.05747004316045101,0.6303784177629478,0.0033568443918714557,0.35704336240310075,0.9129698872566223,58776,oil_01213.tif,oil
0.04442062536703752,0.2379774653533387,2.1105691056910567,0.1249370513735954,31.20712121519467,4.040804460749071,0.25430608992933634,0.05604678389359034,0.6180561821600332,0.0031894587382126994,0.35725459979452695,0.9288923144340515,96831,oil_01214.tif,oil
0.08163479846685905,0.3308861008522092,1.6111111111111112,0.11341609195402298,33.31404980165615,4.183905634285685,0.24643455979644907,0.054349422017462415,0.6131939709490488,0.002999645692457616,0.3578828828828829,0.9421411752700806,38036,oil_01215.tif,oil
0.08480283863311043,0.5273838630806846,10.67142857142857,0.3918818129661503,29.159957487761165,3.90236228917146,0.261449569176714,0.057710896233931344,0.6333098020115833,0.003382135968492957,0.3560761154855643,0.9220923781394958,21277,oil_01216.tif,oil
0.03543649010949239,0.28608757870635376,4.695187165775401,0.07610195144531202,29.36430568388486,3.90920013036077,0.26182370327228954,0.057785000057748226,0.6256955933302469,0.003390542185780712,0.35560264100944255,0.924548864364624,51862,oil_01217.tif,oil
0.07726503305710676,0.7008565641369018,1.5643086816720257,0.4833957363277958,12.156752500810395,2.4994550353746248,0.3615881028690353,0.0886251859043804,0.7090782803005985,0.007965429659582253,0.33991095659690224,0.946887195110321,294553,oil_01218.tif,oil
0.15165417869395018,0.746809014588615,3.5839416058394162,0.3954901734877429,29.439115913636638,3.9273186155251185,0.2590623193722664,0.05541401514996414,0.6527135899408771,0.003121485911664416,0.35645646065696734,0.9515892863273621,371248,oil_01219.tif,oil
0.08209295252440764,0.5664862199783821,2.8926553672316384,0.3502404164459746,33.37639389937719,4.200320021225249,0.2449614484465041,0.05305066240705783,0.6206614522871763,0.0028582797212430714,0.35767726329607047,0.9661262035369873,497852,oil_01220.tif,oil
0.1302416563188911,0.6969019377911148,1.8088235294117647,0.34319045911047347,34.028642747576725,4.246995530775869,0.24257866190762106,0.052628978786651875,0.6152477808043009,0.00281236886754053,0.3585474291532326,0.9684790372848511,284081,oil_01221.tif,oil
0.19443394000369557,0.6389611323060161,1.8290441176470589,0.31205014040792195,34.64632380568868,4.289049676939673,0.24037222975923858,0.05225187221089801,0.6094998038606931,0.0027716686734750406,0.35810363266291784,0.9732747077941895,170287,oil_01222.tif,oil
0.07892176919317835,0.5856383967093189,2.075575027382256,0.1994740294832484,34.51412827439597,4.285104365826923,0.23985697754661345,0.052372486899636084,0.6074620917860238,0.0027837767058149715,0.358701574141659,0.9550250172615051,347558,oil_01223.tif,oil
0.30248205893989966,0.8510273161956161,1.2130365659777425,0.449474607596572,32.86489395842891,4.179558619997405,0.24456890794239516,0.05347760948693797,0.6150149414757362,0.002901934884727635,0.35923970554185236,0.9736267924308777,216746,oil_01224.tif,oil
0.16721842716924074,0.6376183833786065,2.23828125,0.20722553992146597,30.30989111778933,3.981791999555703,0.2559133784806704,0.05635077817633847,0.6226214962347071,0.003230227052001969,0.35587795289287827,0.9351900219917297,31055,oil_01225.tif,oil
0.15989896238447093,0.610619959230701,5.0508474576271185,0.39185672847230124,28.69843427075757,3.845267613591849,0.2659235900803547,0.05906493714837566,0.6336405556247855,0.003551055900198053,0.3523335635955444,0.947632372379303,28204,oil_01226.tif,oil
0.18426891092153302,0.6654949268994168,2.1370967741935485,0.22181223371880707,29.91012533364667,3.9511678644577577,0.2580303995235352,0.0567243542725214,0.6261847067407089,0.0032736871423008893,0.35500385405960944,0.9321243762969971,29767,oil_01227.tif,oil
0.20613506066428328,0.6649059476166861,2.0204918032786887,0.23963355834136935,30.110711217982605,3.9649175755042902,0.2574101954346917,0.056550859916201485,0.6252993381735061,0.003253765989749034,0.3546396344617507,0.9394495487213135,29402,oil_01228.tif,oil
0.18484326882485086,0.658412713272638,2.0991735537190084,0.2288345155202707,30.100194108480963,3.964632926308707,0.2572692851980589,0.056451032792276784,0.6260671667218833,0.0032422803061406985,0.3550078731301316,0.9358353614807129,28735,oil_01229.tif,oil
0.15541929877249083,0.5873363981798565,3.5616438356164384,0.32982744994731295,28.112150857240856,3.811829707545701,0.26673710623131325,0.057404308902235766,0.6575211911616907,0.0033568100351180643,0.35382231404958675,0.8755330443382263,24756,oil_01230.tif,oil
0.20918670933612346,0.7744853172967336,2.827067669172932,0.319338905775076,30.207694797244393,3.968180432070283,0.257305947466105,0.05625175774723648,0.6239752865849657,0.003219968768600443,0.3557654590243673,0.920141339302063,16407,oil_01231.tif,oil
0.13408285598794845,0.6776441181065459,2.693877551020408,0.4191403834260977,33.37639778581557,4.2327132373850205,0.23965043405394976,0.05423024661795647,0.5974089162396036,0.002977406002778293,0.3622448979591837,0.8614484667778015,11197,oil_01232.tif,oil
0.07737347343388472,0.5488661271724339,5.697297297297298,0.2709651777014206,30.71802989861645,4.063586264443705,0.2485144089970488,0.055819544207013086,0.6017917635902953,0.003153836422494115,0.36248176435252727,0.9209434390068054,53896,oil_01233.tif,oil
0.07878822320855787,0.5499315437912293,5.7923497267759565,0.27332714712857,30.187285749659154,4.026980761601024,0.2505963931035189,0.05628823365760844,0.603941598853392,0.0032069983367217433,0.3619933669294052,0.928620457649231,54078,oil_01234.tif,oil
0.08385431020681945,0.5607770982569636,4.675824175824176,0.276478222130396,31.668442091561303,4.1271758239315135,0.24502061669561376,0.05512388294805974,0.5969369279754745,0.003075779284046404,0.3635942742603164,0.9281656742095947,43749,oil_01235.tif,oil
0.18874103090895916,0.5963628188154181,1.6507936507936507,0.2024233482566816,34.89901900853637,4.334895333682107,0.2349068247271599,0.0521882660260616,0.5983584439887073,0.0027590424844881768,0.3636145157414083,0.8913841247558594,12318,oil_01236.tif,oil
0.17884335125785586,0.611298396158954,1.7922077922077921,0.422360248447205,32.93223478355155,4.21236354039539,0.2414479620794609,0.05360933721987636,0.5962508358995131,0.0029113027129879015,0.36150184711565786,0.8794554471969604,18195,oil_01237.tif,oil
0.3344633777548718,0.849368094305458,1.5041322314049588,0.5218588229951866,34.08479117288545,4.283510535520257,0.23749200241872065,0.05280722132014164,0.5978228379037194,0.0028249966056152114,0.36301881158554794,0.9381073117256165,43634,oil_01238.tif,oil
0.28040279814748426,0.8349060558355301,1.4897119341563787,0.5094468317304413,34.1269668061173,4.286012717807093,0.23734717370932673,0.05276723916596626,0.5977088147752019,0.0028207772554595593,0.36254391866636765,0.9348161816596985,45388,oil_01239.tif,oil
0.18946163076277123,0.751649854676013,6.224137931034483,0.5249307479224377,32.89436356981493,4.209300544866789,0.24075612376618333,0.05413035555075168,0.5954943143474214,0.0029673360335847124,0.364769820971867,0.8947539329528809,11348,oil_01240.tif,oil
0.2572979262287934,0.8468576932338069,4.232558139534884,0.4493994377715308,39.74663997355205,4.640907450941472,0.22016817755457974,0.049819306544278255,0.5619775696402085,0.0025108126985607477,0.36889377100025844,0.9183784127235413,3707,oil_01242.tif,oil
0.44328070208530523,0.8997677201379601,2.5441176470588234,0.5433100986059164,39.232964815678145,4.598239824143327,0.2247238299560334,0.050838831166224306,0.5615652048335046,0.002615337822031572,0.3672966723635267,0.9518253803253174,6584,oil_01243.tif,oil
0.1604474761180276,0.6111111111111112,2.9194630872483223,0.23004705700840855,33.05658352061313,4.171262291026116,0.24648402958826374,0.055271981144036406,0.607490278629589,0.0030968090203655685,0.36201117318435755,0.9057284593582153,15387,oil_01244.tif,oil
0.08213704504428362,0.5898751755842165,3.0984126984126985,0.12020068956544366,33.39209359907018,4.200102401098755,0.24416981418834582,0.054858731878448024,0.599902982025477,0.003050867596872524,0.3614659866885643,0.9193459153175354,38005,oil_01245.tif,oil
0.11370753980893683,0.6306835355585302,2.857142857142857,0.15241573619951998,33.1419305197699,4.183966875935928,0.24480417473572494,0.05509831256164879,0.6001791722528202,0.00307768549430881,0.36221728270583653,0.9239570498466492,30007,oil_01246.tif,oil
0.31671499611223725,0.7192699946323134,1.8068181818181819,0.38307604345340196,33.81198332932533,4.243241867282862,0.24084405690516386,0.054345244640186766,0.5944998350163595,0.0029931912597629864,0.36490000896780556,0.9002479314804077,5563,oil_01247.tif,oil
0.41641520387415176,0.8176620567101909,1.5862068965517242,0.44073796435115775,33.62969426029406,4.229877925890393,0.24157912624101893,0.054563588179985516,0.5964266280961288,0.003016865997624155,0.3651811151811152,0.9223214983940125,5466,oil_01248.tif,oil
0.3398792288549389,0.8453293378666513,1.4918032786885247,0.4404311535459076,36.46644227010664,4.413068426588264,0.2339466457592566,0.05174292933263698,0.5949247822002648,0.0027156959784464555,0.3624630068640667,0.9431845545768738,22098,oil_01249.tif,oil
0.10147339449052158,0.7897412974241493,1.2414772727272727,0.08039870241314749,34.75806551330689,4.352644963515485,0.23200122025623662,0.05204730314738544,0.5880706744252027,0.002741419180609477,0.3659517015413945,0.948879063129425,50464,oil_01251.tif,oil
0.0487820324110252,0.6419604996752875,1.223907225691347,0.05463091315282326,6.892085744555683,1.9097290607177668,0.4197719831846704,0.10527833329018185,0.879396479950969,0.011210757392777512,0.3351876616624383,0.9167439937591553,85727,oil_01252.tif,oil
0.06088252082687185,0.44530665487984994,1.392,0.09689467511142388,9.322917465408935,2.227319190424764,0.3812409047365348,0.09753581255290825,0.7689447452980915,0.009617342215665906,0.34384714996885823,0.9097971320152283,103488,oil_01253.tif,oil
0.054834957202056576,0.470370566273929,1.4260289210233592,0.0925907447866324,9.09143210834519,2.1991531798350143,0.38430243457666613,0.09857748156550473,0.781012848664866,0.009823796771056945,0.34350197898105506,0.9055430293083191,106951,oil_01254.tif,oil
0.09524626994085243,0.36137244050913114,1.3228155339805825,0.1555869778213236,32.772162632192696,4.2080598689905635,0.23963993104199408,0.053675982427755925,0.5998407710180234,0.002917114270215799,0.36470981703718275,0.9004369378089905,35141,oil_01255.tif,oil
0.09516645255940004,0.7085267336901776,2.9886363636363638,0.1722164611898452,31.515865591535622,4.118967223042297,0.24436971836674992,0.05372928435373679,0.6259830962245568,0.002925325400726042,0.36380597014925375,0.9023130536079407,35783,oil_01256.tif,oil
0.0492643369908172,0.5217626232892731,3.352212389380531,0.12091654129014774,5.94030365822068,1.754080743435051,0.4455898252926242,0.11089608207967372,0.9124079536698229,0.012446590600305958,0.3197767320652724,0.9114591479301453,125728,oil_01257.tif,oil
0.10744494613990173,0.6299952654717619,2.565965583173996,0.16588779054691352,32.60581535446279,4.183386594045215,0.2422613043566481,0.05352469473305052,0.6138587681530498,0.002903365514671399,0.36207675424861513,0.9221110343933105,109418,oil_01258.tif,oil
0.19722559368394255,0.7488341968911917,2.282442748091603,0.2213868109984937,30.939671605157255,4.081433146385892,0.24821121530711449,0.05573113261553416,0.5982527150327919,0.003145609334657648,0.36299798235550107,0.9341386556625366,8993,oil_01259.tif,oil
0.06742333921698081,0.4858550251324338,2.4427083333333335,0.17429593105899077,34.017638690531214,4.283417608289692,0.2373395380628077,0.053271600918552806,0.5867484112973056,0.0028745818006666504,0.364507226414341,0.9115355610847473,63351,oil_01260.tif,oil
0.054948579311947965,0.4272427857130668,1.592526690391459,0.14932304817193184,23.620818343366878,3.6003112385952107,0.2707024970470366,0.06376933070864552,0.6039199658717883,0.0041121095594628294,0.36343681519357196,0.8850170373916626,73906,oil_01261.tif,oil
0.06402049862684084,0.48372320843109834,1.2827225130890052,0.05111156373544182,32.791610835697604,4.19573080577303,0.24152566556760593,0.053689620736014174,0.6040163690638309,0.0029228662513559617,0.36249719699062416,0.97083580493927,155275,oil_01262.tif,oil
0.054487929506203125,0.16046756637304582,2.3378995433789953,0.08702136174728882,32.92156034197089,4.207283149075231,0.24063034354948348,0.05363273843456111,0.6022122185501164,0.0029157594767284245,0.3630333367825607,0.9595732092857361,158590,oil_01263.tif,oil
0.06292655372767317,0.3734717740049577,2.122107969151671,0.07770861003458214,33.13442242960757,4.220891604092527,0.23993741850958344,0.05362860169414688,0.5989412921142743,0.0029146174173513115,0.36324926010007963,0.9465250968933105,101633,oil_01264.tif,oil
0.05493653217383751,0.5013779501848151,18.431372549019606,0.40036503963287445,33.75269478564863,4.261909530232154,0.2379156207014142,0.05357933411281744,0.5896426034787065,0.002909026513696247,0.3649484536082474,0.9079006314277649,20150,oil_01265.tif,oil
0.10136300972686885,0.5592748831376125,11.26530612244898,0.4533976634131914,34.58579928677035,4.3258393766240095,0.2345537895227896,0.05228617363955915,0.5929115834618807,0.002770372347224717,0.3647668162436095,0.9137960076332092,12834,oil_01266.tif,oil
0.13955021917643773,0.6660760066354999,3.76,0.4176595744680851,32.55197711453966,4.142776818797733,0.24714475875228784,0.05625146743684824,0.6033714713438278,0.0032074919633313993,0.36095848595848595,0.8229547142982483,9111,oil_01267.tif,oil
0.059914944502004894,0.5092548349952609,2.0,0.2519258788517577,8.131808331531621,2.050760077815111,0.40750627934146144,0.10456309886196316,0.8048925492505501,0.011076775184115081,0.33258940258652286,0.8655239343643188,33255,oil_01268.tif,oil
0.12087748982526444,0.6720797613202916,3.044642857142857,0.46596145789694177,6.342349090469312,1.7983687262476116,0.44209765832963427,0.11417770378866451,0.8631684312443668,0.013215057077064923,0.3182111537147413,0.8684921860694885,18152,oil_01269.tif,oil
0.3890354552867503,0.8471478039001276,1.8737864077669903,0.5845741737511947,34.24583052165741,4.2674992856747735,0.24083029563905284,0.052780509147568336,0.6085935525458239,0.0028267793057166965,0.3585601368970013,0.9586861729621887,46945,oil_01270.tif,oil
0.07629040138769887,0.6094406192814544,2.279491833030853,0.3344563156738761,29.843478252541836,3.9691981073374434,0.25808474272976545,0.056442481297542216,0.62466037888696,0.003231320525584852,0.3566516677686083,0.9423305988311768,228692,oil_01271.tif,oil
0.0726373990908744,0.6116357174053826,2.108695652173913,0.34763621196274713,30.151948273612447,3.990148799055807,0.25695326051026357,0.05616616482277796,0.6235172570035976,0.003199728920238872,0.356865128290327,0.9445431232452393,221632,oil_01272.tif,oil
0.10605516448971222,0.588918195915652,4.659685863874346,0.3697393964350844,34.409871637319974,4.276024696014771,0.2399369724837695,0.05362620341217149,0.5942890296304892,0.0029160766685745565,0.3613059673508162,0.9332674145698547,63931,oil_01273.tif,oil
0.08721166706643482,0.5496468873930934,4.794258373205742,0.3170119091959621,33.955427196576366,4.2456418458201775,0.24152066209857148,0.05394327464343862,0.5981235070295425,0.0029510011885817916,0.3608624436443839,0.9233503937721252,67170,oil_01274.tif,oil
0.06636367857443919,0.33466965329505666,2.2482517482517483,0.0811434871504856,31.081074620367975,4.06212424079978,0.24979255574388964,0.054562333398191235,0.6239750433289075,0.003023150065830142,0.35893399913156754,0.9290521740913391,61111,oil_01275.tif,oil
0.05445323674624521,0.34954103426338273,1.0473506200676437,0.07934487265525356,31.35324279009305,4.070501969490949,0.2505850785785281,0.05461913879070357,0.6237572106353231,0.003030044834188811,0.35731399597226754,0.9060372710227966,65347,oil_01276.tif,oil
0.07417140887803281,0.2176558934910039,1.3031423290203328,0.08416250442443073,33.07857179096159,4.173748253958486,0.24700788214925296,0.05538650849081133,0.6070911295480644,0.0031112500366120505,0.35974123449730155,0.9290850162506104,33086,oil_01277.tif,oil
0.3856455365308981,0.7558874983178576,1.0454545454545454,0.4625329380764163,31.58299093675006,4.10434042528834,0.24741389566205135,0.05514841675603781,0.6171527990076795,0.0030825566966309922,0.3619929453262787,0.9185106158256531,8636,oil_01278.tif,oil
0.09882752672442055,0.5244045904158263,2.139194139194139,0.1370019820362286,32.63121709409043,4.169477677123187,0.24389483951135515,0.05522309334185399,0.5965376406055451,0.003089877548144465,0.36185377495404264,0.9156354069709778,22447,oil_01279.tif,oil
0.06374235427617868,0.4637286440311419,1.0500595947556615,0.09283117705392209,33.83477672312224,4.220314221307325,0.2446246075961385,0.05494910228609923,0.6050858588212586,0.0030624638452287074,0.3600798977884148,0.9077714681625366,67719,oil_01280.tif,oil
0.05806304159834667,0.4252587290229108,1.062124248496994,0.07949200287367188,34.11155937260666,4.240781502707389,0.2435111437910555,0.05460715571222608,0.6020303154486434,0.0030244577106420057,0.3601586763288473,0.9107629656791687,80792,oil_01281.tif,oil
0.1594404369310514,0.7289191856427502,2.5330578512396693,0.40329702182734956,30.422173329484277,2.5508162860141166,0.5225427736002902,0.178760655789377,0.5404494411274157,0.03226536057750448,0.21634571402433447,0.878189742565155,60293,oil_01282.tif,oil
0.22838800648192797,0.6564681450410716,2.6555555555555554,0.37107159460715944,33.97463831003041,4.2634852191405574,0.2387519405120279,0.0536674103277395,0.5922763186086843,0.0029181656884326914,0.3624203224596925,0.954704999923706,32512,oil_01283.tif,oil
0.04690125080350173,0.2957225600803483,2.77831715210356,0.09822958309537407,34.696611834684475,4.313187631199808,0.2368923137702632,0.05257401767477003,0.5955307457115464,0.002801112223222807,0.36179807116585405,0.9455350637435913,106505,oil_01284.tif,oil
0.10475156027427418,0.4594255413777767,1.1594827586206897,0.11862350268484098,35.02751704222648,4.33296529141958,0.2360752831630766,0.052357458226806416,0.5953210149223978,0.0027781610923946487,0.3619067837054152,0.9467376470565796,67719,oil_01285.tif,oil
0.06960723929879237,0.5033398853601349,1.650735294117647,0.12501944680990437,33.84798758873089,4.25254137854484,0.24022458071190572,0.052835124868619465,0.6075704355045641,0.002831139875139616,0.3604037756818455,0.9323021769523621,62502,oil_01286.tif,oil
0.051673947023273735,0.27601882043057574,1.147186147186147,0.059435105774728415,31.706586704243062,4.102124196473584,0.24795864558218672,0.05467699743106752,0.6174577961327927,0.0030327059806244117,0.3597077901631085,0.9417135119438171,92940,oil_01287.tif,oil
0.05714493298317122,0.42344366248688703,2.325082508250825,0.2271506604173547,32.31631989657755,4.1243805625751175,0.24835188432173258,0.05559865113367789,0.6071791973236133,0.00313551269695234,0.36022741325701363,0.9551569223403931,194458,oil_01288.tif,oil
0.12194299976342711,0.5130491845604372,1.7534246575342465,0.30623501712328766,35.10857930128637,4.311097626931955,0.23916386036781756,0.05329164476612789,0.595599043705912,0.002881078790098375,0.360286017972751,0.9538493752479553,71687,oil_01289.tif,oil
0.0991997303937672,0.46572219752760124,2.327777777777778,0.25700245293025725,35.02805028564616,4.310361372689675,0.2390559253790164,0.05323458597257594,0.5948554435471882,0.0028748176868351495,0.3607792744889519,0.9514594674110413,77669,oil_01290.tif,oil
0.07178642626351589,0.4293851086314055,1.0444874274661509,0.08586933161401246,33.887792736832935,4.239759633380508,0.24260824951970403,0.05413934563928303,0.5998174451445388,0.0029738743471550756,0.3598030725809038,0.8964422941207886,24833,oil_01295.tif,oil
0.1688629902810443,0.6627244680009493,1.3387978142076502,0.1868517898962864,33.110066086436305,4.1800159327552375,0.24580204690751106,0.05490730475546732,0.6056768929801125,0.0030585158689386814,0.3597567131031698,0.9390999674797058,33975,oil_01296.tif,oil
0.10246190781917643,0.5784776734011067,1.4946466809421841,0.13790855487995682,33.395962751362006,4.197490226378151,0.24499474477088215,0.054582886588050855,0.6041001776857204,0.0030224120410303483,0.3601471466159595,0.9379093647003174,45746,oil_01297.tif,oil
0.0967864451547737,0.5799330656645366,1.6264775413711583,0.3876243883665952,33.0721243828373,4.181817144686249,0.2452448193625556,0.05487726017615474,0.6056491878030412,0.0030554150134884475,0.359620481223905,0.9199060797691345,108153,oil_01298.tif,oil
0.09734501302893254,0.5833748197266517,1.6297169811320755,0.38796145864620596,33.055384740265694,4.181122481576935,0.24525167071104192,0.05487760605897584,0.6057202558049394,0.003055473395124902,0.35957462408426866,0.9213293194770813,108594,oil_01299.tif,oil
0.0709863794357639,0.41866380369944867,1.5514285714285714,0.2195501183898974,32.47654093489669,4.147107236175341,0.24602435540227113,0.05483196877981077,0.6071173201796751,0.003049415784802727,0.3602140167171856,0.9253004789352417,42851,oil_01300.tif,oil
0.05990016177062631,0.31804237992289547,1.459016393442623,0.2066167290886392,32.310212559706414,4.137168185680209,0.24638893249631957,0.054939734115539665,0.6079956095864881,0.0030613725908625574,0.36047084318360917,0.9253960847854614,41632,oil_01301.tif,oil
0.22822605456188938,0.7227383863080684,1.92,0.5388541666666666,24.669565818687285,3.6297105957265834,0.27243966220754334,0.060617272354123154,0.6453521672632676,0.003722601646879862,0.35405405405405405,0.8482942581176758,10632,oil_01302.tif,oil
0.05450693873224887,0.38367544163199163,1.7149321266968325,0.27136337587602527,34.27833322404824,4.2794077113392515,0.23853160640474796,0.05314039212640738,0.5962277969377968,0.002861422361704847,0.36205422438268947,0.9159723520278931,92534,oil_01303.tif,oil
0.0327048751498017,0.19816088256189596,1.1005361930294906,0.12671846273915613,34.79063505878446,4.3178976391913935,0.23690005828609,0.0522795652039168,0.599565891792777,0.002770230240692671,0.36122997125864853,0.9244700074195862,311915,oil_01305.tif,oil
0.12321651741122208,0.6579454337779824,1.426991150442478,0.494940659943747,35.773215059701414,4.379582693798808,0.23430216899524425,0.05180703924428502,0.5927301921331656,0.002720071005018057,0.361387969632081,0.9082428812980652,137401,oil_01306.tif,oil
0.031545567154707264,0.2570620541825004,1.3353028064992614,0.15837824015372348,34.89720806435831,4.325377380518685,0.23696544811020148,0.052112390119752425,0.5987014092080922,0.0027526267412852647,0.36066582067382646,0.9140383005142212,378564,oil_01307.tif,oil
0.09911703463411738,0.4989477004494835,1.6177536231884058,0.2888072690978139,33.86204593166365,4.2483316213294104,0.2401968055867313,0.05344724013523902,0.5989555425071946,0.002895235340860179,0.3611927978125161,0.9235845804214478,143613,oil_01308.tif,oil
0.05317835030568748,0.3976323903405127,5.413897280966768,0.11914652567975831,30.93630961888681,4.0308432683935775,0.2525364204312987,0.05731698379404908,0.6052125007780489,0.0033317452891222605,0.36014452874095354,0.9525609612464905,72527,oil_01309.tif,oil
0.031357360836640195,0.17389238255830874,2.4096969696969697,0.06448082433997927,31.182618621022858,4.047517478096008,0.2518704713072134,0.056969625195843115,0.605146375681565,0.003291907013688679,0.360188372412142,0.9458680152893066,108637,oil_01310.tif,oil
0.029906184519395876,0.17585165765792304,1.823686553873553,0.05191434077248442,31.385933894459843,4.061091571389072,0.2512619992337472,0.05672005706961393,0.6043657606883521,0.003263570164056891,0.35977858372181265,0.9471478462219238,122456,oil_01311.tif,oil
0.0369783840610387,0.2135299291818351,1.6563517915309447,0.039944918470688845,31.108464355442962,4.0409699667016525,0.2523998152831798,0.05689729462890145,0.6069486358831145,0.003284553817457621,0.35925361713093323,0.948646068572998,102244,oil_01312.tif,oil
0.032703783547270375,0.23489257647456482,1.1914762198888202,0.028482083705965736,31.11037239724691,4.0391989788858,0.2527263455202016,0.05697802185067035,0.6066576089524933,0.0032941594980177005,0.3594703094227098,0.9440353512763977,91349,oil_01313.tif,oil
0.028442181665927563,0.20385775653873103,1.2634176434299815,0.02510853037284084,30.762882578929545,4.014671197071916,0.25411782455489895,0.05737121604016188,0.6081918259625332,0.0033402283674254943,0.3592522642527256,0.9376155734062195,85847,oil_01314.tif,oil
0.03501866528025014,0.23241623365646796,1.2832792207792207,0.032470869579503354,29.971860456546583,3.9547074619486393,0.2580802054942129,0.058035234983509106,0.6141039377470855,0.0034190062799354277,0.3578518403774889,0.9367330074310303,65230,oil_01315.tif,oil
0.058455120809832846,0.29910622910554685,1.3145057766367136,0.049462451861360716,30.93199716347985,4.024616370344994,0.253771624670339,0.057284666379881354,0.6077465931361232,0.003329997942680939,0.35939662967928376,0.9386183023452759,40651,oil_01316.tif,oil
0.10399829766975417,0.3778613267067917,2.327543424317618,0.15486992545249648,30.82504108893776,4.0194800724643365,0.2537725874095318,0.056580278385171864,0.6149581560649104,0.003251772403459035,0.3588182692797026,0.9420159459114075,58250,oil_01319.tif,oil
0.06370832940929297,0.27877781667919194,4.565217391304348,0.14339223344402197,29.909986547041292,3.9521636095474824,0.2576868249462961,0.057476606058718085,0.620513755239088,0.003356314176933288,0.35803637060947935,0.9568250179290771,127211,oil_01320.tif,oil
0.0821612370371841,0.32555184107771235,4.528795811518324,0.1736600792906213,4.85945543471129,1.499659572141428,0.496268465077202,0.1446269594126654,0.8539369156676879,0.02118024617545139,0.29845884218432694,0.9571321606636047,115792,oil_01321.tif,oil
0.1533423831050827,0.6251133973510379,5.217948717948718,0.3662863037863038,5.325162395890036,1.5432479010513065,0.48962528915404596,0.14348238951605433,0.7916119474508678,0.020859545919294453,0.2984292514624434,0.9556432962417603,47394,oil_01322.tif,oil
0.1535538513693356,0.5628235680828334,1.6449704142011834,0.14577923460048528,41.09010855716838,4.790037990178016,0.21120551808151503,0.05054587137265978,0.5071111404848152,0.0025786181991762696,0.3737355609214906,0.8926644921302795,7168,oil_01323.tif,oil
0.29768612223858154,0.8699244991379823,3.3636363636363638,0.49935162435162433,43.58310766508392,4.925851712120238,0.20852979968839086,0.04865540108355236,0.5100990374226944,0.00239377202794167,0.37553736772486773,0.8801329135894775,7567,oil_01324.tif,oil
0.0870943394334316,0.7235634138048282,1.3137254901960784,0.06919650115435892,39.67475049782652,4.699852077689124,0.2158123145055541,0.049963405845089376,0.5344086668915868,0.0025240892827526557,0.3713142085537919,0.9033809900283813,8959,oil_01325.tif,oil
0.16961175329199749,0.7684586916952062,1.1779935275080906,0.19799890643337245,41.109749359796496,4.783959668345535,0.21291632106018454,0.04915322088320366,0.5295938040332321,0.002443668900000184,0.37172627772891625,0.9506596326828003,90137,oil_01326.tif,oil
0.06171652146926227,0.4317412857030451,1.2673267326732673,0.05305344987623763,42.02269957259497,4.843204404550017,0.21027239877721116,0.04897371367788811,0.5169649896782582,0.0024242348177392122,0.3731144903330739,0.8934504389762878,11594,oil_01328.tif,oil
0.03058445463459433,0.3038343922569919,1.391304347826087,0.027157327403192936,41.917806038705166,4.835737614834209,0.21071344910472867,0.04881874816238605,0.5215891336105594,0.0024096077071559733,0.3722546459837199,0.8883197903633118,21666,oil_01329.tif,oil
0.032454588890459844,0.32381221491139545,1.4203730272596844,0.029063229134965146,41.97827433662652,4.839260912389538,0.2105904311577006,0.04875847000417935,0.5218883756630024,0.0024037268525429483,0.372337760988729,0.8909462094306946,21210,oil_01330.tif,oil
0.06563707878109257,0.36730459818782285,1.4304207119741101,0.0635168182284116,41.9909382827812,4.836365506309871,0.21034315393114425,0.048713355329282886,0.5229996272215419,0.002399189562910097,0.37294385280735964,0.8837485313415527,9228,oil_01331.tif,oil
0.2838747368071315,0.6981073807738122,1.0151515151515151,0.4473089099954772,40.79787730652694,4.766236211651325,0.21226509341152028,0.05062080229392041,0.5150009043695385,0.0025870406796807237,0.3752634748569708,0.905814528465271,7877,oil_01332.tif,oil
0.18383172254498636,0.47020122844439877,1.1267605633802817,0.4026408450704225,41.41014861624437,4.814579464598044,0.2100037718521095,0.0498482975407704,0.508777780019195,0.0025084603745537683,0.3747246022031824,0.9020130038261414,9271,oil_01333.tif,oil
0.10544248177425079,0.6963782345229589,1.743859649122807,0.10922376363443821,33.08213687501046,4.172739039448625,0.24458542429202565,0.0592248678466398,0.5398436495291641,0.0035356742551037705,0.3584342447916667,0.9443885684013367,63021,oil_01334.tif,oil
0.049913357642538216,0.2529992045547072,1.380299251870324,0.11374454559175683,2.2254171853873546,0.6945893379728875,0.7104671699800243,0.2693565376531476,0.9847575924410845,0.07285765068070874,0.050120835047305634,0.9157754182815552,102978,oil_01335.tif,oil
0.06596257232759616,0.2672903318468593,3.7506234413965087,0.12651466413752852,2.174153992262099,0.7259625662135537,0.6960107760079985,0.2728893708646963,0.9773030411848102,0.07481493499378475,0.057436431649225815,0.9245056509971619,77951,oil_01336.tif,oil
0.0678852126639416,0.2741932836705479,3.68,0.12768172554347826,2.1144454286530223,0.7295820064701463,0.6934227772126247,0.27608402678351257,0.9751510294350616,0.07657625488622594,0.05777357251215965,0.9269583225250244,76514,oil_01337.tif,oil
0.10244036873617891,0.6926895154482525,1.7583187390542907,0.10734993476182834,33.05175297998875,4.171024847657989,0.24462132035354084,0.059188321092954396,0.5406753033778356,0.003531324150070396,0.35827296221320365,0.9456040263175964,62680,oil_01338.tif,oil
0.07337164184770624,0.3635065728579984,1.5200803212851406,0.07969526719825139,34.51742031993285,4.31611094939964,0.2354900098149573,0.052041319673626865,0.5965347057706959,0.002747810216542571,0.3621148735172677,0.8887370824813843,30958,oil_01339.tif,oil
0.29073837300986993,0.9459720992765414,1.0,0.9011720418930054,26.20677585753876,3.6307256116678914,0.28252880463390584,0.06057006011358129,0.6684690811819234,0.0037685271480059597,0.338886022567749,0.985808253288269,3727734,lookalike_00000.tif,lookalike
0.0941228154595774,0.4877995296750826,1.0471698113207548,0.30460177158290364,34.21647479991174,4.281124293595675,0.23834135275847557,0.05268157777196781,0.5970240761558498,0.0028152770089204496,0.3608498780912574,0.8504093289375305,32735,lookalike_00001.tif,lookalike
0.027798441018363148,0.5711623033885649,1.1818787475016657,0.430752666204492,28.110189368641343,3.872761091973023,0.25779184281624223,0.055025475510007665,0.6623597197282297,0.0030745770447498898,0.35946365284183174,0.9066701531410217,1009618,lookalike_00002.tif,lookalike
0.1287279731476926,0.8681402370439106,1.7444633730834753,0.822585253739885,26.80667453257322,3.7759533943182566,0.26371028185267065,0.055531550882331096,0.6781995038207975,0.0031352439937571055,0.357903585602397,0.9482784271240234,1811652,lookalike_00003.tif,lookalike
0.45315506868839883,0.9904436716710783,1.0,0.9894516468048096,29.138934791197283,3.9353082171799687,0.255412549883817,0.054705868022752756,0.6513828825437279,0.003041116522784107,0.35876917839050293,0.9717587232589722,3945930,lookalike_00004.tif,lookalike
0.17221554086412988,0.9140873487681677,1.0,0.7561105489730835,32.4689460524988,4.154444668443548,0.2446675022002338,0.053749987126620026,0.6110146594734103,0.0029326586339919586,0.3596935272216797,0.9679378271102905,3039140,lookalike_00005.tif,lookalike
0.13672107588166976,0.8543905518888324,1.0942528735632184,0.6355715466263133,32.306790132091855,4.137345523179988,0.2456552128140121,0.05406674412328055,0.6098593520331321,0.002966695985340733,0.35986685986685985,0.9579542279243469,1123832,lookalike_00006.tif,lookalike
0.1186550425545733,0.48507087564089674,5.086206896551724,0.2819988310929281,36.07621604287828,4.4289767530850215,0.2292102609094091,0.05140836979562084,0.5824054063509527,0.002678955543908404,0.36244755244755245,0.8578083515167236,5142,lookalike_00007.tif,lookalike
0.09642567331853667,0.40475002877642635,5.142857142857143,0.20930555555555555,36.30429234714589,4.424523398141487,0.2326234980729187,0.05159752650958524,0.5797087819810001,0.0027013417179041228,0.3608974358974359,0.8752094507217407,5648,lookalike_00008.tif,lookalike
0.2546561087662911,0.6818306010928962,1.8507462686567164,0.3003731343283582,33.40608850430886,4.219234522211367,0.2418345427890124,0.05371949802554959,0.6025627419899588,0.0029294187162706205,0.3623644396840273,0.8051861524581909,2641,lookalike_00009.tif,lookalike
0.04396203927385385,0.3727741579472377,2.6040609137055837,0.26069403627512094,34.718896383731945,4.317927405647065,0.236860288433935,0.05234642945471181,0.5944466094599153,0.002781571916067557,0.3617689293450483,0.8442028760910034,27317,lookalike_00010.tif,lookalike
0.03292927530642025,0.6918866301395226,1.1577162238552854,0.6168187358677218,31.672836484576635,4.118775378537273,0.2453217570751744,0.053768467784426094,0.6202023026956887,0.0029337585837210037,0.3611502198360426,0.9300773739814758,1871425,lookalike_00011.tif,lookalike
0.0699302547205918,0.8818797594442134,1.011358024691358,0.7916324266975309,3.4282545346540587,1.1914259415687836,0.5672879763882313,0.17622792058819797,0.9696712637875122,0.03126799252774267,0.25937093098958336,0.9336802959442139,2684505,lookalike_00012.tif,lookalike
0.014088593581376199,0.642464204251404,1.0,0.5194354057312012,32.39920367454809,4.1650858343503225,0.2435543633228463,0.05360263731003942,0.6117258178461585,0.002917033995915094,0.3606290817260742,0.9005990624427795,1604032,lookalike_00013.tif,lookalike
0.029831890796357535,0.704577276576372,1.12157721796276,0.6298773307006434,33.330411004793106,4.225048329830503,0.24118107266235417,0.0530574506479848,0.6041617307323933,0.0028582339135488997,0.36075311481531774,0.9309751987457275,1991418,lookalike_00014.tif,lookalike
0.14717765126115176,0.9588539348383497,1.4566145092460883,0.8498608085881935,3.5498699243272513,1.157303906295271,0.5834187808853328,0.19101862961567168,0.9768134070295666,0.03664350731526745,0.24896914584799437,0.9413906931877136,2087498,lookalike_00015.tif,lookalike
0.2953775441262185,0.8969341066947419,1.7474402730375427,0.8671056337324019,33.00777091312075,4.205585982657894,0.2417478663781052,0.05325654208322521,0.6060639635923364,0.002878608417078297,0.36149472475252736,0.9717002511024475,2036265,lookalike_00016.tif,lookalike
0.14974237976702215,0.9001156244510269,1.0,0.794666051864624,27.165681151795162,3.8047196581855802,0.26180106790283986,0.0554224411856704,0.673089745578023,0.0031222358398644897,0.3581502437591553,0.9678847193717957,3270769,lookalike_00017.tif,lookalike
0.0996210679699123,0.8462661102919059,1.0,0.7398406267166138,30.793781014047717,4.055680990543937,0.24898256413389916,0.05393750732128931,0.6336074040881519,0.002954617123699547,0.3593566417694092,0.9548972845077515,3000566,lookalike_00018.tif,lookalike
0.2539305182899144,0.9415902242744526,1.054582904222451,0.9114494913024588,26.51349802065576,3.7565721305816524,0.26474177474611893,0.05563379773853351,0.6820709160682801,0.0031466025358642584,0.3582280255972151,0.9563155174255371,3364706,lookalike_00019.tif,lookalike
0.20329643781439777,0.9060133993316324,1.0,0.9051288366317749,32.27553747993451,4.156388511353183,0.24408084290076326,0.05361403307952216,0.6128297466092378,0.002917750774072718,0.3612687587738037,0.9712908864021301,3682347,lookalike_00020.tif,lookalike
0.777283893513065,0.9998677870244659,1.0,0.9988915920257568,33.317379427856594,4.221646916355248,0.24135529676478817,0.05326505865720198,0.6017710659691284,0.0028794557350572975,0.3610861301422119,0.9875454306602478,4127388,lookalike_00021.tif,lookalike
0.02341122085792309,0.5652448335069281,1.0,0.46727919578552246,32.29354742460925,4.160819131584056,0.24412782823012202,0.05328963578266804,0.616426699406913,0.0028847799129984963,0.36039090156555176,0.9207125306129456,1570444,lookalike_00022.tif,lookalike
0.025915649857548573,0.7174361105308367,1.0,0.5670315027236938,29.037430789873408,3.937801639747102,0.2547786969275567,0.05471007802060529,0.6507459876691146,0.0030407729650970402,0.35938286781311035,0.8942607045173645,2073247,lookalike_00023.tif,lookalike
0.016823862313986266,0.4301184038671722,1.011243851018974,0.3045179535839531,3.713172607159936,1.30744723237964,0.530096457398586,0.16202695501686293,0.9035633677724904,0.026549543130747397,0.2814238821599093,0.894012451171875,483238,lookalike_00024.tif,lookalike
0.35560397149249884,0.9620479311552992,1.0,0.9512145519256592,33.366986103323754,4.229738402571043,0.24081216634005687,0.053011456173906395,0.6034443291746304,0.0028530868272901534,0.36090731620788574,0.9786938428878784,3827883,lookalike_00025.tif,lookalike
0.10632076511503344,0.8709155263554083,1.673202614379085,0.8457737342984069,33.63567005382302,4.244666010549703,0.24027990293721066,0.052942145719757146,0.600319916590257,0.0028452014943726334,0.36125955281476996,0.9491041302680969,1838047,lookalike_00026.tif,lookalike
0.037759788714172876,0.37547818450108594,1.873846153846154,0.23977011494252873,9.062026926182712,2.1483806978598308,0.3992169059817005,0.09215008756413748,0.8712682547378903,0.00870157228490907,0.31451872423901783,0.8672405481338501,48435,lookalike_00027.tif,lookalike
0.032592040210844775,0.5030339546073302,1.1975308641975309,0.36929167511238703,29.66420353807267,3.92337478178099,0.2627045650738367,0.05525431913537702,0.6513322514544616,0.0031394488046889977,0.3408482593265202,0.8704729676246643,223379,lookalike_00028.tif,lookalike
0.032566773171957615,0.3999801179094414,1.359437751004016,0.27448345820505066,28.631370823900333,3.8531201363557908,0.26608005832968645,0.0555399418717786,0.6630342974121002,0.0031712688993057086,0.34057566845823617,0.8455666303634644,84421,lookalike_00029.tif,lookalike
0.07593421958386136,0.610703723942847,1.8,0.45667177453278046,28.580924836603835,3.8585173662963452,0.2644883874794736,0.05589315542094844,0.6590921081449845,0.00320918636029141,0.34357289638762706,0.8818976283073425,138280,lookalike_00030.tif,lookalike
0.052857755848974335,0.2793733756691811,1.2071005917159763,0.1562455685758853,28.65317931373383,3.8434323702898094,0.2673453490127532,0.05623165841582111,0.6579911281869172,0.0032538546020918152,0.3394449375496731,0.8999213576316833,49470,lookalike_00031.tif,lookalike
0.028966992418134774,0.35372047988193245,1.3188073394495412,0.204826485839649,27.964769055442368,3.7974996864596067,0.27014644532613075,0.056501498255683416,0.6676811792960311,0.0032897872125145916,0.3382250221253676,0.8835136890411377,185064,lookalike_00032.tif,lookalike
0.052851234103933116,0.7616669355226702,1.8601271571298819,0.716148272522139,27.972859291133087,3.7957531900093384,0.2703302931644959,0.05688729634995859,0.661595262632787,0.0033341159355054443,0.338277837281586,0.8995534181594849,1468172,lookalike_00033.tif,lookalike
0.051720553705418226,0.8122937406045412,1.5181616011860637,0.7505534336777242,27.685801653863308,3.777857189644746,0.27103253268737004,0.056875810606010505,0.6674855682046925,0.0033317832052846105,0.3384494278088343,0.8952822685241699,1833252,lookalike_00034.tif,lookalike
0.02190459618660514,0.7739261323246951,1.0,0.7700231075286865,28.111091222489055,3.8077254947812933,0.26953659165547916,0.056692602905912354,0.6628950569294012,0.003310107325342136,0.3386659622192383,0.8743014335632324,2395705,lookalike_00035.tif,lookalike
0.021148186524829932,0.7963412883068537,1.0573051109963862,0.7549429338619644,24.327657399227252,3.499380331136356,0.2918166318362586,0.06187938535612124,0.6701631099481352,0.003939126476891973,0.3337599957575563,0.8911579847335815,2170671,lookalike_00036.tif,lookalike
0.16520639095909215,0.9716026337642235,1.0,0.9706344604492188,28.027424282445832,3.8068680147681713,0.26882256150905626,0.05658527352231904,0.6634116981376551,0.0032949579878135933,0.3399372100830078,0.9403167366981506,3428458,lookalike_00037.tif,lookalike
0.0735895715085776,0.8758593583325845,1.016377171215881,0.8043242575217121,26.765525498431124,3.695344479692439,0.2771789325227149,0.05866665909895019,0.6610880522076179,0.003537811285684123,0.33895666564039406,0.9625176787376404,3082088,lookalike_00038.tif,lookalike
0.7450049323423757,0.9994513400166913,1.0,0.9984755516052246,28.21035720847268,3.8223720121708356,0.2674047145276023,0.056397995303536314,0.6608511456488642,0.0032697348736882284,0.3412611484527588,0.9887645840644836,4170617,lookalike_00039.tif,lookalike
0.04685666289522537,0.5851974572296555,1.5778443113772456,0.4510185037893852,27.53521989925832,3.771127109863821,0.2713139511610368,0.05697955459672738,0.6639083751626824,0.0033355763822771017,0.34060310222428725,0.8857415318489075,285609,lookalike_00040.tif,lookalike
0.04920643708290829,0.3909206695778748,2.9952380952380953,0.2114505261564085,28.074055711393143,3.8068112297004078,0.26971359038805764,0.056980926064650335,0.6580175100363692,0.003345769301042862,0.33788568538189173,0.8450831174850464,28005,lookalike_00041.tif,lookalike
0.06648697179355881,0.472529738976409,1.0786516853932584,0.09303222693571811,40.39653842674223,4.73433347446843,0.21525460948612263,0.05006585174491279,0.5220039401394915,0.0025410816945367985,0.36593980008987664,0.8844707608222961,40006,lookalike_00042.tif,lookalike
0.06698551848831225,0.47676151492270397,1.0434173669467788,0.0902129979508582,40.03912639567768,4.714128710730975,0.2159253619565562,0.050092794708841204,0.526734929691846,0.0025438808894248997,0.3663595734324528,0.8843381404876709,49090,lookalike_00043.tif,lookalike
0.134304390586498,0.4436740432580266,1.6857142857142857,0.34860774818401935,41.01789274681318,4.769925612617594,0.21423033891805118,0.04968347986443588,0.522666046047818,0.002502992485519641,0.3680893409995577,0.8294636607170105,11831,lookalike_00044.tif,lookalike
0.24610517132979012,0.7628237684103606,1.8974358974358974,0.26022176022176025,39.73554047407699,4.692573396353808,0.2161431885852499,0.05228966258281399,0.5060875807616367,0.002769326768295861,0.3727703455964326,0.7420296669006348,835,lookalike_00045.tif,lookalike
0.10721867918335892,0.7121713513983114,4.89171974522293,0.3739259885881104,26.19659111919617,1.556715182717785,0.706072183527783,0.2181936561912648,0.8065090751478003,0.04801365728914432,0.07528268345281809,0.946719229221344,45853,lookalike_00046.tif,lookalike
0.12483046972256089,0.5306571151344991,1.1931818181818181,0.1738670183982684,40.222457298237806,4.7234199099718355,0.21602451413193463,0.05016768075539901,0.5234571692323304,0.0025517948830376066,0.36587550901687027,0.8961928486824036,26399,lookalike_00047.tif,lookalike
0.09949480650220502,0.773196753584285,1.4808126410835214,0.6096763796362569,16.36155742884728,1.7659385778229075,0.5556342630169547,0.17915066544210229,0.8297013163392628,0.0323360323814537,0.24250151549636464,0.9472099542617798,1585323,lookalike_00048.tif,lookalike
0.17534894015244043,0.8290656823942723,1.7706093189964158,0.7608724043359018,16.942401662090788,1.8863054067579355,0.5148588420612265,0.17041502292449123,0.2512033567682151,0.029369305208970062,0.2670957459210501,0.9521434307098389,421094,lookalike_00049.tif,lookalike
0.06131016102418451,0.4460739217490124,1.1087719298245613,0.22881967577170775,19.286991827296188,3.1767250178577866,0.30383466029949624,0.06670481859806673,0.7038969422822464,0.004519759448741702,0.35280300945040827,0.8637428283691406,21410,lookalike_00050.tif,lookalike
0.08103427985705926,0.4075880758807588,1.1560283687943262,0.19222903885480572,19.342841014063943,3.181012164625305,0.30375719084724423,0.06671084325811741,0.7023031993461095,0.004520543524850883,0.35321233074042063,0.865389883518219,18285,lookalike_00051.tif,lookalike
0.14878223046154196,0.5341211225997046,1.9058823529411764,0.3282498184458969,12.84318773116075,2.5886671695675227,0.3497145722618112,0.0802056087066762,0.7855603656957542,0.006520496029664206,0.3375,0.8451292514801025,4788,lookalike_00052.tif,lookalike
0.056236319163920245,0.4359337917295564,1.1469740634005763,0.3105585564711164,15.729160721877175,2.8779064091967728,0.3237650340993439,0.07235951396480074,0.7408461634962372,0.005313664116417099,0.35033172555089565,0.8840010762214661,41942,lookalike_00053.tif,lookalike
0.18017480076834302,0.6118057921635435,1.4184782608695652,0.3739067966016992,12.907720385743263,2.612319518611354,0.34594452925337693,0.08136493502430495,0.7621939488878309,0.006713575107589839,0.3441725278607444,0.8750380277633667,17835,lookalike_00054.tif,lookalike
0.03291239525258203,0.3831341523122802,2.7711864406779663,0.2230828538848287,23.63103822645335,3.548892678088069,0.2765398623916257,0.05967978447963319,0.6836242019533554,0.0036165874213819043,0.35759354526667547,0.8314879536628723,35552,lookalike_00055.tif,lookalike
0.04827820701711317,0.5950673733683497,1.1857638888888888,0.4270731657719213,14.000482514399687,2.7047743837140286,0.3391407305560603,0.07694556822367735,0.7551913941410643,0.006006483381560539,0.34636306779340537,0.8834793567657471,128478,lookalike_00056.tif,lookalike
0.017102885166576435,0.4696175063119291,1.0410958904109588,0.3261375707648793,19.37358104479393,3.2017043020690465,0.2997604883421206,0.06409071074429645,0.722185956007322,0.004172963686969249,0.35278536199369204,0.8724863529205322,273495,lookalike_00057.tif,lookalike
0.0275435560431433,0.5086801924283623,1.2821158690176322,0.3189342465346682,9.683095307583725,2.2302371212981495,0.3870080425550346,0.08818039650431903,0.8332632433061509,0.007892916696076398,0.3344928851997332,0.9149787425994873,247915,lookalike_00058.tif,lookalike
0.03068857104370069,0.5349359183922843,1.626771653543307,0.38041405279325563,25.356502783463775,3.6594648390758766,0.2717935597851006,0.058733738639713776,0.6655031260212495,0.0035051779900440224,0.3566923032772772,0.8798274397850037,209681,lookalike_00059.tif,lookalike
0.0593505239895487,0.5756743076144334,1.4104627766599598,0.3656059036099622,30.66235432310353,4.014273843134635,0.2536049904137333,0.05628462912704321,0.61865152027451,0.0032169802981354524,0.3591267106950908,0.8747614622116089,107611,lookalike_00060.tif,lookalike
0.012830217671340636,0.4653209913725639,1.0373084610259826,0.3358337002477903,30.287316668871362,3.9866630768655233,0.2550258040854423,0.05671303369787707,0.6196467156409741,0.0032660737513693526,0.35888940361336585,0.9012469053268433,676104,lookalike_00061.tif,lookalike
0.42791982115734645,0.7934973242793543,1.6288659793814433,0.5756557484014093,30.50890742534416,3.9790061736581803,0.25631137679178495,0.05762327612923533,0.6108207434418679,0.003372643582376253,0.359375,0.9142618179321289,8977,lookalike_00062.tif,lookalike
0.04503027085805638,0.47298878595806926,2.339080459770115,0.15220549703308325,29.724060267116393,3.8937033116575543,0.265842574721621,0.06037350818704976,0.5713867869602276,0.003698013448744606,0.3575777059511811,0.8809043169021606,97865,lookalike_00063.tif,lookalike
0.048210507625990114,0.5569048216377452,1.048024786986832,0.4378069676760425,22.80481252484777,3.463870796417786,0.2834899586294781,0.05948829819004782,0.7074875252517911,0.003596313379505357,0.3558025786314868,0.9213773608207703,669479,lookalike_00064.tif,lookalike
0.10127709620065035,0.7431790976612264,1.6357927786499216,0.5822654176095361,31.40733876514398,4.082629298827053,0.24923339923249738,0.05522527275814727,0.6121911765532777,0.0030954943171057534,0.36060937599758547,0.9445082545280457,377549,lookalike_00065.tif,lookalike
0.15892144950338086,0.8497273189003373,1.1166848418756816,0.7177930060233778,30.845911733473407,4.0458064584352655,0.2508316958208768,0.055173865201888946,0.6216653982917799,0.0030909617227428045,0.36036371011357493,0.9782265424728394,2678802,lookalike_00066.tif,lookalike
0.16859296594588882,0.7872734463197347,1.499267935578331,0.46003778996614203,29.786030295671964,3.9805438088149447,0.2535932256890729,0.05526649071968277,0.6354911796984477,0.0031020543657098625,0.3604986479453295,0.9807223677635193,1278880,lookalike_00067.tif,lookalike
0.14955567734862119,0.8117380087071545,1.8059964726631392,0.6822496848131614,29.618001955381242,3.959410740618106,0.2550629137142448,0.05600089572037323,0.6332941996863206,0.0031834864495495175,0.3602780440872498,0.9685156345367432,1527950,lookalike_00068.tif,lookalike
0.07551824122254326,0.7332385913193609,1.118838028169014,0.4756260319588657,11.569009063076516,1.525053385132884,0.5596008384713957,0.1766983661565375,0.8450835961511779,0.03147227893067045,0.25076713331973144,0.9546775221824646,681315,lookalike_00069.tif,lookalike
0.17490847038844437,0.8748677837710629,1.0348660939868621,0.672328368770528,10.443981233859077,1.533284155456438,0.5452741502636419,0.16569556773209854,0.8923310341771268,0.027656230039119652,0.26711996340584254,0.9708960056304932,2650949,lookalike_00070.tif,lookalike
0.38274828700895647,0.9742459550927616,1.0,0.9053463935852051,9.367876807077828,1.554211806146844,0.5242085327039359,0.1532241541383463,0.8637851946927291,0.023723015857342614,0.28249096870422363,0.9852094650268555,3783363,lookalike_00071.tif,lookalike
0.17683635132262154,0.8519864461626621,1.1926952141057934,0.6176695796616121,28.350059029548653,3.8079495343564966,0.26854087080114164,0.05988846090969223,0.6072289854132504,0.003638921519955958,0.35700021600410703,0.9802190065383911,1851356,lookalike_00072.tif,lookalike
0.13404679814317844,0.7963679612014768,1.518910741301059,0.6876096220262671,30.57262383816095,4.040838115413245,0.24945842328368148,0.054712963687297396,0.6290445068039292,0.0030380542125264427,0.3611296607069235,0.9366898536682129,445785,lookalike_00073.tif,lookalike
0.048680305421556186,0.6712196970388412,1.0707610146862483,0.44379913034503193,6.033006011740684,1.757370002635262,0.44770258265270785,0.10535271275503258,0.9103897084054586,0.011248514802423996,0.3191962998327427,0.9396947622299194,1031081,lookalike_00074.tif,lookalike
0.14997593274705176,0.8313913913593647,2.4650283553875236,0.7533987324156007,30.4898587539124,4.022379384957998,0.2514959685508794,0.05524689257888878,0.624239886644241,0.003098258457704181,0.36098258484591716,0.9616296291351318,517080,lookalike_00075.tif,lookalike
0.022887854777777057,0.3282209462777758,1.5365168539325842,0.18490091510383502,34.02017511391553,4.275041451999099,0.23815470513869458,0.05303911178446352,0.5928014104981258,0.0028534171912120193,0.36237449536869376,0.8545044660568237,129798,lookalike_00076.tif,lookalike
0.0344597386063816,0.32911729123850336,1.83013698630137,0.1852165531949799,30.015558897498043,3.9817014845782985,0.2553789059858359,0.05674549857308704,0.6164954800947189,0.0032684987306548885,0.35806100612962893,0.8583099842071533,43808,lookalike_00077.tif,lookalike
0.032115900864088,0.42269770263966044,1.2407002188183807,0.28498682072715625,34.63025385090641,4.324848101460232,0.23526013955736697,0.05225617021608724,0.5922270346974803,0.0027696484601727757,0.3634634500359429,0.8625237345695496,73707,lookalike_00078.tif,lookalike
0.0900338459219592,0.6270983172519209,1.8692946058091287,0.4232215472895492,20.671165756293483,2.016384830073413,0.5602845954314551,0.18323798851434303,0.7111036614014041,0.033849159193349326,0.21665762566807936,0.870049774646759,180547,lookalike_00079.tif,lookalike
0.017504519754941144,0.4227017623098219,2.859611231101512,0.20610444820003523,12.352973945374751,1.392579753746232,0.6510396358996973,0.2917888941041581,0.9349043697781101,0.08518659739456613,0.18349207966179393,0.8198217153549194,123011,lookalike_00080.tif,lookalike
0.4709232041567185,0.8789120104866459,1.2608695652173914,0.5026236881559221,13.008752043776976,2.5810768534498765,0.3526923635749082,0.08157904990609519,0.7864615593261814,0.006753451821040058,0.3420166180103301,0.8822029232978821,5526,lookalike_00081.tif,lookalike
0.05239774606648465,0.44759914793944905,2.867595818815331,0.32604010990639326,33.78450544662251,4.25700561507778,0.23927004750277409,0.05337718570445646,0.5943257152846525,0.0028905960642121972,0.36120626698689234,0.8835724592208862,77769,lookalike_00082.tif,lookalike
0.21786242164854305,0.670088894453487,3.5,0.3318452380952381,33.92874988659047,4.277153480907039,0.23794968619223472,0.05396227431582164,0.5819827951616188,0.002951783555995068,0.367974617974618,0.8922053575515747,2849,lookalike_00083.tif,lookalike
0.13082571400505677,0.6795252225519288,3.8666666666666667,0.3043462643678161,12.83335090924716,2.596607258904548,0.347792568182809,0.07393812093029642,0.8511861380870355,0.005546622007142846,0.34440203562340965,0.768156111240387,4513,lookalike_00084.tif,lookalike
0.055554851604693006,0.6083912387940802,1.5787037037037037,0.2686101607472575,7.956355312503624,2.024868466496806,0.411268874428393,0.08866580224803428,0.8771077956791811,0.007986313224970329,0.33177022650605503,0.9002279043197632,302381,lookalike_00085.tif,lookalike
0.26792867263901693,0.7995197392870416,1.0,0.24687522067650589,9.02376792000886,2.1230019951378525,0.4034319521308589,0.08426280500152275,0.8820952655444841,0.007217477808370375,0.32700135685210313,0.9133142232894897,14321,lookalike_00086.tif,lookalike
0.07409359663491723,0.47266069725222315,1.0278637770897834,0.14324480584878213,16.841770559181423,2.9902080193697267,0.31384484030019355,0.06753533996147221,0.7443231405409187,0.004635211218349147,0.35364593930477517,0.8480511903762817,16014,lookalike_00087.tif,lookalike
0.061504884019665126,0.3503947990139987,1.427652733118971,0.22287158541177834,19.15150685265307,3.164162763013355,0.3042448918241313,0.0652562932952393,0.7245894632853723,0.004331058314927189,0.3515040152443174,0.8742584586143494,31374,lookalike_00088.tif,lookalike
0.24730621819126558,0.7707668839273333,1.3241379310344827,0.2994612068965517,9.505189136346939,2.1757443163422705,0.39323061005556126,0.10179519143698247,0.7950698778206464,0.010497180953688682,0.3402831402831403,0.8490146398544312,8576,lookalike_00089.tif,lookalike
0.06819565215172432,0.6510146313390374,1.6046901172529313,0.6166149554312971,6.979498989895731,1.8995109839681066,0.42566448339860935,0.10267775057418119,0.8850162043476736,0.010683572137950487,0.3257096889846092,0.9426901936531067,1279570,lookalike_00090.tif,lookalike
0.015213066762268962,0.3655511779318681,1.5942307692307693,0.27641331075438436,6.631261185063031,1.803593394237588,0.44646874232764383,0.08844566522870653,0.9467919697940279,0.007940334990877825,0.31320923618212876,0.9077105522155762,460490,lookalike_00091.tif,lookalike
0.15712778891520296,0.9243799017755228,1.0,0.9213658571243286,32.019854832186404,4.145090486712093,0.24410145681989678,0.05357937132327355,0.6171397797761649,0.002910975522063216,0.36141443252563477,0.9667957425117493,3420180,lookalike_00092.tif,lookalike
0.03434392848324954,0.5415960256477401,1.2777352716143842,0.3316462713440754,32.399085090618016,4.166233468024336,0.2432397155871755,0.05337657708514764,0.6169662226972412,0.002888962705132032,0.36148448758063717,0.9468302130699158,713615,lookalike_00093.tif,lookalike
0.0655723109470304,0.6465442366795467,1.18931475029036,0.4178286739619628,28.919220086955317,3.937512475384351,0.25360324902129794,0.054601885253406146,0.652628639191777,0.003024326805432344,0.36133599597006333,0.9559669494628906,1350543,lookalike_00094.tif,lookalike
0.11309673713816072,0.7029947002265315,1.0316804407713498,0.521901562045997,29.117218510395233,3.923297583145045,0.25866062314244126,0.05694618738939168,0.623807522894686,0.0032888889936987893,0.3575418899552404,0.9406670928001404,283976,lookalike_00095.tif,lookalike
0.07883603270495003,0.4299416117557,1.574468085106383,0.08235767682576194,32.63834245555883,4.165492448873252,0.24492558073457923,0.0546096617175577,0.6003922253671227,0.003025068859747332,0.3622887417218543,0.9117365479469299,29568,lookalike_00096.tif,lookalike
0.07968442216904503,0.6795968524916685,1.1651728553137004,0.511771327264285,3.425311688430562,1.2228045131803489,0.5539174633330304,0.1673692118353393,0.951563958378395,0.028279034140260416,0.2662959090986992,0.9513477683067322,1221414,lookalike_00097.tif,lookalike
0.12939432035777576,0.8013666725499151,1.0,0.7350260019302368,33.32605198807799,4.2255325119330065,0.24065557809426658,0.05302761195759212,0.6061532276016541,0.0028514254989609944,0.36144447326660156,0.9645822644233704,2860589,lookalike_00098.tif,lookalike
0.052100646774212125,0.29935832052227945,2.288557213930348,0.13768386329223448,34.17163398227105,4.296388105106566,0.23613534683920906,0.053323633708048795,0.5853207570129559,0.002881089118989223,0.364780701754386,0.8763670921325684,51914,lookalike_00099.tif,lookalike
0.06071025331239047,0.293710474152849,2.3769470404984423,0.11434205852451587,7.461053246138898,1.885393438231845,0.43608302076372724,0.09127321530120955,0.9636906784428955,0.008426573609916133,0.32569527525391334,0.8732421398162842,29044,lookalike_00100.tif,lookalike
0.15526002796689234,0.5545931900611704,1.0169491525423728,0.3215630885122411,33.50723712656563,4.261057174964725,0.23700227501334598,0.05421678832923276,0.5809603337810145,0.002974810412027464,0.3653324131585001,0.8271302580833435,10585,lookalike_00101.tif,lookalike
0.33068389956944166,0.8084266802443992,2.659090909090909,0.6168414918414918,42.111896431522624,4.83020863549965,0.21163188442786993,0.04932975014830446,0.5300855199628615,0.002459888593836561,0.37359808788380217,0.8298851251602173,3333,lookalike_00102.tif,lookalike
0.32441934966015246,0.7405604967276389,1.0632911392405062,0.33250452079566006,8.160366141980099,1.9886215634035227,0.4191423366562457,0.09255279599454191,0.9567322436193573,0.008659121019579018,0.34363431514566234,0.7752361297607422,2334,lookalike_00103.tif,lookalike
0.1312542906242018,0.780327868852459,10.944444444444445,0.5033840947546532,10.378418720557455,2.237220632840428,0.3924166654888529,0.09981028340341284,0.8981331392647309,0.010062172986990905,0.32433920704845814,0.8496406078338623,1984,lookalike_00104.tif,lookalike
0.2507564135250237,0.6652030735455543,2.3333333333333335,0.45089285714285715,40.42789094650462,4.739094631310787,0.21548595983725888,0.049604490090683004,0.5354091827269098,0.0024857691300296664,0.3713434452871073,0.774853527545929,2566,lookalike_00105.tif,lookalike
0.11866168593932094,0.5233297387777438,1.0909090909090908,0.38013234193789747,9.043734868909684,2.187204598856791,0.38570991285106004,0.09466181169741059,0.8748753619443337,0.00905605642517351,0.3439773213521609,0.8190535306930542,16378,lookalike_00106.tif,lookalike
0.14717914766366466,0.7789395859738065,4.777777777777778,0.5293568762561011,10.723268645076605,2.2804542623388366,0.38744364967990397,0.07448790996158372,0.9389820917020081,0.005625057468614951,0.33701223544973546,0.8786429762840271,7716,lookalike_00107.tif,lookalike
0.21069222689483683,0.6908202443280977,3.2857142857142856,0.37941875623035043,9.911592439802284,2.148547864210497,0.40547339097273594,0.08117038677355082,0.9491377074673796,0.006666083820943292,0.32997595390408785,0.8503364324569702,5174,lookalike_00108.tif,lookalike
0.5053524112889964,0.8854481674126043,2.391304347826087,0.7233201581027668,11.012200687260906,2.3652586277993897,0.37118296740459444,0.09743250178569027,0.8604281481112253,0.009579040206914118,0.34783834586466167,0.8199872970581055,3747,lookalike_00109.tif,lookalike
0.22642125841227803,0.7713702948266271,1.5454545454545454,0.4449197860962567,9.351680156537292,2.1238561376301637,0.4060977194006514,0.09617295509255916,0.9296367402286941,0.009345931808608918,0.3306393861892583,0.7522095441818237,2231,lookalike_00110.tif,lookalike
0.101890473156452,0.672879246102305,2.146205357142857,0.4218044837864943,39.0608499271734,4.647559183857882,0.21922318794578624,0.049827526163939956,0.5510579160707099,0.0025140212707143697,0.3691181485666905,0.9629943370819092,697903,lookalike_00113.tif,lookalike
0.35350766320268395,0.8522184316535156,1.492354740061162,0.5627757306863187,39.84555002948563,4.695990563739878,0.21740340509478043,0.05007770124025686,0.5325445474648691,0.0025382340292536484,0.3708370024159498,0.93760746717453,82508,lookalike_00114.tif,lookalike
0.04981991072139987,0.6200527584274526,1.2182700080840743,0.255523268133244,40.462600442932654,4.736255643555174,0.21517729095426164,0.04934602670572348,0.5368266974506957,0.002463447966403385,0.3703601888247509,0.937933087348938,440966,lookalike_00115.tif,lookalike
0.07699029858005912,0.6429003453635984,1.0,0.3329983949661255,37.27237789756043,4.54409873872401,0.22243377746283483,0.0502312185505418,0.5691501552110594,0.0025537522891911687,0.3697373867034912,0.9608811736106873,1350500,lookalike_00116.tif,lookalike
0.22883604498017562,0.8278099551452336,1.1160220994475138,0.4693644433504124,3.5695004528504763,1.0352469824301889,0.6040196807600675,0.21138155387923502,0.9480752032132653,0.04501907619622651,0.21632664686138936,0.9638333320617676,579157,lookalike_00117.tif,lookalike
0.07791201150351608,0.49658572375924803,1.1570614312856238,0.31836920889354775,38.44770539452598,4.618620579769256,0.21893155192603253,0.05003882057995916,0.5539073607369374,0.002532730683935302,0.36935796135877924,0.9674695134162903,891464,lookalike_00118.tif,lookalike
0.0934213112786517,0.6664985878898827,3.8350515463917527,0.41311784847701044,40.0215207726146,4.719865622861902,0.21454815186821782,0.04937372551326235,0.538381757096327,0.002464546514078271,0.37090656684598033,0.9419039487838745,135932,lookalike_00119.tif,lookalike
0.16722005660658823,0.5688045168425342,1.2179487179487178,0.28848262483130904,39.506841255137104,4.6865863167166735,0.21582360758873748,0.05030734243027386,0.5325901957395813,0.0025572701635676025,0.3727499643417487,0.9051546454429626,34874,lookalike_00120.tif,lookalike
0.05840428366538232,0.4263445600423206,2.610062893081761,0.27481245737667653,6.878330893291472,1.8759976073239133,0.42917151066005343,0.09700689411472888,0.9318282079576354,0.009526503011655214,0.3315260686047203,0.833200216293335,18985,lookalike_00125.tif,lookalike
0.6399250410485471,0.8689935827203005,1.0294117647058822,0.5831932773109244,7.6717501318576655,1.9506464398450536,0.42200463955296796,0.10612567965293354,0.9179750911799425,0.011374969317855924,0.3216326530612245,0.8823815584182739,2878,lookalike_00126.tif,lookalike
0.0641594971180212,0.6334928445244608,1.434589800443459,0.43366021583498116,29.128294114571293,3.9326904517687806,0.25691515642634133,0.056965939091900654,0.6250891688033119,0.0032901064681923114,0.360560099128498,0.9285962581634521,453616,lookalike_00127.tif,lookalike
0.13585243090539573,0.6190881337270406,1.1491228070175439,0.4141556180527655,5.557558815826567,1.699561737385038,0.4531138800738159,0.1276839015908504,0.8273012997130524,0.01649261565689332,0.32569875776397517,0.813796877861023,6497,lookalike_00128.tif,lookalike
0.10927058133569545,0.7730633830711264,1.8980582524271845,0.5694219452238473,6.145683061070818,1.798280036106874,0.4369012397562251,0.11418971298060335,0.90071934133866,0.01318591854474363,0.3314900541617079,0.9704475998878479,1132962,lookalike_00129.tif,lookalike
0.13433674749630878,0.631214794153339,1.0660377358490567,0.3636875939221907,6.280288474710546,1.7898953808732239,0.4417383100091646,0.10590275122680382,0.9437179924277217,0.011342643381692191,0.32321797520661155,0.8067966103553772,17401,lookalike_00130.tif,lookalike
0.21644221303924838,0.5661720418332147,1.4270833333333333,0.3930961070559611,7.260456675855865,1.925481256263001,0.42213265021481333,0.11114950445526822,0.8867984000109387,0.01247983929982573,0.3353768653169851,0.8437570333480835,5406,lookalike_00131.tif,lookalike
0.09067462105415354,0.5468280207098746,2.5575757575757576,0.1573711044090191,6.4566756886925,1.8119578304724357,0.43809748928386616,0.08909541909182137,0.9642959253816004,0.00802697136570478,0.3263290648040357,0.899966835975647,44674,lookalike_00132.tif,lookalike
0.12446238969333462,0.6483771773392841,1.2987551867219918,0.4458393541288296,7.9845353287575955,2.0615552171185554,0.39823262035071716,0.10455271432525895,0.8594849711420488,0.011038555860385213,0.34365754736264564,0.8891496062278748,33903,lookalike_00133.tif,lookalike
0.055840709166999486,0.5919054524254709,1.1997656707674282,0.549471014343512,28.161435331983135,3.672195137024655,0.28769647653799274,0.060418117676399936,0.646030716008327,0.003766347179263882,0.3323970356054007,0.9573505520820618,1885519,lookalike_00134.tif,lookalike
0.08534842655187866,0.7464055525921303,1.3333333333333333,0.5627010663350424,10.771089127851592,1.3705906470869067,0.5918800790398903,0.19470269342588245,0.6959976998006516,0.038642763739606886,0.1771869081439394,0.9490612149238586,1666781,lookalike_00135.tif,lookalike
0.06400513953165918,0.8917727015525956,1.0,0.890902042388916,26.612098495125807,3.683841330687853,0.2781012727401521,0.057859489840248385,0.6792205757755871,0.0034523043606594747,0.33668947219848633,0.9638602137565613,3425184,lookalike_00136.tif,lookalike
0.05102079466138736,0.29412980855374693,1.9150943396226414,0.06198299098429222,32.134470695903914,4.1405985165923305,0.24494407801627693,0.053522217034557326,0.6212269526678352,0.0029092942719496054,0.35995688888423827,0.8706308603286743,22295,lookalike_00137.tif,lookalike
0.04544356461598991,0.6078507638232191,1.3852459016393444,0.40767118941378083,30.088154329927843,3.99866729379929,0.25239173587274044,0.054641353658018525,0.6378562186208172,0.003033247218678219,0.3588460009723335,0.9378318190574646,1189686,lookalike_00138.tif,lookalike
0.08260842078448635,0.6861178556952557,1.75,0.4769186292375837,31.03535853201689,4.054182857837816,0.2518143676803098,0.054646472465595036,0.6224402952708561,0.0030332678013092586,0.35642749589474787,0.9417558312416077,841674,lookalike_00139.tif,lookalike
0.0384131531984215,0.41336162345000255,1.152014652014652,0.23711943197237315,23.4771012125705,3.5308907281115944,0.28069831756309604,0.0620098048211358,0.6503638488633908,0.0039043976234199957,0.3536403014133661,0.9268770813941956,326182,lookalike_00140.tif,lookalike
0.3446549306358765,0.8150174798601612,2.4634146341463414,0.4855711180874185,7.15159739402424,1.8564716563404882,0.44341562917707567,0.09183496952314157,0.947738165988083,0.008653830432810008,0.2847521551724138,0.8816139698028564,8272,lookalike_00141.tif,lookalike
0.04480205805713274,0.5852641001393231,1.1174899866488652,0.4041374161965057,31.53332927606439,4.10924076136785,0.24607886516124935,0.053779718637796764,0.6232260334054229,0.002937180960555824,0.36063195653320673,0.9474976658821106,992475,lookalike_00142.tif,lookalike
0.06996029668547837,0.7183165753388742,1.2463872832369942,0.4590317919075145,27.264484918976496,3.80727151405737,0.26406662152042265,0.05741041039587268,0.6427225158253195,0.0033465558387366133,0.35666772342258857,0.9563764929771423,1088695,lookalike_00143.tif,lookalike
0.3820168794573519,0.9782895051642418,1.0,0.9773342609405518,32.804443279437756,4.179530264690666,0.24397759354953444,0.05334494905912431,0.6122290265869714,0.0028903845294938092,0.3586854934692383,0.9763873815536499,3815663,lookalike_00144.tif,lookalike
0.09064856702659636,0.6507994990063355,1.7548387096774194,0.42246139047016656,26.822981043831234,3.704602729698842,0.276123283327916,0.057709876011578426,0.677485800641181,0.0034409170075517313,0.3354084446468326,0.9430655241012573,634227,lookalike_00146.tif,lookalike
0.09725587379867381,0.8021126208396883,1.3212903225806452,0.5704118888608871,26.45701042043492,3.6662629022762956,0.2798918570199474,0.058477492489909,0.6777674276065946,0.0035359887749636704,0.3334889177316294,0.9657699465751648,1758098,lookalike_00147.tif,lookalike
0.05759894137901604,0.4148010974716117,1.6097560975609757,0.1349260901699926,6.703250264547901,1.7577973943035887,0.4624566499505085,0.09366319561755088,0.9540969426886945,0.009024937516802469,0.2733300395256917,0.886892557144165,37348,lookalike_00148.tif,lookalike
0.2295065793612096,0.5818671640244534,1.467455621301775,0.33496373353693454,6.622680478142026,1.7378331744661502,0.46768810021283314,0.0865155147088845,0.9600771076804596,0.007678626351847553,0.2705795162864683,0.8513214588165283,14035,lookalike_00150.tif,lookalike
0.08632935770950052,0.5676974325566783,1.760797342192691,0.3851093838149564,37.43430053597321,4.53769315195189,0.22407032938050794,0.05059575615266501,0.5657232728825108,0.002594536311509022,0.3656697802045511,0.8604846596717834,58883,lookalike_00151.tif,lookalike
0.01819801567469822,0.5511756680395249,1.1986359761295822,0.41813825536399235,35.40644331792347,4.413087581995246,0.2287031982274243,0.05100428747158569,0.5892568439585338,0.0026363376499864196,0.36587254198091634,0.8637850880622864,621405,lookalike_00152.tif,lookalike
0.03810045065594009,0.31314563940377016,1.0593080724876442,0.147645022687618,8.521533885935247,2.10003008419042,0.39864995787985585,0.0838826667798317,0.9308324236699026,0.007124627248388256,0.33666821397664104,0.8309550285339355,58405,lookalike_00153.tif,lookalike
0.15352904727477523,0.7441004590216974,4.162393162393163,0.3229084399515611,5.818830267122699,1.7093985407707621,0.4562080762852121,0.10710082791169455,0.9390027158461725,0.011610943694720516,0.31492519638416294,0.8771502375602722,18915,lookalike_00154.tif,lookalike
0.04767282973010139,0.6735569484367636,2.6666666666666665,0.6101439793904623,31.49217393387323,4.165624649576859,0.23940642471656465,0.05274783870139945,0.6205169078690175,0.0028201237538198047,0.36616728528097064,0.92524254322052,903686,lookalike_00155.tif,lookalike
0.20653422584298403,0.799011240086139,1.1876923076923076,0.4850498206456756,4.583524444714865,1.1998770358864292,0.5724721135002887,0.18320292978003633,0.9532853283124043,0.03379422317417384,0.2530200433369447,0.867874801158905,60229,lookalike_00156.tif,lookalike
0.0628680855119078,0.44930309772771815,1.809968847352025,0.20896938890408095,33.694597937397035,4.257758758619983,0.23816877416593968,0.0539918110089959,0.5848258464800851,0.002951736138869633,0.36429001077118917,0.8479914665222168,39296,lookalike_00157.tif,lookalike
0.05485351390504367,0.6518755939041928,1.1868595539481614,0.47125839297538613,27.567687524498197,3.7603115814145296,0.2737227522362683,0.05686182067695382,0.6719360091525116,0.003340923579014006,0.33446404868312996,0.933977484703064,1497641,lookalike_00158.tif,lookalike
0.1296401469974981,0.6674804190824941,1.1290322580645162,0.3871509894280293,28.724078337469432,3.8364857008725353,0.26959946411348856,0.05614293137901194,0.6637169427287855,0.0032560340404394687,0.3354973070017953,0.9060466289520264,120002,lookalike_00159.tif,lookalike
0.1368667329961219,0.5901688281535042,1.8979591836734695,0.4338380513495721,10.136170958954075,2.2465255211361654,0.39346788500208274,0.09239358787725513,0.8114511803843885,0.008802185125512296,0.3032282552239402,0.8511003255844116,18041,lookalike_00160.tif,lookalike
0.018523989497868258,0.33305232813547864,2.129757785467128,0.21044091646311128,9.641008769408291,2.2484849036144197,0.3808881750709638,0.08771416305520582,0.8714674470954692,0.007795110045518101,0.3406666075378772,0.8566369414329529,140560,lookalike_00163.tif,lookalike
0.1483568835722256,0.9256554236600852,1.6759410801963994,0.7219567931030073,7.7625781188794685,2.035539522076326,0.4029582733258422,0.08919931576196949,0.8893650524359491,0.00805984028601893,0.3396842790016168,0.9523349404335022,1625530,lookalike_00164.tif,lookalike
0.044822777712297646,0.3988720578966814,1.0612959719789843,0.26520116985428843,37.100000283212516,4.506485313616403,0.22591990989338698,0.050512192439974256,0.5741096595804722,0.0025871819807530786,0.3646202869431451,0.8790404200553894,93644,lookalike_00165.tif,lookalike
0.10414269075535862,0.49867496043284626,1.348314606741573,0.28190803162713274,29.665674243866576,3.928100718410345,0.26250652308798267,0.055134386344229944,0.654449200846475,0.0031352011205482994,0.3390525550100018,0.8715348839759827,27873,lookalike_00166.tif,lookalike
0.03364174283540821,0.690382622928578,1.2533659730722153,0.545888576250765,2.963066182665447,1.0795153437195388,0.596352270167685,0.17081181805308127,0.9704778137356564,0.02966920290244964,0.20041832557091346,0.9461494088172913,1735599,lookalike_00167.tif,lookalike
0.08762286559015722,0.3689609530112508,1.1496598639455782,0.20196836130902066,8.04110815480331,1.9536025916653985,0.4331514665532641,0.09922495508405059,0.9172544835572009,0.010127376232897395,0.2869147999886438,0.7795593738555908,5299,lookalike_00168.tif,lookalike
0.054628263212304254,0.6055571482450918,2.1849791376912377,0.47405026253841137,27.845477160276204,3.7819693520965476,0.27127324374869266,0.05717138920491159,0.6626958480425029,0.0033635086300162808,0.34026186213839765,0.9508020877838135,530146,lookalike_00169.tif,lookalike
0.14435894954972686,0.8267000792434152,1.1428571428571428,0.6619010652814593,27.257990284282673,3.7383009406855727,0.27407635693964766,0.057167770761396314,0.674006223600832,0.0033688878671423936,0.33740666721430546,0.9719005823135376,2363048,lookalike_00170.tif,lookalike
0.4816148653627206,0.9681087641998122,1.0,0.955193042755127,26.88897122070655,3.720649932409245,0.2740343574247224,0.0572179347545545,0.6779362183982749,0.003371108740621891,0.33902597427368164,0.9857705235481262,3990887,lookalike_00171.tif,lookalike
0.1455434918210094,0.6591615190613692,1.0610328638497653,0.1873156342182891,33.04357027425357,4.1875821526962795,0.24425187133396298,0.053623390654755396,0.6061934989724757,0.002920718274193378,0.3579443158436214,0.8451901078224182,9376,lookalike_00172.tif,lookalike
0.14750486185827585,0.6688195612817136,1.029201430274136,0.4545354473195473,29.681797339492963,3.973123385419095,0.253566639431289,0.054539834696078114,0.645308989253955,0.0030221632946478985,0.3592177013067246,0.9791563749313354,1315708,lookalike_00173.tif,lookalike
0.15305322754985434,0.536317641882974,1.387878787878788,0.3226280269948392,13.747960525928011,2.6912989094476125,0.33813448496497367,0.06183995371995828,0.860050257958217,0.00388973255559873,0.3468963468963469,0.8790608048439026,12613,lookalike_00174.tif,lookalike
0.03413626761612434,0.5473287297480852,1.0133426966292134,0.4071004344880749,27.060799713735552,3.74164768017316,0.27182541754732215,0.05682692699138801,0.6762772007939368,0.003324115627465564,0.34077591605967794,0.8847490549087524,723517,lookalike_00175.tif,lookalike
0.05500475755360312,0.6556023374396246,1.203997648442093,0.3917760921884186,24.63937738953672,3.567907586865887,0.28174513859270955,0.05791773053904453,0.704809216158471,0.003453503900029492,0.3402090441760543,0.9236558675765991,1263818,lookalike_00176.tif,lookalike
0.0636120907836158,0.6348449203757325,1.095016611295681,0.43177857787956003,28.576334185031868,3.8487494774302715,0.265884443821954,0.056063996192040236,0.6587044300451421,0.003231844580793641,0.3419985790436109,0.9382482767105103,1037147,lookalike_00177.tif,lookalike
0.15795370910334344,0.738719539715619,1.8193548387096774,0.5382778540379776,28.18650125320419,3.801079135583304,0.27062726525702907,0.05741684584579544,0.656552988652569,0.003396804365446117,0.33820989535710655,0.9412053227424622,93847,lookalike_00178.tif,lookalike
0.02792554167186389,0.6273104324406308,1.2986683576410907,0.46998928072487317,26.69876089908025,3.6936131941080874,0.27754777362348054,0.05805558039206453,0.6726120206513961,0.0034753768514774247,0.3360699770535159,0.9250394105911255,1296878,lookalike_00179.tif,lookalike
0.05768995673066109,0.7598445626059115,1.1662870159453302,0.6252228686912727,26.598240428032852,3.679876689254872,0.27838723446039804,0.058430703659407626,0.6743765983226943,0.0035222964138887083,0.33596176242236025,0.9657968878746033,2210129,lookalike_00180.tif,lookalike
0.21056288140708354,0.722534333525678,1.4735202492211839,0.5154314279504456,12.147349632525575,2.550311605293751,0.34854351730896155,0.08835896825464648,0.6787918442240808,0.007891243202297154,0.3504273504273504,0.9369727969169617,78376,lookalike_00181.tif,lookalike
0.038503256648504076,0.6865874658138829,1.6982097186700766,0.45689150463747574,17.327372222585918,1.824572139854033,0.5860272644948077,0.21578703954887155,0.841979408186952,0.04680830274136073,0.20435083203844284,0.8040230870246887,111109,lookalike_00182.tif,lookalike
0.13920962289245564,0.5201200252684776,1.0825396825396825,0.306605222734255,36.448238695414155,4.426076207468513,0.23176133962330944,0.05204974274965468,0.5777487655241789,0.0027430788494365024,0.365264268135474,0.8316907286643982,30008,lookalike_00183.tif,lookalike
0.0576943461407974,0.4309748471180719,1.25,0.2559993425378041,8.906029734292538,1.660923096218644,0.4901751706680136,0.14794766902770232,0.6634716471581781,0.022142842156034986,0.2966547192353644,0.7853135466575623,7852,lookalike_00184.tif,lookalike
0.2942876727410093,0.6329151291512916,1.0588235294117647,0.4289715886354542,31.319119319018004,4.062907398415772,0.249960586328645,0.056224180677300624,0.5979842763445288,0.003204610033711714,0.3609963861641714,0.840582013130188,5887,lookalike_00185.tif,lookalike
0.13617874533232874,0.8104026871080985,1.1944229279628196,0.13422667755718778,13.72467654152097,2.6821321818137065,0.3407374675447443,0.0668994767292301,0.8200010357761445,0.004561266057310569,0.3467793000791025,0.916338324546814,203115,lookalike_00186.tif,lookalike
0.01349037480462219,0.2648268195295692,1.8658536585365855,0.15394291157301462,15.164513836668032,2.808676712090201,0.3311213979476727,0.0692880724505833,0.7845487760997232,0.004882245472146441,0.34529751032874084,0.8996163606643677,239433,lookalike_00187.tif,lookalike
0.16207706689162116,0.763450686980997,1.4418386491557222,0.6926534476044925,23.37645620099519,3.5101096132441376,0.28219878958435335,0.062172364558993935,0.6587173636578093,0.003924736879849221,0.35464847363552265,0.9678089618682861,1013717,lookalike_00188.tif,lookalike
0.07252910919823888,0.6503162292323463,1.8885191347753745,0.24645634661760502,22.576043378095378,3.47146396477783,0.28107642875200745,0.058504316594148564,0.7156972792711713,0.003481959113592939,0.3573472059532833,0.9021098613739014,164849,lookalike_00189.tif,lookalike
0.06447563240818725,0.6543803322707058,1.3629032258064515,0.45806822760917054,33.504523268183085,4.242872642691303,0.2395125973859566,0.05379230349212364,0.5927461919567867,0.0029330759235452484,0.3643101468215074,0.9282082915306091,342090,lookalike_00190.tif,lookalike
0.13331445119730348,0.5796870608076454,1.4622641509433962,0.3765672550213025,36.896428663098746,4.501991817794734,0.2247841780607403,0.05181755364386051,0.5605635478027307,0.0027184399914045054,0.37388712241653416,0.814969539642334,6509,lookalike_00191.tif,lookalike
0.05081956893459001,0.4570816535733494,1.0684931506849316,0.2728584913944503,34.64535826333403,4.3525936365499005,0.23167580886134354,0.052029877302804846,0.5889926523445732,0.00273997181786826,0.36682554861588423,0.8731809854507446,93765,lookalike_00192.tif,lookalike
0.04986650094061465,0.24159698841984534,2.089655172413793,0.1486315010811426,11.004602038083322,2.3855575313912807,0.3687512296922353,0.08025561497201147,0.8891831500735408,0.006522571463024281,0.34259040880503144,0.8166293501853943,26510,lookalike_00193.tif,lookalike
0.29249329236562677,0.7437691298644512,4.1,0.5185975609756097,37.15646967603178,4.501588232223099,0.2270309769973933,0.05164441651157583,0.5772363845330866,0.0027071589611886403,0.365,0.8231544494628906,939,lookalike_00198.tif,lookalike
0.1845043537696404,0.7437364371670941,7.2727272727272725,0.5355113636363636,37.977893400292,4.553722460440271,0.2241397081016808,0.04992419062811346,0.5769445600783479,0.0025264850717415244,0.36477732793522266,0.8477512001991272,2049,lookalike_00199.tif,lookalike
0.45847533499031934,0.8880153403643336,3.0,0.6300680272108844,28.710063810649064,3.810062428504078,0.26964804342886617,0.062432516243694634,0.5994043682711458,0.003957523555341458,0.3476923076923077,0.921725869178772,2429,lookalike_00200.tif,lookalike
0.24345486923823056,0.6736765092109707,1.8294117647058823,0.33961603934178175,36.752086104525404,4.458642605968793,0.22962576492523676,0.050867608009199546,0.5799791483594654,0.002625405035952929,0.36363636363636365,0.9094953536987305,18378,lookalike_00203.tif,lookalike
0.06286312901628285,0.38164314090102275,1.1685912240184757,0.12880138111712566,34.11504848395604,4.2958256336000495,0.2364977416294966,0.052277246767242685,0.5977163445498227,0.0027733898732852976,0.3619316733514742,0.8912428021430969,113333,lookalike_00204.tif,lookalike
0.024668933510108324,0.39101980052590835,1.356338028169014,0.2589187252277946,34.305251507803334,4.317634843376298,0.23433497196214859,0.052024466624459004,0.5965387318926973,0.0027445341312645876,0.36260443796228775,0.8684887886047363,180210,lookalike_00205.tif,lookalike
0.2031749923571171,0.7112650967259254,2.0238095238095237,0.34951855742296917,36.258778260177216,4.425578148448514,0.23125082056463342,0.05127805663840459,0.5809790540205185,0.002667874673873285,0.3635817635817636,0.8977914452552795,20437,lookalike_00206.tif,lookalike
0.17830089095048116,0.8333086052776246,1.060041407867495,0.7367072253493789,31.1024263628654,4.10416310087459,0.24449382630740762,0.05284181411813109,0.6353977930886213,0.0028344758483125963,0.36182819321391885,0.945584774017334,2595881,lookalike_00207.tif,lookalike
0.031486996640721625,0.6709686886716916,1.1713333333333333,0.5664501992031873,32.85240636919242,4.20589772173671,0.24192437437788278,0.05308019065713268,0.6053623611807014,0.0028590143127630698,0.35962422427344315,0.8935790061950684,1133410,lookalike_00208.tif,lookalike
0.04563265340832396,0.48236892676203974,2.168618266978923,0.3142396851811574,34.23789402344907,4.314519632902844,0.23443499085462058,0.052051303806092325,0.5963079438224106,0.0027474863301635635,0.3630073336202082,0.8674063086509705,125502,lookalike_00209.tif,lookalike
0.16930309560501927,0.6616294992175273,4.339622641509434,0.4161915504511895,27.5472568601746,3.7721558915499327,0.2687526162028952,0.059558258882483645,0.6329827138951789,0.0036101623455086725,0.35478691476590635,0.8624684810638428,18771,lookalike_00210.tif,lookalike
0.16959027507372829,0.6355718355718356,3.4262295081967213,0.3062200956937799,33.90952284948161,4.235220805615219,0.24338948493510582,0.053047425444180896,0.6043526367426411,0.00286009712061995,0.3588670743482459,0.8354465961456299,4147,lookalike_00211.tif,lookalike
0.2327005988627044,0.7649416909620991,2.2,0.2981534090909091,39.73822096092275,4.6129093308794555,0.22620132750443747,0.050611574392810284,0.5789624687848359,0.0026025541533295513,0.3635593220338983,0.7809049487113953,1154,lookalike_00212.tif,lookalike
0.45839874115185864,0.8905380333951762,1.0555555555555556,0.3508771929824561,35.33414534901053,4.303817469192625,0.2411546313760464,0.05228962552622578,0.6420330576614125,0.002780923311368212,0.3643048128342246,0.8001250624656677,528,lookalike_00213.tif,lookalike
0.2689696870038958,0.72859450726979,2.3870967741935485,0.29489973844812556,27.834263828997212,3.7622917436169763,0.2717541929287012,0.06239196275610573,0.6416262287684094,0.0039524260147076416,0.35498108448928123,0.7618924975395203,755,lookalike_00214.tif,lookalike
0.2454456252964334,0.7219440607734806,2.236842105263158,0.3236455108359133,32.88064776971398,4.212867097489557,0.23977270858680105,0.055268793689909994,0.5741971726184698,0.0030928502203410963,0.36670066292707804,0.8416963815689087,4293,lookalike_00215.tif,lookalike
0.02806163990398038,0.5890387870840603,2.227383863080685,0.42677919157056243,16.056520443650705,1.8894445197522238,0.5277198853869887,0.19007028697773667,0.18950950805256378,0.03651621695617951,0.24661640567040283,0.7958994507789612,148222,lookalike_00216.tif,lookalike
0.03866550435289149,0.5280677161584022,1.9219858156028369,0.4064186560232949,35.06450660207126,4.346470100613719,0.23451801307450987,0.05249679514164673,0.5879825287675802,0.002791123147587527,0.36334600673130724,0.8869562149047852,704295,lookalike_00217.tif,lookalike
0.10625381428597747,0.5944846901677753,1.06,0.2603183962264151,8.152316817603579,2.06423090956993,0.40239129292453446,0.09183752778983623,0.9186286714638789,0.00852576634430458,0.33749550844412507,0.828021228313446,11480,lookalike_00218.tif,lookalike
0.0755913108891369,0.31919335562245654,3.2290076335877864,0.19037951383249418,9.371977010236636,2.1334624800769655,0.4037889495999315,0.08398418360307948,0.9428585123639657,0.00714128394109415,0.33203076796511866,0.8308131098747253,11109,lookalike_00219.tif,lookalike
0.09671961549383944,0.43319148936170215,1.4965034965034965,0.21622769753610874,36.61097482213823,4.440726973766489,0.23104745276532154,0.052235666724941496,0.5695736685142704,0.0027629756339936943,0.36461195868473417,0.8141583204269409,6986,lookalike_00220.tif,lookalike
0.13248587007058163,0.6173546902808525,4.5396825396825395,0.39466089466089466,33.57099522912897,4.239052412181644,0.2392305109008266,0.0548340715373902,0.5780997008185398,0.0030438252937873243,0.3651150129304478,0.8181014060974121,7340,lookalike_00221.tif,lookalike
0.05098078604896858,0.3675747029881195,1.127007299270073,0.22299742823645097,21.62183723891757,3.3547436727512725,0.2923274996178243,0.0629145510579765,0.6987625875197714,0.004022874741129821,0.3547024048270931,0.9279044270515442,118409,lookalike_00222.tif,lookalike
0.10203967668532848,0.8042980396832161,1.1976608187134503,0.7397291038468568,31.63376934328544,4.094524904468528,0.24855554886209758,0.05403113574954126,0.6287837438023742,0.0029630639444378935,0.3586990489130435,0.9672836661338806,2551493,lookalike_00223.tif,lookalike
0.08881473393113762,0.48432275980852546,3.026984126984127,0.3281460950050358,32.96336807645868,4.1857265260556655,0.24442732331205766,0.05316067515314988,0.6177940540089951,0.0028681639642274413,0.35845394633115757,0.9376519322395325,386555,lookalike_00224.tif,lookalike
0.027107070829489464,0.6577146797793236,1.6839622641509433,0.36229751334496063,15.651638214540878,2.8527756211630253,0.32739088803055244,0.06848555507242536,0.7725768484641649,0.004767737379305199,0.3483096417734416,0.8905912637710571,386028,lookalike_00225.tif,lookalike
0.027162775710090348,0.7358596514157152,1.064453125,0.6277439315749236,7.47964847176798,1.3357346557661016,0.571624334965139,0.1702824924047946,0.9109755064365116,0.02926084724987032,0.2375171443643397,0.917977511882782,1390646,lookalike_00226.tif,lookalike
0.06600901094337543,0.4266138049120381,1.251101321585903,0.15314186883415026,9.51228197097853,2.220939400902999,0.38740339068612,0.07140327469549203,0.8987386865151548,0.005191745896861669,0.3357610768677962,0.8845723271369934,40627,lookalike_00227.tif,lookalike
0.11169454095983056,0.49125098673081985,2.3045977011494254,0.3746022873849858,13.86216432724203,2.707186862729893,0.33743393213584827,0.07270586996482833,0.7773082342914628,0.0053699895145766004,0.34694736363222783,0.8703832030296326,26173,lookalike_00228.tif,lookalike
0.09722135256056122,0.36941893417996635,1.5695792880258899,0.28921362559637004,13.046117406315847,2.619210718189395,0.34554100145486333,0.06565167396082705,0.8382341369075259,0.004388382698792554,0.3477274679955323,0.9073603749275208,44214,lookalike_00229.tif,lookalike
0.06735007738329157,0.4438140303656699,1.0293159609120521,0.27747469385230694,20.435568921686443,3.2601484217535637,0.29872030446317405,0.0638196585966453,0.711869965584644,0.004141494944101365,0.3532311291198463,0.9390937685966492,108389,lookalike_00230.tif,lookalike
0.0979282539277501,0.5497791369351003,1.6997167138810199,0.23681775259678942,9.234778167264832,2.2143587728793728,0.3834794324440485,0.08558193361808286,0.9024756077110028,0.00742044784969445,0.34030419826764474,0.8792089819908142,47007,lookalike_00231.tif,lookalike
0.33599755666219855,0.7715093692870201,1.9618320610687023,0.40111979089315947,12.469015031388382,2.5457892913081333,0.3520297862359115,0.08490319486184317,0.8245259730315151,0.007303185407013463,0.3452290778453481,0.8924441337585449,13758,lookalike_00232.tif,lookalike
0.31724419824131356,0.8769171594788211,1.8503937007874016,0.30556207069860947,32.6007177465085,4.167933469236824,0.24399736823024581,0.054226175820386135,0.6044463038985886,0.0029824087010231004,0.3634659295757721,0.9164301753044128,9374,lookalike_00233.tif,lookalike
0.20719656756294522,0.6994152046783626,1.289855072463768,0.43820224719101125,28.67871619120972,3.9284195638683506,0.25291615754792585,0.05394165706447745,0.6682330461807343,0.0029525685940968113,0.36287242169595113,0.7387938499450684,2851,lookalike_00234.tif,lookalike
0.33359136166238035,0.7702944942381562,1.7142857142857142,0.4973544973544973,7.984726839689977,1.9580081709971657,0.42701185149740173,0.1152531913160754,0.8227731264794649,0.013451903987749455,0.3176742919389978,0.8047012686729431,1612,lookalike_00236.tif,lookalike
0.24490488901415594,0.9736972106827859,1.0,0.9393872022628784,4.596036188352139,1.3605265553857422,0.5289825902573143,0.15098031885172694,0.9079974896293739,0.023076526393063918,0.27588915824890137,0.9546813368797302,3492402,lookalike_00239.tif,lookalike
0.11437256127464407,0.9165264857988316,1.0,0.9153529405593872,28.13617097908103,3.8382826376590993,0.26318233005732106,0.05608988108118422,0.6634604817208679,0.0031997933628981996,0.35555052757263184,0.9420710802078247,3211912,lookalike_00240.tif,lookalike
0.01832531515639256,0.6298111284844855,1.0,0.5568515062332153,35.5498082972097,4.337694893034217,0.23935675330813438,0.05087880377861886,0.6181670909415171,0.0026316871312852437,0.35535573959350586,0.8996055126190186,1806027,lookalike_00241.tif,lookalike
0.037707827434876585,0.3773131798276593,1.2682926829268293,0.1915459817344518,34.31661344279724,4.25043528805088,0.24346572658290838,0.052382025401718976,0.6173004799425352,0.0027894801040190525,0.3561275305461352,0.8538084030151367,46421,lookalike_00242.tif,lookalike
0.1087137180434426,0.3911000822517461,2.457516339869281,0.24382909192045613,26.731012433325773,3.725187073248394,0.27004628962338845,0.05703625077609619,0.6812174855748638,0.0033108468394299323,0.3565641067054295,0.9120187163352966,14581,lookalike_00243.tif,lookalike
0.0537387979639187,0.31295798889091714,1.0897435897435896,0.16969739819004526,31.610943452769767,4.069708728418473,0.252609987557054,0.055111506917935496,0.6216828854805325,0.0030888630600307506,0.35363521416152993,0.8625420928001404,18772,lookalike_00244.tif,lookalike
0.04532887525528269,0.4570430076927254,1.8367713004484305,0.305944331558296,35.25471214605813,4.2565929163390255,0.2460839291673697,0.05254070882750132,0.6057846682418755,0.0028073248807322015,0.35397365873893805,0.9184376001358032,639112,lookalike_00245.tif,lookalike
0.06730463092230135,0.32820594185077945,1.4679487179487178,0.14476262456611802,31.429740340206152,4.058637330419676,0.2516700781614829,0.05532530837498471,0.6199550563048539,0.0031104829280085033,0.358288994343783,0.8922604322433472,21368,lookalike_00246.tif,lookalike
0.047174046654699375,0.34138922758840057,2.407843137254902,0.16451746822507504,31.82180081614888,4.081132898229302,0.251845029166188,0.054881771479939875,0.6231140110215557,0.003063068519478055,0.3564836003051106,0.8707423210144043,26800,lookalike_00247.tif,lookalike
0.05851470677065144,0.39976342911972473,1.5546875,0.10540768076493578,28.713227597033285,3.8772514960991966,0.2614188069225865,0.05691641428513065,0.6419243056667308,0.0032931644629079033,0.35868399605370394,0.8763524293899536,24858,lookalike_00248.tif,lookalike
0.2047012031505519,0.626079407867684,1.3688524590163935,0.3362864435064298,30.932056869907367,4.032730320296701,0.25362633984582933,0.05568322450927527,0.6292181005296458,0.0031526584663983718,0.35689954581886185,0.8664894104003906,6098,lookalike_00249.tif,lookalike
0.11032547287269895,0.4095965991316932,3.3058823529411763,0.18959598074105086,30.869768228764517,4.03294997976233,0.25205694990664795,0.05595844921792251,0.6214571954880116,0.003181018045645738,0.3590188014101058,0.867108166217804,4842,lookalike_00250.tif,lookalike
0.09555574580103895,0.899221839057367,1.0,0.8270124197006226,3.9829042035711373,1.3233007543540627,0.5347031476865683,0.1527581331597068,0.9348212625076726,0.023603698838220045,0.2733001708984375,0.9524154663085938,3123873,lookalike_00251.tif,lookalike
0.06548577972776576,0.8706963301873566,1.0,0.7477304935455322,3.960606453122084,1.2635486704984984,0.5584591373771428,0.1680778042084833,0.9665388052920718,0.028426961618433964,0.26000452041625977,0.945810854434967,2752170,lookalike_00252.tif,lookalike
0.3419609503291944,0.9721255648445546,1.0,0.9711747169494629,31.99956255614372,4.105240440905769,0.24971983885318394,0.053362958876670356,0.6362880644678292,0.002895344884508912,0.3556244373321533,0.9492178559303284,3131987,lookalike_00253.tif,lookalike
0.029375833870154057,0.7595465061139122,1.0,0.7486804723739624,35.27125495903312,4.319751432183688,0.2400688830321773,0.05119020757685644,0.6172462474341698,0.002664040469661193,0.3551819324493408,0.9185048937797546,2288794,lookalike_00254.tif,lookalike
0.06805473633418792,0.30383593714825985,1.337386018237082,0.13985562310030394,31.27798724518131,4.048036264980626,0.25208440192514575,0.05542227367156599,0.6213651171312705,0.00312163961254141,0.35803947134475195,0.8935449123382568,20838,lookalike_00255.tif,lookalike
0.09407125750469897,0.597951395862623,8.226415094339623,0.32209624372511686,32.99187725471659,4.182626787120636,0.24438790472342894,0.05397185506888869,0.6032127847174328,0.0029602984954141447,0.35914473344019854,0.8556674718856812,7755,lookalike_00256.tif,lookalike
0.11060210216291969,0.5963720571208028,2.6923076923076925,0.13265796703296703,34.28580740954095,4.252184259430588,0.24293823144460516,0.05315078752770609,0.5989837151550854,0.0028712114098397587,0.35823302840635535,0.8514405488967896,4153,lookalike_00257.tif,lookalike
0.05975191855907609,0.3505422015072638,1.3201754385964912,0.1358920557206971,29.504444177716344,3.9228933788776192,0.2591033658205952,0.05630872592633403,0.6381273896316962,0.0032237477831715787,0.3593058385442282,0.8611500859260559,9927,lookalike_00258.tif,lookalike
0.2168118063218012,0.651175807192682,1.284518828451883,0.5311831327600071,29.597868151584056,3.913824364858829,0.2610218381819383,0.05825362570400407,0.6266795732507577,0.0034483727753112483,0.3550351339724003,0.8747501373291016,38206,lookalike_00259.tif,lookalike
0.09809600440558981,0.5466446620129798,1.7052631578947368,0.19908219623131904,30.146617267169496,3.9783634597722908,0.2553552938491611,0.05530997245891736,0.6352414480606746,0.0031096783193461275,0.35855161787365175,0.7979036569595337,12767,lookalike_00260.tif,lookalike
0.10471879676174717,0.4775323902134777,1.3642857142857143,0.2362191473448018,29.98759400294386,3.953817737420252,0.25858113060574067,0.056799568243202966,0.6293993527005267,0.0032808656592159405,0.3569370497964297,0.8764240145683289,25692,lookalike_00261.tif,lookalike
0.16175310359169068,0.6790971056011064,3.6666666666666665,0.3937961849114968,11.094682561001935,1.4276021273973074,0.6094398815825997,0.2661760827607542,0.95318327864369,0.07097653370150768,0.2249705535924617,0.8540944457054138,7202,lookalike_00262.tif,lookalike
0.6193139985431376,0.9948678135009631,1.0,0.9938533306121826,32.962760230471716,4.201025110196445,0.2419191347880976,0.053455937622707304,0.6068342815159876,0.002897430420452739,0.3610241413116455,0.9840202331542969,4098595,lookalike_00263.tif,lookalike
0.1554082097762287,0.8346968555539223,1.6814449917898193,0.6556083791948891,32.51029916005231,4.178429033410334,0.24224765316479185,0.05348127702617928,0.6104921661158575,0.00289957247242754,0.36191738899026765,0.9566133618354797,1471636,lookalike_00264.tif,lookalike
0.16403993856717844,0.8669807617425549,1.0343434343434343,0.6753638681739268,5.178984433092495,1.6267344091496403,0.46710300128961213,0.10547353169683188,0.939730863016051,0.011277178005426615,0.31216028352130326,0.9807077646255493,2720396,lookalike_00265.tif,lookalike
0.12031942423573658,0.773958839271259,1.1544532130777903,0.5256587117742391,8.345315062331927,2.0746493315607997,0.40455448296430474,0.08605980796668772,0.8789824372027353,0.007514820502216491,0.33286151917970935,0.9625380039215088,1811602,lookalike_00266.tif,lookalike
0.14720839682723438,0.8518571863570462,1.0,0.7043434381484985,30.33269137580075,4.024231336496656,0.25040703488371757,0.05450320076744485,0.6348667829355238,0.0030144327289218864,0.36058688163757324,0.9731837511062622,2883572,lookalike_00267.tif,lookalike
0.13982492653658427,0.8589800812508446,1.0068829891838742,0.6752079876474927,32.42275075318181,4.164833202364711,0.24391559777923727,0.05380327470581361,0.6091842683521176,0.002935432368454764,0.36084938049316406,0.9667279124259949,2718576,lookalike_00268.tif,lookalike
0.04780012667223195,0.5179965910903267,1.3565436241610738,0.3715545400588545,31.381574156500108,4.092107971798345,0.24727635033966772,0.05425991026043082,0.6221050637853233,0.0029870565571106715,0.36069110742888705,0.939180314540863,689604,lookalike_00269.tif,lookalike
0.288589300413868,0.8756074613080594,1.7548076923076923,0.6680716543730242,34.55960265121932,4.3160745987731275,0.2357332927511872,0.05261419413944496,0.5898304388500818,0.0028054095452923027,0.36249704979938635,0.9246450066566467,50821,lookalike_00270.tif,lookalike
0.19039785857203648,0.7407881771405563,1.228515625,0.5684230301073132,30.854940616557705,4.081671640374388,0.2461228343664279,0.053757635998036096,0.627562002148906,0.0029291440885765765,0.3614901538470398,0.9405282139778137,178065,lookalike_00271.tif,lookalike
0.21496622418144024,0.7449493977758109,1.2875,0.2936741504854369,10.702011898563036,2.3403790988696755,0.37599008913989246,0.07974664319712935,0.877350532388665,0.0064528495081938924,0.3345762711864407,0.8734713196754456,9970,lookalike_00272.tif,lookalike
0.1660598769572921,0.6030753550182777,1.9453551912568305,0.47227850432860563,33.37205170365275,4.218313985966045,0.24211740306513874,0.05424515073277204,0.5894682494421263,0.0029835799994051885,0.36362275041520326,0.9022635817527771,31146,lookalike_00273.tif,lookalike
0.5236631224986672,0.9859157726075222,1.0,0.982619047164917,32.628356271022874,4.18104508517221,0.24271625119088502,0.05358284339454091,0.6088879108302718,0.002910948073259742,0.3610851764678955,0.9783580899238586,3974927,lookalike_00274.tif,lookalike
0.09459861979552868,0.8321653672259642,1.1627604166666667,0.7052501808044046,31.952288627953035,4.138726019749535,0.24442203376081015,0.05390044601112483,0.6139882501903331,0.0029454307113836514,0.361377070049557,0.9472069144248962,1725970,lookalike_00275.tif,lookalike
0.055305425154452026,0.667080362712725,1.2966751918158568,0.5127902460186544,30.547204780637955,4.038878001003399,0.24967014617346428,0.05442508721594726,0.6318531767250719,0.0030058081299536143,0.36042440288701094,0.9539921879768372,1569924,lookalike_00276.tif,lookalike
0.6880485405057932,0.9175373734126346,1.0454545454545454,0.626701800614844,32.40557124855834,4.20154103952509,0.23917950854437375,0.0543362722057108,0.6030894094099549,0.0029939294949814783,0.36689814814814814,0.8877935409545898,2952,lookalike_00277.tif,lookalike
0.03209115701103844,0.25771403737505433,3.7202380952380953,0.0924797619047619,36.56596343685666,4.455173806438875,0.22938116114087398,0.05089111189797571,0.5804133471346451,0.0026297721969555095,0.36078964988444673,0.904833197593689,40502,lookalike_00278.tif,lookalike
0.10568109564258375,0.4781057903923503,1.1890756302521008,0.09353564747453752,37.741106209381265,4.5335583317434445,0.22534910419107093,0.05029142046694765,0.5744365835452594,0.002565295713863386,0.36388345810881695,0.8640793561935425,6665,lookalike_00279.tif,lookalike
0.015881103967875038,0.4383583395142481,1.5888529886914378,0.2516801867321302,34.2739484161945,4.310977342561868,0.2357417950935909,0.05211275086404754,0.5976544307319007,0.002757895753319072,0.36106402152492945,0.8902931809425354,492682,lookalike_00280.tif,lookalike
0.026176377151329686,0.42707578528461176,1.4461279461279462,0.29108508444946163,7.982299052235085,2.0610471832357367,0.40046307309648105,0.1058035652270626,0.842680655769237,0.011338912862882366,0.33937945256842894,0.8631129264831543,133239,lookalike_00281.tif,lookalike
0.019531985287319465,0.5248151929978505,1.045031055900621,0.38363122156285473,29.50308002225199,3.915520206394196,0.2604675795631871,0.05737786302714682,0.6291424053842013,0.0033491612071721586,0.3549721942584176,0.891510009765625,604224,lookalike_00282.tif,lookalike
0.16792616556370116,0.6687568391673736,1.3527272727272728,0.5316911045943304,6.969877666829311,1.8979640412424832,0.4237135029117159,0.10522239744433431,0.9172537786000194,0.011191997443716743,0.33325708476299404,0.8849486708641052,53656,lookalike_00283.tif,lookalike
0.10128345516757346,0.5530449030672393,3.031168831168831,0.3816267708298557,6.581567039008688,1.8397106544260406,0.43332961175891593,0.09746492332309828,0.949696103131451,0.009606079813500569,0.32761502864248876,0.9244663715362549,172301,lookalike_00284.tif,lookalike
0.10233293050393501,0.6243628544122332,1.0909090909090908,0.4490748696797846,7.230901442602237,1.322854864475718,0.569326126075456,0.18347570619099413,0.9300950837479074,0.03391354040944555,0.2520843437492783,0.8547635078430176,28569,lookalike_00285.tif,lookalike
0.291380111303711,0.7604912998976459,1.9714285714285715,0.4614906832298137,43.18495195701486,4.885325252933132,0.2095507133837601,0.048256629773397806,0.5413484366873295,0.0023532781914424273,0.36727272727272725,0.7028492093086243,1210,lookalike_00286.tif,lookalike
0.04764896425937722,0.5759233572999521,2.283410138248848,0.38905564830013906,34.44854637817006,4.302996991116091,0.23658931101670064,0.05269021597523267,0.5922938684704631,0.002813757173190044,0.36249670068865625,0.8815404176712036,167370,lookalike_00287.tif,lookalike
0.207747566032272,0.6977778066646302,1.3357142857142856,0.5125954927425516,29.014072454269225,3.941341307995982,0.25615571252591046,0.057115975957417096,0.6131387361882014,0.003304658433481442,0.35839066957543214,0.8652989268302917,44408,lookalike_00288.tif,lookalike
0.16712720154465216,0.6253023777213995,1.4271356783919598,0.3750530823129733,28.31957030314192,3.8921009172181513,0.25834837715649345,0.05652835230066179,0.637082280179579,0.003238586668470964,0.35802018372741745,0.846220076084137,21630,lookalike_00289.tif,lookalike
0.09386207765066519,0.5961643952345194,1.0754716981132075,0.3781015882023117,31.42962210076322,4.109788892889596,0.24694683344560836,0.05484355991407607,0.6035694435231699,0.0030473755835616107,0.35979980119630994,0.8538141250610352,52134,lookalike_00290.tif,lookalike
0.11639044393765641,0.5612002288781027,1.126843657817109,0.43927705447188375,35.99553912125281,4.407850749065824,0.2314808563630178,0.051318819691619236,0.5857087607488933,0.0026689820373738972,0.363204257923124,0.8790119290351868,57329,lookalike_00291.tif,lookalike
0.19363167797103184,0.6587652573854591,1.1559139784946237,0.32593148287071766,34.32163729479382,4.305181997064932,0.23574994606614302,0.05282664821835073,0.5889582555296591,0.002828335719691839,0.3629440665154951,0.8197644352912903,13289,lookalike_00292.tif,lookalike
0.018257141268877106,0.3708972554750571,1.1607142857142858,0.2112976012906761,30.21637009722409,3.988116133009702,0.25466685498506164,0.05591070125886441,0.6275328969785305,0.0031772938899618415,0.3566968921389397,0.8874715566635132,251153,lookalike_00293.tif,lookalike
0.03232693854085474,0.37913860495843504,1.1531986531986531,0.2538818845388188,31.304118533223736,4.0664375105587585,0.2504216669295587,0.05531745398827431,0.6142112957219132,0.003109285178329554,0.3577819616281155,0.8637569546699524,95103,lookalike_00294.tif,lookalike
0.04150278509714881,0.4324923814757456,1.9907407407407407,0.20712986888697482,31.361613635733484,4.079031090922479,0.24891625203770287,0.05546802539558491,0.6102667262751924,0.003124011229433538,0.3588084232152029,0.8946714997291565,44823,lookalike_00295.tif,lookalike
0.017817878978399128,0.2621779080864493,1.282442748091603,0.1067196103773712,31.025923836391613,4.046085198255572,0.25140284713159206,0.05558466078428812,0.6178120679696812,0.0031394680948313466,0.3580668020302341,0.8702105283737183,161924,lookalike_00296.tif,lookalike
0.20216015611143584,0.7456224132441898,3.0256410256410255,0.4452955236853542,32.01782116378621,4.199574029215878,0.23783269813660146,0.05421163274371216,0.5987937786910548,0.002979254907704775,0.3665761626287942,0.8082610368728638,7986,lookalike_00297.tif,lookalike
0.1370851698551302,0.607051826677995,4.409090909090909,0.33481724461105905,43.766782073082894,4.903661735341262,0.21016560230141235,0.04938483202246825,0.5117044888333051,0.002467411968135526,0.3696244700181708,0.7169380187988281,830,lookalike_00298.tif,lookalike
0.2846835359965452,0.6010306807286673,1.0649350649350648,0.39713335445042763,32.63002438039344,4.141234052308214,0.24739358410125067,0.05476493234870597,0.6082047391706173,0.0030481272727146532,0.35510981622590765,0.844573438167572,2656,lookalike_00299.tif,lookalike
0.08741685071249687,0.4499702405617376,1.7109375,0.2663250927511416,30.13965893061229,3.964630733392126,0.25733128786786386,0.05631435374440707,0.6291867972101227,0.003224978908080079,0.35586635586635584,0.868127167224884,29336,lookalike_00300.tif,lookalike
0.14221528609935677,0.40204310103554436,1.9230769230769231,0.2071875,35.0580972579953,4.322501603604207,0.23727549416716365,0.05266887279912381,0.5884306963366603,0.002815056106381851,0.3606099935107073,0.8612400889396667,4577,lookalike_00301.tif,lookalike
0.44581394970633575,0.8871637874480647,2.339622641509434,0.6173158855751674,22.913031623535097,3.521040339337295,0.2762012770397091,0.05938185969119655,0.6926762527320045,0.0035789094974138973,0.35841206552830024,0.855928361415863,4210,lookalike_00302.tif,lookalike
0.023157986212207975,0.23893904310401237,1.5883575883575884,0.1540203110883739,29.625657393252528,3.946643961101164,0.25679632635332905,0.056406601283870844,0.633450668162926,0.0032343326900834044,0.3567805508042215,0.8532760143280029,57453,lookalike_00303.tif,lookalike
0.17582817387249836,0.5048514251061249,1.0,0.185,30.979067360070548,4.054023816784181,0.2484656450494724,0.05699639893624218,0.6008865208472354,0.003293262477552291,0.3621604938271605,0.850189745426178,4361,lookalike_00304.tif,lookalike
0.06791181097106637,0.5424555041975965,1.0893617021276596,0.41815055684840424,31.914160288176394,4.099949197509384,0.24988036121695006,0.0559006501428581,0.6102403795753684,0.003169054353287036,0.3597292937829815,0.9619463682174683,1567090,lookalike_00305.tif,lookalike
0.1415404334099328,0.7643784016064129,1.7467532467532467,0.4812738376864771,31.21507206932202,4.075592943271762,0.24859032082862537,0.054623443742111796,0.6258088105429283,0.003025930298172151,0.3608281997422908,0.9592716097831726,702851,lookalike_00306.tif,lookalike
0.0770208236806975,0.6829122687458997,1.1203501094091903,0.43389665532685995,30.872127811038432,4.044492459758454,0.2507611486306144,0.05496545385584072,0.626938205196873,0.0030645602986156925,0.36053489978974496,0.9574618935585022,1579843,lookalike_00307.tif,lookalike
0.06737403565302091,0.6049787801926361,1.6635897435897435,0.4615122197982864,8.67325579277781,2.108926423932797,0.4016315532909533,0.0968593739683743,0.8345524717976374,0.00950887300238982,0.3350723474867568,0.9368082880973816,702869,lookalike_00308.tif,lookalike
0.05966058139351163,0.6305939333967301,1.1872463768115942,0.5065177762681159,6.38376186832081,1.8136949084031526,0.4387652194086431,0.10525343921433236,0.886134027817931,0.011227217444460683,0.32346031428062677,0.9520519375801086,1615039,lookalike_00309.tif,lookalike
0.028260078831767645,0.6920387029074079,1.459983831851253,0.4755732038449039,34.42303813482111,4.295298301985143,0.2382438787473274,0.052061585906787486,0.6102975796172121,0.0027473458633693595,0.3607583166220154,0.9046440124511719,912264,lookalike_00310.tif,lookalike
0.05395509610219202,0.6769344042130198,1.0094722598105548,0.4644608865686911,29.14473871673046,3.9320222747631677,0.2555952651170076,0.05613057184892034,0.6391126101960343,0.0031942467983670257,0.3609569141319148,0.9262797236442566,971612,lookalike_00311.tif,lookalike
0.34482175009362404,0.7836438471430612,1.6623376623376624,0.556450385551948,7.0529455220813,1.887369712894825,0.43245958838617055,0.1004990118994196,0.9307140481640065,0.010221631045195332,0.3131534955196295,0.97011399269104,196114,lookalike_00312.tif,lookalike
0.07881165276762697,0.7282826651538901,1.3333333333333333,0.5648183822631836,5.360164668613197,1.6474067464961744,0.4650465879128706,0.11041087959652524,0.928999986767852,0.012346092960573467,0.3120935711839136,0.9694849252700806,1761925,lookalike_00313.tif,lookalike
0.20122422200346327,0.8372310210898144,1.523356401384083,0.5240485411521058,6.960928970604545,1.900089494927124,0.42505527539485427,0.10770107901967593,0.8290239541804443,0.011743960878810713,0.3293885260153407,0.9804751873016357,1065546,lookalike_00314.tif,lookalike
0.07858325566093123,0.6311799866916656,1.874203821656051,0.4504333320706319,7.46815763091582,1.966065148307852,0.4169566247839305,0.10134713157896688,0.8012999579711835,0.010406240688825064,0.33280977604718975,0.9448137879371643,330524,lookalike_00315.tif,lookalike
0.09500133330583585,0.5198561057364351,1.1428571428571428,0.3468829563685826,30.982907887184815,4.055463913281958,0.25011495746371504,0.054238986680276574,0.6299711220751636,0.002989707018189612,0.3577366772447427,0.9720160961151123,1273910,lookalike_00316.tif,lookalike
0.12163540557948449,0.6899816513394422,1.0172106824925815,0.47771641465466796,4.326267233949617,1.4696772001952996,0.4973074059898629,0.11160573347169403,0.9502134088585662,0.012639814134033499,0.2936512094716429,0.9638220071792603,1275896,lookalike_00317.tif,lookalike
0.11304752594752471,0.6818543906768589,1.0661114003123373,0.5901556297989329,4.531375251897082,1.3065534221977624,0.5365630891477621,0.1679291626087064,0.8140747197071714,0.028546841405106382,0.27557473931430787,0.9756180047988892,2179898,lookalike_00318.tif,lookalike
0.10180423230806306,0.6733910830542391,1.244228432563791,0.42261602464307413,3.7174060251860332,1.3442697239702766,0.5234712633036173,0.09937016078495386,0.9733478966834674,0.010029712546223585,0.26961923385292363,0.9692196846008301,1368674,lookalike_00319.tif,lookalike
0.07499606004758387,0.8106502904808147,1.3161953727506426,0.6995651911953727,30.236298180878293,4.001730160192931,0.25338398115815786,0.05499565528201238,0.6335941455756615,0.0030760917424395924,0.3579289362980769,0.9506586194038391,2047440,lookalike_00320.tif,lookalike
0.06100407524464164,0.6814562917178866,1.430921052631579,0.4485480943738657,10.702567098931265,1.5130598468740195,0.5675137078156243,0.18707297764284514,0.9193410689120249,0.03517383185629627,0.24119334785611818,0.902864396572113,211913,lookalike_00321.tif,lookalike
0.0819024334410493,0.5024013825533027,2.0510204081632653,0.3173037871865164,8.77256236252241,2.110089480793521,0.4013454840998075,0.0960470220379916,0.903664505372563,0.009334874537821735,0.32971771550311374,0.8778021335601807,25286,lookalike_00322.tif,lookalike
0.041861671296131976,0.43160548282944045,1.9822784810126581,0.2897974360217922,11.532128319650681,2.4594600989825866,0.36127049762164554,0.08916464911264793,0.7019210435838632,0.008052178039279899,0.34249909557919106,0.8994166851043701,86310,lookalike_00323.tif,lookalike
0.033969377990457995,0.5086808659372182,2.0849256900212314,0.27375022161108015,6.430642942258333,1.7910726180176857,0.44396289006872425,0.1190504716089136,0.8661565745164441,0.014344928988917517,0.3164323526859325,0.8922004103660583,121895,lookalike_00324.tif,lookalike
0.31251311193375797,0.6940648313197333,1.4526315789473685,0.4009534706331045,9.36576568072674,2.1793087789189487,0.3901884145080503,0.10221847950735799,0.8296640621857475,0.010561191119287668,0.3343809523809524,0.8748569488525391,5459,lookalike_00325.tif,lookalike
0.03404896345245534,0.4944285814023404,1.6981757877280266,0.28099270088360284,11.434924116105403,1.1415124989734635,0.6587536852049882,0.2283305547454912,0.9017445102576818,0.052320511243703134,0.17073447737510236,0.9322574138641357,683564,lookalike_00326.tif,lookalike
0.06011525793306233,0.4722190628223982,4.366737739872068,0.1837056694762793,10.561346344865807,2.3320226248264406,0.37669563946409457,0.07081787344556652,0.8876718950372178,0.005095722232453314,0.3378045152805611,0.9490140676498413,177791,lookalike_00327.tif,lookalike
0.06919319871111022,0.45104395366424904,3.3389473684210524,0.17970929846684808,10.172384325758049,2.2802852271440024,0.3839624973731086,0.06460983417261654,0.9070002405482593,0.00425674466785555,0.3332459292150327,0.944218099117279,136374,lookalike_00328.tif,lookalike
0.12347539017913686,0.542654644761368,1.841726618705036,0.3518013714028777,14.170182191791824,2.724231859368523,0.33617876387888024,0.07040535024371714,0.8169567469494714,0.005031526772234302,0.3476495119980786,0.8159893155097961,12822,lookalike_00329.tif,lookalike
0.019738035680032684,0.39799763839726376,1.7897489539748954,0.27004290475852777,12.529967124080686,2.5468632383416026,0.35555625651504974,0.08069992984139597,0.78115185202536,0.006608994307795433,0.3420646877842518,0.9137498736381531,425141,lookalike_00330.tif,lookalike
0.05286817767862266,0.7139567892790641,1.0275965880582036,0.5556035479647516,8.969459705665315,2.161366625341526,0.3933627832663426,0.09520238071159298,0.8382123966069273,0.009178731698066805,0.33439508567293325,0.9629526138305664,2214225,lookalike_00331.tif,lookalike
0.40326622291683517,0.973105331210879,1.0,0.8967099189758301,29.45224017614591,3.948698867129878,0.2555057731746899,0.055363871994880035,0.6435005198409143,0.0031116244583265836,0.35840511322021484,0.9722427129745483,3693388,lookalike_00332.tif,lookalike
0.03073781445730981,0.7336380268101591,1.016377171215881,0.5746337284816998,7.571340575767034,1.3278439632466008,0.5722153152829709,0.1791950590558037,0.9307251760006774,0.032341963780415206,0.24376443195812808,0.9395033121109009,2281398,lookalike_00333.tif,lookalike
0.10842132077957117,0.7268797773257681,1.0533807829181494,0.5668856133713785,8.45535175697411,1.3908772771442106,0.5661102931330178,0.1778666341941919,0.9227633768726893,0.03187946092719246,0.24555763771450045,0.9226037263870239,401930,lookalike_00334.tif,lookalike
0.3353069577186307,0.7531502130359895,1.1666666666666667,0.5046161321671526,34.290632303351344,4.243699621578627,0.24369246012385457,0.05333345677030453,0.6102044756837434,0.0028882040716665487,0.3535130061678734,0.8921751379966736,16953,lookalike_00335.tif,lookalike
0.09632202177394852,0.8392340688185992,1.465998568360773,0.7475383215148532,25.757478443700947,3.6333062492076182,0.2764204657307135,0.05909037098566321,0.6645656604065634,0.0035453159220482254,0.3556126062322946,0.9471734762191772,2072693,lookalike_00336.tif,lookalike
0.07294742836378748,0.6856901345044504,2.9762611275964392,0.4235794101375399,31.609779877269645,2.1654360412011755,0.6190947178540904,0.26980053388940406,0.8297517894020162,0.07291887018604161,0.1861354590080478,0.9006182551383972,142082,lookalike_00337.tif,lookalike
0.06585142845283004,0.7338343140806596,2.6391752577319587,0.47159851703447164,12.249203829435562,1.4592607447129415,0.581154767211419,0.19052364502157265,0.9121680263271479,0.036479814894311256,0.24049857774968394,0.9534326791763306,737725,lookalike_00338.tif,lookalike
0.08952543075342348,0.6123182216442297,1.7454545454545454,0.42090151515151514,26.99889211969619,3.7735261174173615,0.2663903868916524,0.05819890232683922,0.645630403301813,0.003437284683465909,0.3592671166827387,0.887281060218811,52733,lookalike_00339.tif,lookalike
0.06253108847060637,0.5009905348888399,1.0124740124740124,0.3206359099582919,14.839275705961654,2.778747454588455,0.33411512781839725,0.07135812862764712,0.7864561442110276,0.005168319098969828,0.3475114218337768,0.9257194995880127,76782,lookalike_00340.tif,lookalike
0.16073244122834737,0.5792268741509201,1.0,0.29607838185904395,13.02742183619318,2.5988480880229536,0.35008789157989884,0.06764424351654044,0.8539641032812673,0.004650758293527263,0.34516885642912987,0.8696821928024292,11953,lookalike_00341.tif,lookalike
0.09687210590126663,0.569131601648615,1.276872964169381,0.3947184737087017,32.39731123551823,4.143958042185718,0.2460820592039335,0.05469158514375699,0.6052700565562423,0.003035158186186013,0.3608294542028211,0.9129059314727783,48558,lookalike_00342.tif,lookalike
0.248416305516224,0.740909090909091,2.462962962962963,0.3801517683096631,34.05821447320079,4.256869332568595,0.24029147691636207,0.053850989301474285,0.5900409343909023,0.0029419127366316702,0.36603995299647474,0.9057887196540833,11246,lookalike_00343.tif,lookalike
0.22496495445203799,0.6331742243436754,2.3333333333333335,0.4386574074074074,33.293617060119146,4.232542600246367,0.2417480416497802,0.054217170103615,0.6015140003639295,0.0029824195400620507,0.3668261562998405,0.7095703482627869,1446,lookalike_00344.tif,lookalike
0.1746513654932469,0.5992288776222715,1.3984962406015038,0.39894090063869353,11.933416297090204,2.4955278936531435,0.35653126826131504,0.08454856117138984,0.7987336808028112,0.0072502123533604804,0.34628493524199044,0.8644009232521057,10216,lookalike_00345.tif,lookalike
0.5346791535095424,0.8776908023483366,1.5833333333333333,0.4917763157894737,14.186394705226546,2.561870743665893,0.36931250565223583,0.0821914968118216,0.8952899744389504,0.006844345236349297,0.3265250544662309,0.7543517351150513,494,lookalike_00346.tif,lookalike
0.38085143896143525,0.8284381004666483,1.5192307692307692,0.36733203505355405,7.831046729240034,1.3895510487220797,0.5666188567320252,0.1400798262076719,0.935830383139074,0.019841862615241266,0.2245468784963079,0.823946475982666,1605,lookalike_00347.tif,lookalike
0.05876241112365384,0.4268425893986432,1.2933884297520661,0.2695505373221028,9.459883436174142,2.2027201683492166,0.3910587645002586,0.07832315357798572,0.8831975090334446,0.006233006107926473,0.3359056182974281,0.8863655924797058,77010,lookalike_00349.tif,lookalike
0.13998546572474532,0.4923793046630417,2.1417910447761193,0.310806594206667,9.773613129075247,2.2486550697864747,0.3842140674504111,0.06952984995931524,0.9005532545062936,0.004912263561963756,0.3407324767253982,0.843905508518219,12395,lookalike_00350.tif,lookalike
0.18639828484141652,0.6909891226139586,1.7593984962406015,0.5245806824754193,13.422699215432594,2.647290866932199,0.34353739546347084,0.06364851662455348,0.848572442742189,0.004126704703087177,0.34697434467373117,0.9074231386184692,16777,lookalike_00351.tif,lookalike
0.3211216948889157,0.722131593257205,1.7333333333333334,0.4256410256410256,30.81736768027823,4.03131755520347,0.25135540952056107,0.05538325974853077,0.6541345202817617,0.003107193638354916,0.3603658536585366,0.6844633221626282,734,lookalike_00352.tif,lookalike
0.07167904500843819,0.43056693378356464,1.238341968911917,0.28057861989724026,9.563244930644476,2.2170446399276282,0.38935060806834887,0.0745022427518845,0.8988304451535569,0.005635832144521376,0.33585232434887946,0.8736944794654846,50633,lookalike_00353.tif,lookalike
0.05224659919710575,0.45687975187330165,1.1601941747572815,0.25356714871836533,8.313983881939443,2.0558698645171876,0.40970254834682723,0.07372218092541029,0.9272406934532096,0.0055203028068921845,0.33030783482381443,0.8734316229820251,51232,lookalike_00354.tif,lookalike
0.5268351324333955,0.8462763839107925,1.1639344262295082,0.4906488108981759,22.400032338866048,3.50152027617125,0.2736422931374482,0.055718698620406314,0.7540480589993119,0.0031543455481809453,0.36677184201936675,0.8267067074775696,2222,lookalike_00355.tif,lookalike
0.3457919711410521,0.7331583552055994,2.0434782608695654,0.3876040703052729,38.676685725158386,4.617605304909445,0.22003035193420248,0.051698864880220595,0.5571797476412232,0.002703939328797039,0.3712325410438618,0.6710783839225769,473,lookalike_00356.tif,lookalike
0.3231375584058943,0.7271051014136447,1.1134020618556701,0.33877434135166096,13.178641719164915,2.4764099714897365,0.3775431527297525,0.0775471219695827,0.9031625294703487,0.006105124833874792,0.32317699418007534,0.8800172805786133,3708,lookalike_00357.tif,lookalike
0.026786248145595114,0.5410557309689605,1.4100135317997293,0.37107389505452976,30.099039363202326,3.9799735195280723,0.25479742437471453,0.05669147605772616,0.6208351920553139,0.003261617441577056,0.35906294276342604,0.8678792715072632,231941,lookalike_00358.tif,lookalike
0.11622847857738605,0.7169886335618127,1.203862660944206,0.5932513726000219,27.08683409543735,3.775235590402031,0.26692881883842157,0.057633581523963064,0.6553232172941967,0.003373859296857978,0.3567525009648752,0.9654436111450195,1367779,lookalike_00359.tif,lookalike
0.10675427881582687,0.8030843084587287,1.132890365448505,0.6313723317192934,26.90153548056297,3.7484414278851883,0.27027990112834527,0.060008096521774835,0.6316534471540358,0.0036542088161440585,0.35469580327435857,0.971103310585022,1010703,lookalike_00360.tif,lookalike
0.054620293280313786,0.36190840668452606,1.166189111747851,0.14979618847813692,30.021825426548887,3.963661415147028,0.25686033677228826,0.05729599179971711,0.6196244268561188,0.003334286019041989,0.35733563575107324,0.8905423879623413,21604,lookalike_00361.tif,lookalike
0.03039523227820547,0.3377854059219399,1.0337552742616034,0.19074887338901805,30.808394341890633,4.029736378893769,0.2521928572561202,0.05599643488291681,0.6187489691427066,0.003183394038509809,0.3593144399460189,0.9082075953483582,101009,lookalike_00362.tif,lookalike
0.019530237021742843,0.39497150135240794,1.263219741480611,0.31253791708796763,29.866481818987364,3.9554032221784228,0.25697080821057106,0.05712783315402621,0.6232951987867138,0.003315111660832783,0.35805858317745287,0.9198572635650635,248890,lookalike_00363.tif,lookalike
0.06802390737253139,0.817866743874795,1.0,0.7869679927825928,6.542393767500753,1.5255897710865516,0.5016393548174976,0.14923890768012305,0.7708355909765734,0.02254492546540361,0.2939794063568115,0.9471346139907837,2739187,lookalike_00364.tif,lookalike
0.05118866978937966,0.6176788480864249,1.6024096385542168,0.43634257761443196,12.020774725077555,1.4738204441010627,0.5810722690798702,0.19583251971138202,0.9124356500621829,0.03852944735552773,0.24177084666941173,0.8979864716529846,205436,lookalike_00365.tif,lookalike
0.038751149281967635,0.7000728008317229,1.9711260827718962,0.524678881060515,7.9028732020654395,1.4106986096197434,0.5621399693769116,0.18510826679658204,0.94381389981285,0.03439696477488324,0.2556072409962582,0.9219555854797363,870155,lookalike_00366.tif,lookalike
0.015434172180113786,0.31943855223901246,1.259663032705649,0.21606680707620401,32.66052523446552,4.158760620502038,0.24563885229425453,0.054510392692585855,0.6043294501786753,0.0030156404991092916,0.36037933560722524,0.9084774255752563,264469,lookalike_00367.tif,lookalike
0.029775541931309244,0.7251831229779905,1.3246244284781188,0.5719573263662094,9.262897049945416,2.1431395630725767,0.4030730394266482,0.08024158625206357,0.9144117637177449,0.006546546631704078,0.32215769747327666,0.9324551224708557,1533346,lookalike_00368.tif,lookalike
0.10041387630990291,0.5571620679350533,1.693661971830986,0.40945726333050275,10.794317413082727,2.338021849002118,0.37833543956987686,0.08315337764520225,0.877615103022604,0.007018918795112486,0.33066516568601145,0.9144066572189331,51167,lookalike_00369.tif,lookalike
0.06050974206738619,0.25394752463492815,1.4603658536585367,0.12253042415601609,30.47098369207296,3.98207916518208,0.2567725782246241,0.05733801067188769,0.6159102569169164,0.003338577754344472,0.3579772917467713,0.8947704434394836,20069,lookalike_00370.tif,lookalike
0.05105300617300933,0.4993345170908803,1.2482435597189696,0.360181202244377,27.10422564180327,3.77023880952967,0.2669482818278682,0.05764224331315279,0.6557047563823301,0.00337855405611567,0.357404650765087,0.8988599181175232,82469,lookalike_00371.tif,lookalike
0.08761655981697063,0.3189247597599698,1.4382022471910112,0.16011411516853932,7.130194071585716,1.7707262861122735,0.46354480201553544,0.08619562518247928,0.9531644909401358,0.007564772654864043,0.29885415829650464,0.850408673286438,45088,lookalike_00372.tif,lookalike
0.2475645132939944,0.712198941570364,3.0,0.40645032051282054,29.934531586795966,3.9585907839441252,0.25685579590134766,0.05767655797060743,0.6203342445695503,0.00337544521738047,0.35692153268744,0.877496063709259,13170,lookalike_00373.tif,lookalike
0.05743265840518633,0.39575862759057373,2.2084257206208426,0.13427323484625864,30.34457993868668,4.029500595160767,0.25047207871208504,0.05410247777390029,0.6390663329315293,0.002975800026713874,0.3594829647461226,0.8776980638504028,59588,lookalike_00374.tif,lookalike
0.026439304479446157,0.32250525316043166,1.1757575757575758,0.18033774167794786,31.290252724995703,4.050406507265405,0.2530736423594268,0.05580576052262082,0.6142148695380693,0.0031666177124782063,0.3572922502334267,0.85477215051651,53484,lookalike_00376.tif,lookalike
0.028237753864367495,0.2681408218410775,1.2464929859719438,0.16657269522968768,31.35968646272075,4.055882657781618,0.25267886975040016,0.055750887772749017,0.61343453556656,0.003160158573697079,0.3573474665707957,0.8582260608673096,53035,lookalike_00377.tif,lookalike
0.3362952717653295,0.8351901651940069,2.4642857142857144,0.5626293995859213,14.737783050138434,1.834439927242005,0.5310590361908472,0.19514452080166084,0.23329538331680313,0.038525554112464,0.24171952078928824,0.7598666548728943,1156,lookalike_00378.tif,lookalike
0.03852808659871576,0.41247783965761153,1.0803212851405624,0.17194428270703632,27.638349908192517,3.790490827307845,0.2671408601806594,0.05820827191351222,0.6504810166639764,0.0034420512163676528,0.35699423815621,0.826644241809845,47191,lookalike_00379.tif,lookalike
0.15441391057275156,0.549172130236693,2.0390625,0.2958572796934866,35.470579634760696,4.34769318850663,0.2366027269766819,0.0511958949396413,0.6160483247929776,0.0026619037297034467,0.3593892731306277,0.8414139747619629,10232,lookalike_00380.tif,lookalike
0.17258781636647197,0.7516099356025759,1.5454545454545454,0.4606751791625741,31.84525756626732,4.1064872913475075,0.24913925877031012,0.055314690088907145,0.5994363292646424,0.003104410470636351,0.3594008336055917,0.8946062922477722,38000,lookalike_00381.tif,lookalike
0.13749306728223487,0.9119973191638805,1.061139896373057,0.8389798969802461,10.564096638727397,1.4184238660425867,0.5750643986620874,0.18205576581255214,0.9040570363980276,0.033374052189115905,0.24093303141066838,0.9631420373916626,3236395,lookalike_00382.tif,lookalike
0.11775227510372945,0.8488349477959152,1.0957731407169609,0.6675973793221642,10.449993005461991,1.5171520528086484,0.5411160355112314,0.1692464625180643,0.6162316094934079,0.028972368391115822,0.25757172861929406,0.9625522494316101,2534425,lookalike_00383.tif,lookalike
0.23868846769699179,0.6774014359316196,1.8157894736842106,0.3720747520976354,13.055768478937782,2.2697892238430417,0.41162155885203555,0.08772955487143824,0.8740123311240039,0.007812359252811095,0.31232727272727273,0.8869227170944214,23970,lookalike_00384.tif,lookalike
0.0925853097622081,0.5537610619469027,1.879396984924623,0.1008921613414667,9.167569815183878,1.9635502935593792,0.4446652550633805,0.08936880677378137,0.9524067523916737,0.008113752271561952,0.30216526325529747,0.8237049579620361,7840,lookalike_00385.tif,lookalike
0.3419331332764542,0.7661240974176967,1.0673076923076923,0.5422730422730423,11.37646500660163,2.3594328424000577,0.3795554718260231,0.08628541282034896,0.8833704536014344,0.007544498314319548,0.32798772096962,0.8209654688835144,6028,lookalike_00386.tif,lookalike
0.08163926586210704,0.4879407823785091,1.169811320754717,0.28397938222763236,15.143756800626655,2.7149018325034113,0.3501460453265417,0.06338283276686169,0.8866434277262525,0.0040895327662848644,0.3289285926630596,0.8626630902290344,15503,lookalike_00387.tif,lookalike
0.25435434331433665,0.6738943070991155,1.4095238095238096,0.477992277992278,13.9414223080921,2.6557519984302385,0.34772187437682883,0.07440995756737029,0.8585681892411481,0.005622606484860508,0.3361215147732002,0.8679983615875244,7697,lookalike_00388.tif,lookalike
0.10435865488250023,0.6334103156274057,1.7815789473684212,0.4397691051854155,35.1079335071638,4.317434250751311,0.23968903323888502,0.051674039923708615,0.611416412513929,0.0027106073076663285,0.3574132096753979,0.8771806955337524,106045,lookalike_00389.tif,lookalike
0.10992302053510458,0.7433128946288127,1.2470588235294118,0.4945633324084351,34.0221066904351,4.248742083001606,0.24308370419222075,0.052303266777817214,0.6149043569918551,0.0027769774986919054,0.35676450728177594,0.9321762323379517,283779,lookalike_00390.tif,lookalike
0.07761988379417603,0.48519878049752935,2.921540656205421,0.25429771085948644,30.611352728485322,4.0157695870709285,0.2534085689855739,0.05584462002165507,0.6229756374561389,0.0031682703697718468,0.3584191443655951,0.9099923968315125,281595,lookalike_00391.tif,lookalike
0.5813771599517282,0.9929361518721381,1.0,0.991966724395752,32.92148448400967,4.17527426044364,0.2460896948145323,0.05333016128877033,0.6190049322399631,0.002887298433034261,0.35729408264160156,0.9891835451126099,4135541,lookalike_00392.tif,lookalike
0.1332857637347088,0.7329168234540648,2.4087947882736156,0.586614888570277,31.775390702030172,4.09962021857968,0.2488987075651212,0.05498375604793809,0.6124961045826871,0.0030698216401858726,0.3603678093401694,0.9679674506187439,526330,lookalike_00393.tif,lookalike
0.0657936944609788,0.7004867162697069,1.0,0.5797597169876099,29.273773729370774,3.936570553294196,0.2560773988327627,0.05527856980854068,0.6482190473108836,0.0031021992753208034,0.35849475860595703,0.9302911758422852,2124804,lookalike_00394.tif,lookalike
0.7852388862130367,0.9999995226968392,1.0,0.9990231990814209,32.05331076987028,4.118315353328771,0.24792354651631762,0.054752918002013914,0.6115379267483827,0.0030433491428306534,0.3598055839538574,0.9935785531997681,4191127,lookalike_00395.tif,lookalike
0.1706529012989099,0.8354259837281891,1.0211360634081903,0.6975315340564392,31.384516482559732,4.071081788029764,0.2505963873865085,0.055267522244072435,0.6160736528786955,0.0031025141536367524,0.35911644570547047,0.9753520488739014,1549733,lookalike_00396.tif,lookalike
0.34023723233440706,0.9368513107338773,1.0,0.9238249063491821,31.87893383751519,4.106826667264655,0.24854281582772583,0.05492615897903565,0.6108981535964679,0.00306257686710477,0.3597567081451416,0.9890589118003845,3869867,lookalike_00397.tif,lookalike
0.7330568552962204,0.9993625615527246,1.0,0.9983867406845093,32.22748992155631,4.1287205662654,0.2484834778691209,0.05377194082675174,0.6233095335360951,0.0029356815467279727,0.35680651664733887,0.991676926612854,4178752,lookalike_00398.tif,lookalike
0.21913666453401517,0.8998719475642001,1.9248120300751879,0.8579945958646616,32.59143393772027,4.155769764599123,0.24696573358750099,0.053578600930902984,0.6194066086578512,0.0029135835839152594,0.35752233694392954,0.9740512371063232,1809768,lookalike_00399.tif,lookalike
0.25904291014160086,0.9666750213508596,1.032778618255169,0.8974460403665532,7.14243615048098,1.37278404995727,0.5569938972993822,0.1706669023478988,0.9303709645072665,0.029356851261005956,0.2548752365646897,0.9692594408988953,3455142,lookalike_00400.tif,lookalike
0.0384912672050347,0.5202254911711256,4.651515151515151,0.31552495640443523,15.728232995959047,1.5870187907967839,0.6365569159231225,0.2880290570343357,0.9138062704822999,0.08303499248936905,0.1867810102333522,0.7674923539161682,56717,lookalike_00401.tif,lookalike
0.030927808063293573,0.5581717544465488,1.546189376443418,0.46626605977712504,32.81425919081289,4.176351663853341,0.24463988168974607,0.05350577918644967,0.616257200359642,0.002905013439351759,0.3592617493549193,0.9075253009796143,519801,lookalike_00402.tif,lookalike
0.11388943385289788,0.8692157110041849,1.0,0.8478690385818481,26.968894133801896,3.7394382283778205,0.26841522222820025,0.05750714707344291,0.6619536062362372,0.003358152324571158,0.35719776153564453,0.9386327266693115,3151322,lookalike_00403.tif,lookalike
0.20145188820588578,0.8481426904020709,1.2118343195266272,0.7757590028661243,31.840556769335766,4.102983485837861,0.24879444218896052,0.05499995587321343,0.6112411135655302,0.0030709100762808476,0.3595390968658358,0.9842877984046936,2683564,lookalike_00404.tif,lookalike
0.12035053925083114,0.4663767898643077,3.3292682926829267,0.2778968998481194,32.59391393027967,4.166133657042549,0.24533625001129244,0.054007380339432504,0.6151974513514512,0.002961889623939228,0.36135667138142386,0.8528653979301453,6579,lookalike_00405.tif,lookalike
0.44361411829817055,0.9917553038523854,1.0,0.9907870292663574,28.666045865417324,3.8866008246555523,0.2614540109566208,0.05755614902359732,0.6271285483893081,0.003361900176857638,0.3570115566253662,0.9922791719436646,4152713,lookalike_00406.tif,lookalike
0.06919971717816706,0.710099243066554,1.0,0.6073335409164429,7.437328175839053,1.9338576597061854,0.4260514542926971,0.09614797233241966,0.917128723435424,0.009380242112604228,0.32106661796569824,0.9751927852630615,2523722,lookalike_00407.tif,lookalike
0.03008378995299676,0.7274551398150533,1.1488876212207644,0.6517060270066183,21.049737128026237,1.900464297013121,0.5587599742679418,0.16103282076312825,0.759084266421455,0.026175697789744896,0.2338531898333887,0.9387732148170471,2181121,lookalike_00408.tif,lookalike
0.2822293377751553,0.8815047612321527,2.676348547717842,0.4817781208787674,30.491341370819917,4.011720098540208,0.2548185998245537,0.055979333923305535,0.6170095984749356,0.003181327777670657,0.35793678977272725,0.9559575319290161,73727,lookalike_00409.tif,lookalike
0.10713439809704461,0.5720107188270735,3.411764705882353,0.47207079670948837,31.18984369156109,4.064449960543593,0.2502244118016536,0.05574737279612027,0.6125808122190558,0.0031556712854202726,0.36096179411594703,0.9288486838340759,65775,lookalike_00410.tif,lookalike
0.09584414013432424,0.5079520697167756,1.4559748427672956,0.23753005419943762,32.88003605781849,4.188096301110132,0.24299763403606306,0.053859323733409556,0.606475641657333,0.0029433237468898016,0.3632988272597981,0.8390440344810486,34596,lookalike_00411.tif,lookalike
0.06925416194826135,0.5660696624125645,2.674698795180723,0.2864551298286238,7.4163326520821,1.9698285847089037,0.4155679256312915,0.10382860172318822,0.8795875826626915,0.010947499013449035,0.3280393853252585,0.8590778708457947,46601,lookalike_00412.tif,lookalike
0.11202166136672559,0.746328610508586,1.0478142076502732,0.4370304518349114,7.041029562597817,1.9108050583610614,0.4245382725005964,0.09923907560171923,0.8544811282478241,0.010029877114643967,0.3233843486707752,0.9693662524223328,971506,lookalike_00413.tif,lookalike
0.10721599371249439,0.6560936933325293,1.0252747252747252,0.45491148722659974,4.388886015815704,1.4992481074974173,0.48795687625343453,0.12217149710589847,0.9033135452462144,0.015179489202119704,0.29956122632193194,0.9585784077644348,386287,lookalike_00414.tif,lookalike
0.06907105755550617,0.766539233575892,1.2998188405797102,0.5883956976215725,31.957137888347997,4.117190585334114,0.2481761446435608,0.053567255179692894,0.6227119912272827,0.002923220881038856,0.35525561615974854,0.9519851207733154,859765,lookalike_00415.tif,lookalike
0.021155448208081108,0.34749799340813226,1.1657559198542806,0.18097926627959926,7.62646959771204,1.9847347641882678,0.4153751714284342,0.0957063293273456,0.9109706079992141,0.009314327211885267,0.3252943803800552,0.8819997310638428,248058,lookalike_00416.tif,lookalike
0.031110499460785784,0.3010744064635134,1.2642706131078225,0.2057192049608632,33.46352511901239,4.238603248317378,0.2405048518471904,0.05267236128822744,0.6083807003798853,0.0028250093530919635,0.35789180090744277,0.8551468849182129,58810,lookalike_00417.tif,lookalike
0.053597277023946774,0.6224631234871837,1.210401891252955,0.3299488401300236,31.43695441575427,4.079329714049155,0.2506943742024932,0.0542633498289604,0.6231067742359215,0.0030024748552254336,0.353500361622618,0.9217085242271423,281167,lookalike_00418.tif,lookalike
0.0754708841410324,0.3585859422908,1.1551020408163266,0.15602509555058772,6.653411347753906,1.7722025201990745,0.4567558768169526,0.09564043828786639,0.9503975034937966,0.009308430061371473,0.2985884403136799,0.8047177195549011,11117,lookalike_00419.tif,lookalike
0.1342633678814988,0.5450533776103769,1.541899441340782,0.24751032305076512,10.547994001336829,2.3433476454036595,0.3720105817289905,0.0964275396423841,0.7195640355553643,0.00943823388356554,0.3392907402195328,0.8460825681686401,12526,lookalike_00420.tif,lookalike
0.0851783205009481,0.6553376323873996,1.766384778012685,0.44815519817607413,34.587926771712674,4.2176006512789055,0.2518837258165293,0.051257511016639445,0.6521116574995462,0.002695252973891054,0.3403535382999825,0.9535685181617737,705172,lookalike_00421.tif,lookalike
0.10264559481126716,0.8095275929072535,1.0,0.5878783464431763,31.287733869328616,4.0154007293329,0.25933303863264295,0.053759572673615565,0.6562242224175335,0.0029624538475177794,0.34232664108276367,0.9655035138130188,2457424,lookalike_00422.tif,lookalike
0.16573293989796617,0.5877875543305418,1.767741935483871,0.32638332940899456,26.82910896056091,3.688114730826477,0.27709140241416746,0.059428639228083696,0.6646520412169309,0.0036143246963011837,0.34587482219061166,0.8187379240989685,14185,lookalike_00423.tif,lookalike
0.1306558907772989,0.6201160366240595,1.82421875,0.17165333913276232,5.810468464748404,1.6847904443941404,0.46751865978226875,0.08048668541492811,0.9574179370875184,0.0066246271377534815,0.2813383799299292,0.8836691975593567,21079,lookalike_00424.tif,lookalike
0.04868758771686596,0.41957520533007,1.4728546409807355,0.22454426283446235,7.289847910789176,1.8960513567487187,0.4357247842633336,0.09957947547395689,0.8952787763410921,0.01013427357583193,0.3025566369493796,0.9166146516799927,402345,lookalike_00425.tif,lookalike
0.10498290404659325,0.4240494518311173,2.302158273381295,0.20435026978417267,12.670254213597044,2.565564754393458,0.353714234902128,0.08644485898918698,0.7354007205216943,0.007577412538251541,0.3394590025359256,0.8589828610420227,9538,lookalike_00426.tif,lookalike
0.1592049936835347,0.49110007471542216,2.8823529411764706,0.2682833133253301,9.150733966587634,2.1419059324155967,0.40292654003320766,0.09248449396236089,0.9034076165694116,0.008671283249898916,0.31924110671936756,0.8614972233772278,5867,lookalike_00427.tif,lookalike
0.032844961851098274,0.5838892251252071,1.6389244558258642,0.48590548975672215,32.11305421130936,4.094511609822791,0.2516883170980631,0.05701765347713866,0.608642090307377,0.003297874142179794,0.3597039250305582,0.9161324501037598,442537,lookalike_00428.tif,lookalike
0.01842646819280708,0.2995199112747419,3.3865546218487395,0.1973242696582355,30.974585738072026,4.052395104217551,0.2495966749785085,0.056591948150672165,0.6083396345821414,0.003244417638393817,0.3625615763546798,0.919374406337738,222534,lookalike_00429.tif,lookalike
0.04310965699714289,0.7515920021913925,1.054040144107051,0.5854056177222723,31.51599484685492,4.079096820910479,0.249403220934541,0.056696427076784114,0.6022475466352305,0.0032573199084828352,0.36142787602145043,0.9623656272888184,2158296,lookalike_00430.tif,lookalike
0.17410063807036236,0.9565440938297927,1.0,0.9554195404052734,32.12480381605974,4.118897888427965,0.24752513577762775,0.05650440695643273,0.595275920847687,0.003234810844984986,0.36161303520202637,0.9835148453712463,3903721,lookalike_00431.tif,lookalike
0.05008034599367976,0.7114541353100607,1.2880503144654087,0.5633547992826258,28.281659189069675,3.8237317608552375,0.2677528152116112,0.06022123845423379,0.6291797586049813,0.0036770491431895023,0.356794867114486,0.9322404861450195,1454563,lookalike_00432.tif,lookalike
0.07510886945789082,0.7970183564752735,1.2264631043256997,0.6721745892855258,31.708222057955084,4.087623024884142,0.24934887801462402,0.05687182075295574,0.5975924288751466,0.003277794390161114,0.3613520948805286,0.9581735134124756,1864452,lookalike_00433.tif,lookalike
0.027165808967017972,0.5546139028741363,1.550340651021953,0.35870430633752837,7.650280147244372,1.9139582059029454,0.43946483348328164,0.08726376390598878,0.9158092267056234,0.007823761995742176,0.29051784127058383,0.9521454572677612,946624,lookalike_00434.tif,lookalike
0.055872387851475476,0.6322708971204772,1.9302544769085768,0.4344048675335768,8.692042793162987,2.0595613627688256,0.4178154161920862,0.09789213706389346,0.8225325727652206,0.009841473057470147,0.3024253419783922,0.9495660662651062,885850,lookalike_00435.tif,lookalike
0.0877731630040643,0.7188456846573824,1.1972789115646258,0.5759007807668522,25.78103114584485,3.5846321837749153,0.28723207007531726,0.06130333347357826,0.6758476610190067,0.0038718073465775415,0.3343515910276474,0.9715027213096619,1446788,lookalike_00436.tif,lookalike
0.14259647063951397,0.7429277264348958,3.7440585009140768,0.49273335737545704,25.905984804306232,3.590294779147286,0.2872221309615923,0.06133783496745396,0.6748615991368939,0.0038762365413457863,0.33494877391014233,0.9729526042938232,540408,lookalike_00437.tif,lookalike
0.11752795840855726,0.8112246128288945,2.2407002188183807,0.646978532720186,25.95568421501664,3.5930016644101515,0.28727987171093594,0.06129112225140811,0.6754295587641617,0.0038705598570928272,0.333893446414155,0.9613392353057861,1135699,lookalike_00438.tif,lookalike
0.027548985170446367,0.6528907442342972,1.122334455667789,0.5317951739618406,25.561194983625136,3.5636201878241827,0.28937007723526875,0.06160795781016481,0.678306976918921,0.003911019012096675,0.3335390801597921,0.9522110819816589,1817190,lookalike_00439.tif,lookalike
0.04185019153162987,0.6378878981993575,1.2627388535031847,0.4701764443659087,16.910204026434194,1.8643247561652592,0.5245595463528229,0.15507282085812418,0.5950371481199281,0.024567540335460422,0.24114698179884622,0.9158127307891846,863416,lookalike_00440.tif,lookalike
0.17219999620880894,0.7853530377668309,2.816793893129771,0.6183930159912286,26.129366885516532,3.6018619682188127,0.2876112971606327,0.06105108974674553,0.6768412019122079,0.003842075574018484,0.33331895043172677,0.9196343421936035,103863,lookalike_00441.tif,lookalike
0.03273426175474232,0.6953966222962162,1.0270812437311936,0.5899611676827357,23.474485449485247,3.3941965132191765,0.3031160937385101,0.06446297564787523,0.6892343649845515,0.004280392265769491,0.3297174433797909,0.9595023393630981,2326849,lookalike_00442.tif,lookalike
0.10431129432402536,0.4341966257963313,1.4663212435233162,0.24832018162177996,13.650843664773323,2.668704169803313,0.3433215823523367,0.06682291965362142,0.8388969035594082,0.0045338885608607144,0.3487155976446654,0.8361340165138245,14067,lookalike_00443.tif,lookalike
0.1987498103802777,0.5283366533864542,1.0289017341040463,0.34451516529194,13.317114131814686,2.640644559261128,0.3447299719189848,0.06652907140815541,0.8437178648272138,0.004494132444735415,0.3525483137552103,0.8919507265090942,10964,lookalike_00444.tif,lookalike
0.03537483228163629,0.4433206509047622,2.082135523613963,0.31523456010108986,7.960209281822473,2.0260590238071106,0.40992616260175035,0.09746415757878993,0.8912010028240416,0.009616784015756788,0.3301299253097187,0.8887754082679749,146947,lookalike_00446.tif,lookalike
0.3186018844814351,0.7855116735762601,1.0526315789473684,0.5263157894736842,9.281780238525762,2.187691097403959,0.3918549471022712,0.09910138267529117,0.7726760037923914,0.009942826696262723,0.333205619412516,0.7975902557373047,1916,lookalike_00447.tif,lookalike
0.08644525662665473,0.6239299432361926,1.980952380952381,0.27240155677655675,17.755865654009284,3.0623214860185435,0.3103280793694062,0.06902927809020959,0.7095102171845491,0.00483338507603325,0.34962630792227206,0.8345457911491394,23974,lookalike_00448.tif,lookalike
0.15114212845607783,0.5596330275229358,1.0512820512820513,0.12875234521575984,9.099320812663096,2.060034707593332,0.41538123603672994,0.09749187441219784,0.9350074096035117,0.009613616209371286,0.32341269841269843,0.7107869982719421,934,lookalike_00449.tif,lookalike
0.19769345738225538,0.7401207641231708,1.1637010676156583,0.18742041855757616,8.539599940740086,1.931828427880445,0.44560257765592065,0.08149618275665707,0.9531300236234537,0.006757339191955915,0.30303439703855817,0.8746581077575684,17603,lookalike_00450.tif,lookalike
0.2937450507524955,0.8048,1.0673076923076923,0.6535862785862786,33.5613572368674,4.2487600042763205,0.2399421152910401,0.05334145897291234,0.6022970589176319,0.002884974484422445,0.36514237324018206,0.8477140069007874,7796,lookalike_00451.tif,lookalike
0.7149997434687474,0.9413067552602437,1.4516129032258065,0.6093189964157706,11.688600740120705,2.4335002488497794,0.36661777290874314,0.09187750780194812,0.8382293537084152,0.008547942219487566,0.33114754098360655,0.8358718156814575,903,lookalike_00452.tif,lookalike
0.04980569264427289,0.5077632119487074,1.7200704225352113,0.2494566941052662,7.189624480714962,1.909897113556975,0.4293030804160303,0.08797398731869895,0.9350939362701658,0.007847316990173735,0.32300983417083756,0.8550506234169006,119505,lookalike_00453.tif,lookalike
0.14046144191947402,0.7342813505364629,1.5335892514395393,0.6022883690986094,31.59421759483974,4.084370349213222,0.24965536813224365,0.05578761503235066,0.6141626350068419,0.0031579590919155066,0.36021841012766603,0.9582429528236389,252015,lookalike_00454.tif,lookalike
0.08191145966320691,0.6687236271318865,2.288732394366197,0.44394907908992415,31.27938515156135,4.057777826225952,0.25150089052554103,0.055849692072048124,0.6213383817984578,0.0031656831487969004,0.3598943661079007,0.9511451721191406,329141,lookalike_00455.tif,lookalike
0.03585739947717778,0.5684289978385425,1.5389541088580576,0.34333910124234546,6.697322863294868,1.8204427413872049,0.4459092952591224,0.09063502431656004,0.9475549691659504,0.008328259244098243,0.31242037335006484,0.934036910533905,459383,lookalike_00456.tif,lookalike
0.07260943045807533,0.5107621066042706,1.0093333333333334,0.33045970937912816,14.368745134611132,2.7367522200697207,0.3381245167771574,0.08024095853271125,0.6927383006194586,0.006525431019471211,0.3470330783732383,0.9269277453422546,183585,lookalike_00457.tif,lookalike
0.16321415331422187,0.6468751862327577,1.3933518005540166,0.3885550960166976,18.818199279285885,3.162763763739345,0.3012924989419249,0.06732746599990494,0.6998093986898375,0.004594888506722806,0.35537876134220714,0.9100702404975891,67169,lookalike_00458.tif,lookalike
0.12014135944580187,0.7163947964854543,2.023508137432188,0.46610574864214527,32.06708278155373,4.108601633844701,0.24914275125998586,0.05566465274905417,0.612031449553784,0.0031439941957863062,0.36005306131092296,0.9564744830131531,289201,lookalike_00459.tif,lookalike
0.10629821339468463,0.5045934323690383,1.032544378698225,0.37203082348552924,14.677597978155104,2.7626182576651077,0.3346887300577688,0.07366130251733441,0.7867795994698035,0.005506552537863895,0.3457826660548354,0.8629305958747864,37087,lookalike_00460.tif,lookalike
0.11167475936788374,0.5163507539514322,1.013215859030837,0.32662325225052674,4.931778966837623,1.5739166084683411,0.4777091314010098,0.11650675683882379,0.9569089072637658,0.01370601194183017,0.29952110146662675,0.8739582300186157,17641,lookalike_00463.tif,lookalike
0.13543825190150988,0.5919177721163138,1.0229357798165137,0.34649483687826554,36.52066314333462,4.469137604250001,0.2269023198114146,0.051439026621369,0.5664036541032709,0.0026756418977669765,0.3665211016192783,0.8912237882614136,17378,lookalike_00464.tif,lookalike
0.09283654130326421,0.5258508011811976,1.1434977578475336,0.38204519475951815,32.402477491832315,4.175307513077938,0.24145386236933,0.05475437906559284,0.5961994772267465,0.003033853375260156,0.3642781091842539,0.8723535537719727,22325,lookalike_00465.tif,lookalike
0.0762975842977591,0.546628741956542,1.2466367713004485,0.37819789011839855,32.81396882064619,4.206118063332145,0.23956006151498133,0.05444202613365916,0.5915469835598006,0.0029992126507603707,0.36380319285457624,0.8614993095397949,24083,lookalike_00466.tif,lookalike
0.25527633470049454,0.7074911128986222,1.5454545454545454,0.5062759952465835,8.406136361302217,2.0973772943209363,0.398690976378377,0.10101846739850687,0.8478557634782015,0.010315372390256244,0.3357866413421969,0.9038978219032288,13778,lookalike_00467.tif,lookalike
0.14503807272945565,0.6225795012727803,1.8645418326693226,0.41849269588313415,6.395225381535335,1.774273045174625,0.45104601742635375,0.10015594792874594,0.9507275171716922,0.010155564832392026,0.3055924766682388,0.9174591302871704,49975,lookalike_00468.tif,lookalike
0.08479065471279602,0.5194731668960094,1.2803030303030303,0.37018110095033174,17.490823175596283,2.2996404415666536,0.4532423762605263,0.10502171934831196,0.844625140364013,0.011171869912742827,0.26669254658385094,0.8481982350349426,33491,lookalike_00469.tif,lookalike
0.030091257326073068,0.501330825227281,1.0148809523809523,0.28378107107945816,35.547255170805,2.83661803255509,0.4655056272320465,0.11877696320133654,0.5476818562350938,0.014320762534853194,0.27339823617913506,0.7952884435653687,119823,lookalike_00470.tif,lookalike
0.1920972213624943,0.5627964813706074,2.9714285714285715,0.41964285714285715,9.003904508243737,2.174748870635381,0.3871111647986212,0.09250713089604003,0.87571893309052,0.008649970431567977,0.34336134453781514,0.7820631861686707,6117,lookalike_00471.tif,lookalike
0.03675446768827683,0.5135519435718013,1.16796875,0.23946194345735786,28.346020685305326,3.8503818487524217,0.2626693480465489,0.05753024490491898,0.6434118885134985,0.003365992451199718,0.35648243271008834,0.8349023461341858,65856,lookalike_00472.tif,lookalike
0.08323929529336037,0.589536364139589,1.3466666666666667,0.39366864686468644,17.016611079611568,1.7633935312907711,0.5972905026172004,0.20291595711783475,0.8533158656118586,0.041359755891378455,0.19548632744894426,0.8648056983947754,73727,lookalike_00473.tif,lookalike
0.06732113370201251,0.7064760712779272,1.5968342644320297,0.5546875254491261,5.910006487722418,1.7186803777222597,0.4576066210891998,0.10010796546891593,0.9377342631745037,0.010176452641563291,0.30837646034703314,0.9532814025878906,994296,lookalike_00474.tif,lookalike
0.0544186780315493,0.753005968665272,1.0911028236547682,0.5443543813682072,5.916133330011193,1.531527025044926,0.4984194476594274,0.12106716133497405,0.9013667392998899,0.014867946644115662,0.28852415185650104,0.9526994228363037,1947732,lookalike_00475.tif,lookalike
0.05907949076946173,0.7028722407863115,1.0,0.5411428213119507,7.2442691932689876,1.5220514089604251,0.5096825950642813,0.14729825730177595,0.7575645005952001,0.021975881687748673,0.28496265411376953,0.943079948425293,2040764,lookalike_00476.tif,lookalike
0.06873410056569701,0.6885358889794925,1.0,0.5612694025039673,7.420623469162355,1.4527944118762341,0.5321620819040507,0.14708218642977233,0.8672426299128803,0.021892981418541776,0.2689208984375,0.9176207184791565,1671249,lookalike_00477.tif,lookalike
0.03738003356675892,0.4509326586246023,1.4442877291960508,0.352725525332775,4.8028340882242615,1.3307946427841708,0.5372388448158775,0.12934264717437963,0.9269971370068764,0.016944108078788205,0.260713906031926,0.9113373756408691,830350,lookalike_00478.tif,lookalike
0.028284313849705974,0.4578179497595536,1.161335187760779,0.28111024126989415,7.674453689849828,1.9768676380478163,0.41852930729136195,0.10104421337879127,0.8742596985183901,0.010359431360975748,0.32625469457440964,0.9149758815765381,585658,lookalike_00479.tif,lookalike
0.10112591590445041,0.6390671184485618,1.2055084745762712,0.4290849989574335,30.43329220701364,3.9949133498892406,0.2546737286560969,0.05653655668875507,0.620731102440454,0.0032469126394357966,0.3573879778346601,0.9256390333175659,106726,lookalike_00480.tif,lookalike
0.04342869210283304,0.6029347732764224,1.9304347826086956,0.48137362906384645,17.620308732922588,3.0017546981023457,0.3209582775118203,0.07404785514674075,0.675395463114767,0.005570508737609515,0.34512326568054125,0.9088338613510132,175587,lookalike_00481.tif,lookalike
0.08205130587063877,0.42172270252961896,1.7747252747252746,0.28004967169053857,29.67738611402494,3.9098437877443946,0.262720642398507,0.05809936559927803,0.6312607867271015,0.0034329255272196263,0.35374685980009624,0.8758621215820312,16928,lookalike_00482.tif,lookalike
0.047133857263942106,0.28853925730117175,2.246376811594203,0.1658485273492286,29.546785589241978,3.9080259729464917,0.2617510495082806,0.0582984891368004,0.6250226022561816,0.00345657348183218,0.3554474808296022,0.8951604962348938,29487,lookalike_00483.tif,lookalike
0.07390530788486366,0.3213156083489935,1.5342960288808665,0.176466341049055,28.761732369410797,3.850325208814955,0.2650461932631749,0.059383568518991056,0.6270735857939255,0.0035859509497824095,0.3549414754626481,0.9070221781730652,21586,lookalike_00484.tif,lookalike
0.09044494697188149,0.5914916275919827,1.557591623036649,0.5033833428659422,5.992424703497146,1.718008681862447,0.460361476867034,0.1004762555821094,0.9312802878062361,0.010256201042049065,0.3014206549118388,0.8938345313072205,107497,lookalike_00485.tif,lookalike
0.07949220506235985,0.6548704781813719,1.2045889101338432,0.36034174026525845,16.85269313600034,1.8359679945364882,0.566595897381841,0.18623883866969645,0.8114463288277869,0.03494646863207026,0.21562277385062195,0.8742356300354004,117621,lookalike_00486.tif,lookalike
0.04671299938094932,0.3922691871220483,1.7623762376237624,0.3119059096920928,30.604265240021117,3.988466315507185,0.2564376378543251,0.05706899567801069,0.6215334026528888,0.003311432361441921,0.35751176708623517,0.8516461253166199,48497,lookalike_00487.tif,lookalike
0.034452147138092463,0.37593013787100216,1.0885245901639344,0.23137467904404505,7.977367267740334,2.010002328285612,0.41602668506885776,0.10432088954977356,0.8334445992351112,0.011046241853851018,0.3253758080847418,0.853666365146637,88216,lookalike_00488.tif,lookalike
0.09284675946659705,0.6821715049404009,1.2199170124481329,0.45565352697095435,5.183896818870858,1.5937401366886377,0.48002176166794647,0.10635136548102576,0.9546812151750791,0.011471107699133096,0.2897426927860697,0.8795118927955627,111995,lookalike_00489.tif,lookalike
0.034355934599028436,0.5704440208547433,1.1294236602628918,0.37031744896638313,7.658428559842446,1.9596263181395737,0.42403796019987616,0.10258880581694055,0.8761219930998583,0.010682268656696048,0.31975758691476464,0.9186040163040161,374266,lookalike_00490.tif,lookalike
0.07790505704005744,0.5560385859162094,2.9858156028368796,0.34071191523053856,9.134372251690035,2.14916318789236,0.3996886088564314,0.09706565829802866,0.8298357834492838,0.009559939701212283,0.3296767367868285,0.9359734654426575,81219,lookalike_00491.tif,lookalike
0.133532097825946,0.6917204932472109,1.5524625267665952,0.448828176917965,6.691805721688413,1.8309729964098425,0.44025233615134096,0.1028682632877645,0.9120345058886945,0.010738363662473651,0.31496523865790993,0.9212527275085449,144684,lookalike_00492.tif,lookalike
0.049693445161359685,0.4861421693657574,1.3617021276595744,0.33129817881482715,7.342572048760459,1.92469651667265,0.4266856173894169,0.10419122894149965,0.8641797975982126,0.011016693693933478,0.3217361765813577,0.9103260636329651,245823,lookalike_00493.tif,lookalike
0.11310463792642665,0.6294878371859758,1.0132325141776937,0.4349219168806252,8.091107986194537,2.026444537079753,0.41368584990044466,0.09978622080625042,0.8485896052291663,0.010112550406106372,0.3268323893161505,0.9108796715736389,112269,lookalike_00494.tif,lookalike
0.05403222409520884,0.4616214008188701,1.3574380165289257,0.30563103010176484,30.710498258691597,3.994001313704099,0.25728071346288217,0.05598903539650847,0.6369266945765126,0.0031889876028592164,0.3557333006624603,0.8895220160484314,86925,lookalike_00495.tif,lookalike
0.11240149604027234,0.6132219010941811,1.8488745980707395,0.47104152104012303,27.667493686856027,3.773290460252997,0.26992701540747754,0.05951111301160785,0.6461400588843661,0.00360345006505876,0.3548192465649242,0.9026577472686768,80920,lookalike_00496.tif,lookalike
0.1748188771381021,0.7092293071136099,1.9893617021276595,0.5678262600978495,31.192879824858153,4.016294388173363,0.2567088458034152,0.05633873016641874,0.6272465775269433,0.0032293991666413136,0.35497106386211963,0.9238442778587341,40588,lookalike_00497.tif,lookalike
0.06666450034296588,0.733932680644325,1.9739696312364425,0.5466329765679007,31.074361097331515,4.038068892243599,0.2523478371229977,0.05569646073217674,0.6187123258167168,0.0031518362254859605,0.3586463774699069,0.917551577091217,213069,lookalike_00498.tif,lookalike
0.04823219539507164,0.5341258718729361,1.4862914862914862,0.3019473514619146,26.63103014658302,3.7230193535335165,0.2708882200921807,0.05922055793983993,0.6530257713263208,0.0035644050695466762,0.35469299648225133,0.8964266180992126,208743,lookalike_00499.tif,lookalike
0.10351037960373566,0.7714187771334043,1.9541984732824427,0.6044453628190601,31.506298313701475,4.1166606114791096,0.24469273399981986,0.053403372596388526,0.6253986834736146,0.002892815901819984,0.36161521416392284,0.9585413932800293,1293434,lookalike_00500.tif,lookalike
0.1913356146038506,0.7413576426012417,1.1477272727272727,0.5558618361836184,8.480944839163582,2.111970597870304,0.3955794520684428,0.09751175991109884,0.9047970740579035,0.009623033218219581,0.3377552728490124,0.8422412872314453,17125,lookalike_00501.tif,lookalike
0.25351914421961924,0.6905255456651628,2.3392857142857144,0.3859732824427481,39.77053750506603,4.6775154069775375,0.2197535938805278,0.05007201585968596,0.5446162306881452,0.0025403678425435358,0.36537628195868843,0.7557113766670227,2987,lookalike_00502.tif,lookalike
0.46655025794878946,0.8442640125720272,1.988888888888889,0.5002172563625078,8.568516738160222,2.0230481073906343,0.418594700997395,0.0853589688925107,0.9442271834228647,0.007382086118072068,0.3250797448165869,0.8949435353279114,8168,lookalike_00503.tif,lookalike
0.4824426998875282,0.8836206896551724,2.9565217391304346,0.6553708439897699,17.4296222375565,2.907133974735749,0.3378937285774352,0.06786327112730835,0.8022475240181728,0.004696162455926051,0.31594147092799385,0.8415010571479797,1099,lookalike_00504.tif,lookalike
0.2070606122720136,0.7107142857142857,1.403361344537815,0.2303124842751472,8.962123448942018,2.1658926994173635,0.39132738923215327,0.07877380262346921,0.9292449018533252,0.006291521354178517,0.3379552345586482,0.7746482491493225,4795,lookalike_00505.tif,lookalike
0.3049042835711139,0.8088737201365188,1.3253012048192772,0.25958378970427165,9.54398094485332,2.1745194684778024,0.3989517532166441,0.07896203807936239,0.9257694048733971,0.006336285970449855,0.31972187104930466,0.8549502491950989,2502,lookalike_00506.tif,lookalike
0.15741244088702758,0.7127837116154874,1.2056737588652482,0.4454526491447643,35.89106541532031,4.283412725040812,0.25123686068517964,0.050873256327859925,0.6615774265114681,0.0026600916773719657,0.33933645183645184,0.877826452255249,43260,lookalike_00507.tif,lookalike
0.19535172329373046,0.7808375447136658,1.1133828996282529,0.5086994433101018,28.65114032562809,3.8569493121646468,0.2646073591254038,0.056219781084121984,0.6547452669538895,0.0032378294402995132,0.3457561745672765,0.925318717956543,163859,lookalike_00508.tif,lookalike
0.03840888693485003,0.5024206687615932,1.1636363636363636,0.3570538607510653,26.44321313120717,3.7001369037453724,0.2734735462783472,0.057181700741520215,0.6812151569835406,0.003352471470532702,0.3446847491197183,0.9284961819648743,1228242,lookalike_00509.tif,lookalike
0.025950270875754678,0.6067920947889073,1.3077905491698596,0.5180579876077587,26.5148300226191,3.7017876216117362,0.2734502937393396,0.057170224560224005,0.6819802339114829,0.0033515091427735945,0.3446243353692283,0.927567720413208,1605931,lookalike_00510.tif,lookalike
0.051288038610922716,0.4559502752634788,1.663109756097561,0.29462439359728154,28.466975969572147,3.8283569730855347,0.2680096458627298,0.05649416227373266,0.661113275221944,0.0032728304411461665,0.3430883911134273,0.8675326704978943,192786,lookalike_00511.tif,lookalike
0.10665901846871323,0.588701542008935,1.0459183673469388,0.33041936286709805,30.46721917380954,3.9704651343763233,0.25953230600209265,0.054553659052097914,0.6510557763209537,0.003051739358974484,0.3459177078845325,0.8773634433746338,53599,lookalike_00512.tif,lookalike
0.5471906979409019,0.9053777006781265,1.3934426229508197,0.5536162005785921,29.105706274953235,3.8877447105573313,0.2638504914406873,0.05639473931566516,0.6509918304167834,0.0032564413754412663,0.34925943621595795,0.8934646844863892,2986,lookalike_00513.tif,lookalike
0.043914821444906084,0.5222618075755534,1.3852459016393444,0.3994886143175866,28.436426861399354,3.8430739457913594,0.26487664873074707,0.056285641225191155,0.6581191972117968,0.0032457479871403436,0.3473486145356515,0.8485801219940186,130959,lookalike_00514.tif,lookalike
0.18012031772852755,0.8321738927017065,1.582258064516129,0.6141240011837822,27.671063868003664,3.7935062857900497,0.2676325233460569,0.05708185253243915,0.6597805679942035,0.0033377222074184483,0.34637763653037346,0.9439839720726013,364301,lookalike_00515.tif,lookalike
0.25505773739766463,0.7113765951669835,1.143835616438356,0.3760971208268395,29.92122342656583,3.933424703622648,0.2600365564597851,0.05569318154198314,0.643521048261276,0.0031733385383969975,0.35002307337332716,0.8308976292610168,9342,lookalike_00516.tif,lookalike
0.1201071179902902,0.6343046012003132,1.414519906323185,0.42413961567690805,28.581021602538634,3.8648598316416707,0.26363014173748955,0.05580977282101934,0.6546498181215894,0.0031892656859374155,0.3460289478567452,0.8908548951148987,107865,lookalike_00517.tif,lookalike
0.1830842353782208,0.639402722034435,1.2255892255892256,0.42956580456580457,5.708258627119166,1.394013707161911,0.5389294806907884,0.13008414337512114,0.9454162662804011,0.017077630676518844,0.2554525838650088,0.8990077972412109,46592,lookalike_00520.tif,lookalike
0.18186390807996253,0.6275726187795542,1.2901785714285714,0.4305255190311419,9.137924065001956,2.0772210957127597,0.4194549949037911,0.08154401428984803,0.9429046948298463,0.00674419990192528,0.3111973872325914,0.8721067309379578,28185,lookalike_00521.tif,lookalike
0.4663690123946481,0.8516746411483254,2.8,0.5650793650793651,20.338248825465126,3.0935128744571267,0.32241277913440003,0.07607879781157197,0.7774456163052406,0.005859847084818216,0.33641975308641975,0.7287174463272095,401,lookalike_00522.tif,lookalike
0.6956108567794602,0.9273153575615475,1.45,0.6818965517241379,16.221631622818695,2.739016477726668,0.3630419016181557,0.06997520939876145,0.8939822180314043,0.00498720962945903,0.30745762711864405,0.8056142330169678,434,lookalike_00523.tif,lookalike
0.16254933833553098,0.6152885486957398,1.1282798833819243,0.3451759441318055,9.01852222791851,1.4961068844259526,0.550483408830639,0.14130319810053588,0.8631560560393127,0.020204855589138128,0.2193505249419767,0.9004179239273071,46108,lookalike_00524.tif,lookalike
0.31926900276493364,0.6684705342811282,1.0406504065040652,0.46290650406504064,13.449987943984365,2.464454037502172,0.3871582477443626,0.07449277913364172,0.9195632581281529,0.005642580854725623,0.305162571357657,0.8880419135093689,7450,lookalike_00525.tif,lookalike
0.1850650174555937,0.5855928556057671,1.3653846153846154,0.36853331527627303,26.406011529599503,3.6860146900650017,0.2746102924315805,0.06188585262352752,0.638418532134038,0.0038899630911310044,0.36046511627906974,0.8082280158996582,5682,lookalike_00526.tif,lookalike
0.22915562016939617,0.707908611599297,3.627906976744186,0.45035778175313057,28.704914099463135,3.9376116188499926,0.25232036952793846,0.054541815964821785,0.661686935281859,0.0030169900949387116,0.36470761525997936,0.7482810020446777,3173,lookalike_00527.tif,lookalike
0.26378022882264274,0.8534325889164599,6.08,0.6788157894736843,10.582897854360695,2.2736736035903125,0.3901710410154307,0.08243667510776267,0.9269648112177982,0.006887042540807522,0.317982017982018,0.8503808975219727,2739,lookalike_00528.tif,lookalike
0.2231974429430706,0.6383408659704761,2.3970588235294117,0.46669749188018766,22.699084113465723,3.431014616040448,0.28845247866325513,0.06077603137229556,0.7050950444477312,0.0037520148778226905,0.3564369838906187,0.8959106802940369,21151,lookalike_00529.tif,lookalike
0.16048448306600327,0.5812181493437331,2.163265306122449,0.3793907500106961,27.190867579124223,3.7684483546775898,0.2672303215322217,0.05830085408620796,0.6569649933675127,0.0034504179817407953,0.36051042275472434,0.8832286596298218,18139,lookalike_00530.tif,lookalike
0.2413147728854219,0.6307223124606358,1.4025974025974026,0.2859998797498797,17.53010461059636,3.027310680637305,0.31233021114743426,0.05939035705783037,0.8090168142109264,0.0035885942780297443,0.3549178154825027,0.862187922000885,9803,lookalike_00531.tif,lookalike
0.18612955745281393,0.5831586688729545,1.720496894409938,0.3556068793865058,34.40231922336822,4.283551486615009,0.23919222957611838,0.053209729312699974,0.6015304875285432,0.002869925372883749,0.3615464638368266,0.8426553010940552,16314,lookalike_00532.tif,lookalike
0.21662311853882646,0.584683034078417,1.0857142857142856,0.37490601503759396,11.90009332616303,2.499840610915752,0.35613371051502707,0.06374631282192131,0.8806270073945197,0.00412897291323616,0.3451842275371687,0.8736481666564941,8274,lookalike_00533.tif,lookalike
0.2723524761613734,0.7323236620437336,1.103448275862069,0.5152658045977011,26.788615444968933,3.8049909635369588,0.25979495355387533,0.05382906792775598,0.7017595842273495,0.002943092453996575,0.36541853208519876,0.8698520660400391,4501,lookalike_00534.tif,lookalike
0.3079003323451128,0.7633450355567558,1.15625,0.3978978978978979,34.01641552364411,4.257475346277968,0.2391621753920607,0.05374142887420177,0.5972405154680779,0.002925426525575548,0.367612293144208,0.8055525422096252,4418,lookalike_00535.tif,lookalike
0.07141493695044546,0.3301665200300269,1.34375,0.23224018895348839,16.20852721722506,2.93324061988969,0.3170898158318829,0.0588273911545063,0.8290436745792842,0.003517488488014214,0.3537732321154781,0.8377991914749146,21212,lookalike_00536.tif,lookalike
0.25580569930724845,0.6329113924050633,1.9189189189189189,0.371145793681005,31.80786412173626,4.049732116318457,0.25625193289660014,0.05655571431204988,0.6138847633762822,0.0032421535223759856,0.35747007536574554,0.7163099646568298,1073,lookalike_00537.tif,lookalike
0.25258988443947694,0.6205205068810464,1.5365853658536586,0.2938443670150987,17.88079518263317,3.071450920742219,0.30711383491229055,0.05866621489815941,0.8092918013435345,0.0035013359578062323,0.3564926731727699,0.8863024115562439,7092,lookalike_00538.tif,lookalike
0.19195066486484658,0.6487021331277306,1.3026315789473684,0.41934144072301965,21.23312931309293,3.339710878985011,0.2909538929710425,0.05911323855164743,0.7467426850411416,0.003554612214415069,0.3573379556676121,0.8799397349357605,12972,lookalike_00539.tif,lookalike
0.2918053093645771,0.7425051627145197,1.4495412844036697,0.3027232609453025,31.154377805061298,4.075021083859498,0.24959279974732754,0.05544466499129041,0.6099479757709385,0.0031174180119610748,0.36101331700596967,0.8563576936721802,5416,lookalike_00540.tif,lookalike
0.19193498908349904,0.639633185270096,1.5686274509803921,0.2735294117647059,31.838764674232458,4.12311239018219,0.24671068726982362,0.05490574408284836,0.605879807737567,0.0030567632099415968,0.3623604465709729,0.8263630270957947,4703,lookalike_00541.tif,lookalike
0.10641774892808015,0.46598228663446056,1.1506410256410255,0.24801799871437755,29.038713488676837,3.938261520159322,0.25458887515272083,0.0549217352710602,0.6525520773020284,0.0030616544095833386,0.3603857544460981,0.8875669836997986,28462,lookalike_00542.tif,lookalike
0.42019799804641356,0.8331004502406458,2.05,0.72710027100271,37.88417295254331,4.508717471591277,0.22909266518279994,0.05159133005011515,0.5721867196718469,0.0026983894449061968,0.3615686274509804,0.8687300086021423,5540,lookalike_00543.tif,lookalike
0.10197132001770477,0.4589424096948775,4.072916666666667,0.34000692668371696,19.125096476073587,3.171841759401234,0.3016819909560279,0.062178453241608395,0.752551758230512,0.0039276506073877724,0.3562303396032612,0.8416036367416382,13312,lookalike_00544.tif,lookalike
0.27662954677110263,0.7183565275016567,4.333333333333333,0.5558974358974359,34.09958436457537,4.213857906405717,0.2454706335878397,0.05723799525302435,0.5914732811556292,0.0033199942065004883,0.3562573099415205,0.6638885140419006,609,lookalike_00545.tif,lookalike
0.10141183240236178,0.4016843550345847,2.7746478873239435,0.2719489525988418,20.18110744786241,3.271129570348685,0.2934646654406531,0.06091019457303684,0.7383641485172845,0.0037659594464222648,0.3568451075032909,0.8283880352973938,15809,lookalike_00547.tif,lookalike
0.08248068226484066,0.6959068439684032,1.0,0.32443201541900635,32.57151639644616,4.144543340964676,0.24722280426968946,0.05516922791833394,0.6067327254681788,0.0030878304138784924,0.36000990867614746,0.9686312079429626,1357194,lookalike_00549.tif,lookalike
0.09865617152316167,0.728690194930156,1.0818806127839409,0.3646065479727945,31.709507107902134,4.084164034815572,0.25021440439074516,0.05611795027359935,0.60979210848798,0.0031944678310132815,0.359744025976153,0.9696235060691833,1415462,lookalike_00550.tif,lookalike
0.09603565146748724,0.7432733945875744,1.0,0.4939361810684204,30.99438521051072,4.038774031195151,0.25199669709341366,0.05591442287838287,0.6177957613101892,0.0031717206852552617,0.3599114418029785,0.9705896377563477,2063940,lookalike_00551.tif,lookalike
0.11200574186568255,0.8568675479989913,1.0,0.7259368896484375,5.91838459663226,1.7375417359743557,0.4512093958221709,0.10752801400543252,0.9139121000120625,0.01171517291584891,0.3114011287689209,0.9726613759994507,3026397,lookalike_00552.tif,lookalike
0.19488726354040012,0.8449315729773763,1.0,0.7845323085784912,6.798461892086944,1.8672362111204943,0.43206584255417396,0.10651996067487281,0.8768387912726725,0.011495814955862906,0.31966376304626465,0.980551540851593,3282833,lookalike_00553.tif,lookalike
0.1048654279813917,0.7693199686656145,1.244984802431611,0.5802459809555471,35.12101577809058,4.337566453212099,0.23611139154481398,0.05218821933931454,0.5974088736569183,0.002760416258204888,0.3611266354480422,0.9637669324874878,1932811,lookalike_00554.tif,lookalike
0.04797784080642182,0.5916258404234468,1.061212477928193,0.4010388153678863,34.14145475766342,4.272229003703335,0.23902563297442408,0.05281341945612185,0.6030582687227579,0.0028270827529593054,0.3616361344419156,0.9429569244384766,1215075,lookalike_00555.tif,lookalike
0.19925408105850717,0.8850136101015119,1.0,0.8120713233947754,31.765259315032733,4.114421540844395,0.24648635595374058,0.053982986402824146,0.6236836095845038,0.002954867188812697,0.3606142997741699,0.975487470626831,3322825,lookalike_00556.tif,lookalike
0.47412939974780594,0.9352186642189383,1.4163208852005533,0.9074295065050139,31.479711181683747,4.089810653099915,0.24805414589539498,0.05475186653369814,0.6201597161493885,0.003039392211573552,0.3604287650795688,0.9858253002166748,2646789,lookalike_00557.tif,lookalike
0.16325421609302257,0.7958894738370782,1.6897689768976898,0.7782876798422029,30.914694307404698,4.0547018452226915,0.24950267958188463,0.05489511900057376,0.6257953133482371,0.003055640255235665,0.3608167628107172,0.975208580493927,1908913,lookalike_00558.tif,lookalike
0.10563961372518088,0.8681441766217571,1.0,0.8286123275756836,29.618220874668275,3.9683237808384746,0.2535957265617834,0.054940030903060946,0.6442540530333054,0.0030618728077947636,0.36025547981262207,0.9578493237495422,3180407,lookalike_00559.tif,lookalike
0.24937077053467477,0.9630022034700417,1.0,0.9620620012283325,31.417369100496906,4.092583400563633,0.2472879837819147,0.054013892270579345,0.6279975177239451,0.0029586525533475535,0.3607048988342285,0.950448751449585,3058435,lookalike_00560.tif,lookalike
0.2134896082982536,0.9143418238666077,1.0,0.8662296533584595,33.78644624821861,4.251605872036397,0.23992333650927866,0.05265803528816951,0.6097770673390398,0.002811098504154707,0.3608212471008301,0.9874218702316284,3610930,lookalike_00561.tif,lookalike
0.27011164401305415,0.9616926624672683,1.1428571428571428,0.8754237038748605,3.6682323018215937,1.231205030430572,0.5631642657033928,0.17503930764059233,0.9715533483273294,0.030796807119031638,0.261955729887244,0.9708805680274963,3028423,lookalike_00562.tif,lookalike
0.510572020846663,0.9857371076239873,1.0,0.9847747087478638,36.85137482995698,4.444573530286851,0.23191098561876955,0.05094305011748598,0.5909821341241642,0.002630663040435592,0.36058783531188965,0.9913957118988037,4124759,lookalike_00563.tif,lookalike
0.3762412317968309,0.9531803239443198,1.0,0.7784150838851929,35.365983034477374,4.34905698261311,0.23634577967199707,0.051630029175472505,0.6043309052269019,0.002703384773408217,0.3602430820465088,0.9850056767463684,3244031,lookalike_00564.tif,lookalike
0.1870756975887008,0.8201155215468758,1.0,0.753406286239624,30.573157334113134,4.027211529956531,0.2517926489294252,0.0543895249831635,0.6397605906513302,0.0030027608366439405,0.3593721389770508,0.979685366153717,3149082,lookalike_00565.tif,lookalike
0.11076864390923502,0.6628181351240482,1.1078140454995054,0.3396146848947294,31.102598435097594,4.0552626300331935,0.25048659915277494,0.05529345708285851,0.6218075966421137,0.003101557280529024,0.3600570444379557,0.9369693398475647,384475,lookalike_00566.tif,lookalike
0.19327970641840636,0.7151105374653075,1.223155929038282,0.49263654571243254,33.652136249435685,4.213196164328277,0.2443937139388956,0.05436854485349204,0.6041304205814069,0.002999787670953905,0.35980669374325225,0.9740174412727356,693566,lookalike_00567.tif,lookalike
0.3571225657967852,0.889910785835114,1.2183224271267104,0.7619117677814545,33.5901239688844,4.209023442157725,0.2448417473295607,0.05431622150992946,0.6054104080210375,0.002994258971779483,0.35935686219413326,0.9887716174125671,2623705,lookalike_00568.tif,lookalike
0.608160530986146,0.9619509684033083,1.0,0.8304681777954102,33.910658868073654,4.232825552406919,0.24332792736484182,0.0540739383856782,0.6014698805221813,0.0029670340960089815,0.3599536418914795,0.9914098978042603,3468027,lookalike_00569.tif,lookalike
0.3971073909833631,0.9406477477283648,1.0837053571428572,0.565339171923275,33.49812343369557,4.207461701439394,0.2443985743149645,0.05449381423912545,0.6021406531565213,0.003012785225610792,0.35979480241913936,0.9902104139328003,1970960,lookalike_00570.tif,lookalike
0.32159668084821713,0.9029554583848531,1.2552083333333333,0.5553304374135546,33.61941405383085,4.214688952023144,0.24368562984558156,0.05447791461999754,0.5999448803824863,0.0030101254050168523,0.3608811869176069,0.9777559638023376,412254,lookalike_00571.tif,lookalike
0.21888086236742252,0.8109714899210914,1.0297666934835077,0.6589670907079646,33.75241658921338,4.222676561572754,0.24364263696909969,0.05430806039317379,0.603687377331638,0.002992116061089848,0.3597528711996121,0.9633862376213074,1022913,lookalike_00572.tif,lookalike
0.1485503111426913,0.5789437392618472,1.4983922829581993,0.3476015345762665,35.89570851861957,4.299632799906264,0.24362053791760588,0.05416988428932144,0.5870898680253804,0.002977177220891065,0.35904413219869385,0.8819525837898254,50833,lookalike_00573.tif,lookalike
0.056296450667919856,0.5751500189520039,1.8893058161350844,0.3774162476175216,14.334210323737363,1.7805241618490528,0.5377897709475506,0.17481416273594108,0.8901298056626035,0.03070117119906407,0.25527078897831734,0.8862245678901672,203328,lookalike_00574.tif,lookalike
0.3302687103524575,0.8783368948140589,1.4772370486656201,0.5513232023783109,32.65223220227887,4.147062014598497,0.24747074811268158,0.055685303077584986,0.6031303665393042,0.003145208126230454,0.36030591421310676,0.975856602191925,331770,lookalike_00575.tif,lookalike
0.336810097195938,0.906240900822258,1.0747271200671704,0.5073366000209908,31.53765694529551,4.069555205677097,0.2509682272373109,0.056623216356367904,0.6063548767676006,0.003251483607268879,0.3599332808288032,0.9748135209083557,771919,lookalike_00576.tif,lookalike
0.26216911377351576,0.8768959179931519,1.0,0.6619058847427368,31.917891998024196,4.1179353574987605,0.24713134157528777,0.054091419325792034,0.621692649143775,0.0029682614189556157,0.35996198654174805,0.9767318367958069,2598571,lookalike_00577.tif,lookalike
0.280450905256443,0.8514583678318627,1.0,0.6178630590438843,33.48589203733196,4.204294194518172,0.24490706918406285,0.05435944298148736,0.6049029968628925,0.0029986940440871026,0.3592526912689209,0.9870254993438721,2571854,lookalike_00578.tif,lookalike
0.27069867196596087,0.7265689590379557,1.087719298245614,0.34192840973401245,8.132648805096974,1.9677204106207116,0.4261273860496276,0.08749077449340198,0.940770243250344,0.007754761168798077,0.32476551226551226,0.8011890649795532,5018,lookalike_00579.tif,lookalike
0.39593618766011357,0.8179704368045175,2.044776119402985,0.5365508225296873,8.22660172858858,2.0184563395044592,0.4148169283171801,0.09490490651723005,0.9272214113488578,0.009110508698596347,0.3292795851595777,0.8562500476837158,5098,lookalike_00580.tif,lookalike
0.33196371742404196,0.7659808652950639,1.957142857142857,0.47168925964546404,8.267122522324854,2.020126773750709,0.41458038894456484,0.09455996836362518,0.9285869708251691,0.0090434575773124,0.328562874251497,0.8269750475883484,4691,lookalike_00581.tif,lookalike
0.1970458694498907,0.6321746160064673,1.8636363636363635,0.31210643015521067,15.83885162088087,2.890115361202856,0.3215191419558507,0.06010477828291331,0.8316536073235399,0.0036718938809389137,0.35516717325227964,0.8235487341880798,7318,lookalike_00582.tif,lookalike
0.5142930159908645,0.859221535103674,1.3846153846153846,0.5150008721437292,22.286187373190764,3.4570412148983296,0.2794315741545688,0.05809473223524188,0.7322023138979187,0.003422326226700298,0.36072261072261075,0.9016379117965698,6069,lookalike_00583.tif,lookalike
0.29464649556132344,0.7765030405617203,2.7794117647058822,0.48187052598817304,6.919515267916709,1.8377233920903353,0.43902797355042367,0.09573346362203276,0.9380552871371713,0.009273822344115536,0.3253968253968254,0.8057246804237366,6380,lookalike_00584.tif,lookalike
0.13064834500431297,0.4474267867650387,1.8,0.27458333333333335,8.630213053969058,2.1205244993781682,0.3950662163104247,0.0888223268638248,0.8279677776342658,0.007989939224674216,0.33754578754578757,0.7940592169761658,5252,lookalike_00585.tif,lookalike
0.22804508721301972,0.6393328885923949,1.198581560283688,0.5027277686852155,24.071149280607727,3.6193230424439,0.2689933555728498,0.054470363153181524,0.7281555485626174,0.003011535045701533,0.36327231121281467,0.9019284248352051,12307,lookalike_00586.tif,lookalike
0.1338892723081045,0.506930345640023,1.49800796812749,0.2143023650080529,5.494906945144856,1.6803383251612805,0.45505217446309854,0.0930443067133772,0.9330201851054696,0.008787988328830692,0.327358308644356,0.8928481936454773,20812,lookalike_00587.tif,lookalike
0.3476819060418507,0.7505597479061282,1.8026315789473684,0.4346427199385325,9.146825468509055,2.193055617067081,0.3856629100720908,0.08744630780855432,0.8600137802861452,0.00775467797856803,0.34352050615749635,0.8610799312591553,4698,lookalike_00588.tif,lookalike
0.1848212132653502,0.6869577790630422,1.2926829268292683,0.27329728485964105,29.177320539851273,3.939237934772513,0.2561281907449563,0.05699892149042647,0.628550803841035,0.0032921416611322364,0.3615414915966387,0.7154232859611511,2543,lookalike_00589.tif,lookalike
0.4405712909291561,0.8591749644381224,1.8461538461538463,0.483974358974359,37.57536089224804,4.547586732955578,0.22263337019566798,0.0521290888926895,0.5724219410625988,0.0027469049343952284,0.3743131868131868,0.7706976532936096,664,lookalike_00590.tif,lookalike
0.2751020918208892,0.7551387759842062,2.4078947368421053,0.4675366695427092,6.753239860871508,1.8199737978594337,0.4411690736031777,0.09509685316380825,0.9389399139343635,0.009153462901657252,0.3230135530162105,0.8058616518974304,6711,lookalike_00591.tif,lookalike
0.4293461181280654,0.7991400491400491,1.1111111111111112,0.4517361111111111,24.208751648639748,3.6087564900487,0.27010303958672804,0.05606240153430519,0.7197324456518415,0.0031866530662400627,0.37294372294372297,0.7055251598358154,709,lookalike_00592.tif,lookalike
0.30101113112604694,0.7621018535180853,1.3333333333333333,0.44114583333333335,16.81629850001623,3.0300317892567143,0.3042491488053226,0.05766251881338248,0.8330892303450834,0.003375395550228247,0.36323232323232324,0.7961071133613586,2245,lookalike_00593.tif,lookalike
0.16055527857709095,0.898096610455469,1.0,0.8972197771072388,35.9621242729264,4.390356745274815,0.23402186008420967,0.05161929022207337,0.5918745647715872,0.0027007374559901657,0.3607444763183594,0.9744349122047424,3735717,lookalike_00594.tif,lookalike
0.16260793846965685,0.8973614197672287,1.0,0.8964850902557373,33.032400212232744,4.199192354337148,0.2425727544310008,0.05311836174608211,0.6163884912636408,0.002860927608742647,0.36054325103759766,0.9608243107795715,3638111,lookalike_00595.tif,lookalike
0.04667332909487572,0.7553891481256533,1.0,0.6843833923339844,30.759659696818886,4.047081789946376,0.24972714700693718,0.05447225323367849,0.6325116786941994,0.0030092955134617214,0.36019134521484375,0.9332015514373779,2699066,lookalike_00596.tif,lookalike
0.7284331848073886,0.999186914065623,1.0,0.9982113838195801,32.79858529078427,4.1849837666825636,0.24301363216297828,0.05353024966438128,0.6139076203207006,0.00290490014516476,0.3606588840484619,0.9903199076652527,4185855,lookalike_00597.tif,lookalike
0.4039659742069827,0.9861596539660189,1.0,0.9514173269271851,3.8894964252426787,1.330392185417869,0.5276365225534615,0.14647625411225249,0.9166831831194806,0.02169947230129931,0.2809603214263916,0.9849004745483398,3978206,lookalike_00598.tif,lookalike
0.7853981633974483,1.0,1.0,0.9990236759185791,33.804586111657855,4.252114986019615,0.23996595507091736,0.05287415152150508,0.6066059431025679,0.0028339245278365174,0.36084723472595215,0.9935474395751953,4192441,lookalike_00599.tif,lookalike
0.7853981633974483,1.0,1.0,0.9990236759185791,35.90299637942803,4.384512841152188,0.23448533487309958,0.05165861218101524,0.5947422582103498,0.002705159832143837,0.3608100414276123,0.9934783577919006,4191056,lookalike_00600.tif,lookalike
0.784854898842139,0.9999988067420981,1.0,0.9990224838256836,36.03399283277261,4.390592295963108,0.2345709060770902,0.051442603010652455,0.5965438786858474,0.0026830754479812806,0.3601558208465576,0.9927505254745483,4186056,lookalike_00601.tif,lookalike
0.4995803321181936,0.9795953691764834,1.0,0.9249604940414429,28.952165546143927,3.912522682635462,0.258758709916862,0.055254132083996134,0.6544043454167143,0.0030977178347945055,0.3577582836151123,0.9876387119293213,3863214,lookalike_00602.tif,lookalike
0.3656277416672795,0.9540358338479062,1.656957928802589,0.7702778936589806,5.177516385405976,1.611106052430209,0.4732316205452561,0.10481084947312116,0.9551438583678759,0.011131293824342902,0.29729263464228617,0.9850482940673828,1950898,lookalike_00603.tif,lookalike
0.1800542054828806,0.8211524191079075,1.2265193370165746,0.5574133064924962,30.594052197367663,4.028296970256699,0.25153717611782656,0.054810698030666356,0.6356516203267376,0.003048442260894681,0.36000878716566165,0.9697070121765137,1788655,lookalike_00604.tif,lookalike
0.27329657401226026,0.8940031553466264,1.186558516801854,0.7875058559802288,31.77013634761507,4.088167618191552,0.2501275388778562,0.056045495571419295,0.6095932795777169,0.0031862822838257645,0.3596237682186961,0.9843403100967407,2780356,lookalike_00605.tif,lookalike
0.7853981633974483,1.0,1.0,0.9990236759185791,30.96273841874705,4.035225195973689,0.2525689999307969,0.05570933156517335,0.6215361221964383,0.003149215620857567,0.3595128059387207,0.9938762784004211,4194175,lookalike_00606.tif,lookalike
0.702784871602319,0.9987324021307767,1.0,0.9977573156356812,32.301198431524355,4.145968646341791,0.24559500303128196,0.05369839021498021,0.620235124595234,0.002925170195109782,0.3600943088531494,0.9847408533096313,4146841,lookalike_00607.tif,lookalike
0.07568653450678874,0.7394310077301532,1.1609977324263039,0.45884611168686223,33.66314289483751,4.219928314340711,0.24345906647435892,0.05433977772598604,0.600227076260544,0.0029956125695117268,0.36015586574269254,0.964202880859375,1629335,lookalike_00608.tif,lookalike
0.237295959468468,0.9080720697029581,1.0,0.8957366943359375,33.89775238360542,4.232938887929007,0.24331604349749003,0.05396139111001178,0.6037298786500832,0.0029548333229340515,0.3598940372467041,0.9859082102775574,3736427,lookalike_00609.tif,lookalike
0.42631641984275503,0.9774663304015736,1.0,0.9600030183792114,33.899997540519365,4.234462131918276,0.24305578410803103,0.054109664450641956,0.6020227906633528,0.0029706024613989166,0.3599691390991211,0.981622040271759,3891532,lookalike_00610.tif,lookalike
0.02671928860005811,0.5510358053164629,1.095187165775401,0.4924112738135027,34.081269397537056,4.243522835241537,0.24293646843107194,0.05394662550068136,0.6027255951320402,0.0029532548233140764,0.3598407451923077,0.9322901964187622,1790271,lookalike_00611.tif,lookalike
0.08540715912028331,0.7899310812524554,1.0,0.5918071269989014,31.896410680458224,4.095299754845702,0.25019878035652027,0.05566390179585966,0.6132639597380899,0.00314410339503412,0.35950469970703125,0.9591553211212158,2393727,lookalike_00612.tif,lookalike
0.1909077925373394,0.9316980288689691,1.0,0.9307882785797119,32.04255481668439,4.127966680033947,0.24678282040778401,0.05356248785460258,0.6264778022765223,0.0029112219879730474,0.3595273494720459,0.9765774607658386,3860046,lookalike_00613.tif,lookalike
0.15723233650001767,0.8980597022939795,1.0,0.8971825838088989,35.517503896436935,4.360642445254154,0.23541940013980397,0.05191736297996147,0.5946617047337435,0.0027323917504122612,0.3607065677642822,0.9640315771102905,3668561,lookalike_00614.tif,lookalike
0.17783817342946162,0.9044805288328731,1.0,0.903597354888916,35.16374448352006,4.3385590610893425,0.23630637637209564,0.05197178636328654,0.5993928839110685,0.0027380872680204255,0.36075806617736816,0.9741677045822144,3737315,lookalike_00615.tif,lookalike
0.06974010787315615,0.8745918163031964,1.0,0.8737379312515259,32.486199364146344,4.162734448557845,0.2442974354140348,0.05351197925668359,0.6192852308779362,0.0029035214336992545,0.3606257438659668,0.9528977274894714,3569870,lookalike_00616.tif,lookalike
0.723944424907139,0.9987892012069087,1.0,0.9978140592575073,32.655661333965796,4.170067887512805,0.2444025663910983,0.05347627501490395,0.6175091120773386,0.0029008433025769138,0.3602747917175293,0.9849359393119812,4142719,lookalike_00617.tif,lookalike
0.7853981633974483,1.0,1.0,0.9990236759185791,34.92555427332588,4.320672644917359,0.2374692447820993,0.05209955642851698,0.6028586781558036,0.0027524480784464345,0.360424280166626,0.9925585985183716,4186779,lookalike_00618.tif,lookalike
0.7155122258298026,0.9963587716487605,1.0,0.9456406831741333,3.894650606608583,1.3287856492362056,0.5327019988515734,0.15674979370088846,0.9480409287565327,0.02479299432934024,0.2804434299468994,0.9896226525306702,3961093,lookalike_00619.tif,lookalike
0.05044427446624369,0.8273027623030617,1.1702857142857144,0.776892578125,3.849250428250031,1.3633748645301575,0.5170266437958049,0.1528577005264586,0.8683174761405059,0.023626970395230394,0.2886749181126062,0.9284654259681702,2574982,lookalike_00620.tif,lookalike
0.04921010907481783,0.6828280078102282,1.0031308703819661,0.5117030449571098,32.42556102971442,4.129763683895135,0.24869992135043334,0.05540017848910836,0.611204907762916,0.003115797980397801,0.35896783707843616,0.9496933221817017,1291494,lookalike_00621.tif,lookalike
0.02785522133575917,0.6579195349693365,1.2004689331770222,0.6173756857689772,31.734136720716894,4.079402062506851,0.25157738204083063,0.0560144343461918,0.6137882654020782,0.0031859761955326665,0.35910206184631027,0.9310160279273987,1917423,lookalike_00622.tif,lookalike
0.7820464930217815,0.9999581166476421,1.0,0.9989818334579468,33.47702567153874,4.20655464291709,0.2442380575134892,0.05451865558785394,0.6015430964267114,0.0030152789191333004,0.3598623275756836,0.9812318682670593,4073329,lookalike_00623.tif,lookalike
0.09708872329016184,0.6509873383589379,1.713807531380753,0.286076425209205,11.45976378971632,2.4346687899102633,0.3655100967216584,0.07293790407648534,0.8415839467373027,0.005413512518213839,0.33930763711734696,0.9572121500968933,654999,lookalike_00624.tif,lookalike
0.06949836469372248,0.7443510864033555,1.0219298245614035,0.5304282198253144,28.900066239657495,3.9017220396639245,0.25860586139132924,0.0558539495440617,0.650014056417537,0.003168415803382906,0.3575453026655334,0.9467032551765442,1654632,lookalike_00625.tif,lookalike
0.13622551901176996,0.6209147675754716,1.4211663066954643,0.49619691518903414,33.75374288583021,4.2291761523214575,0.24309559395240812,0.05266539923340972,0.6171502291575263,0.0028162491477213905,0.357973158659961,0.9749582409858704,605656,lookalike_00626.tif,lookalike
0.14982549784177074,0.8186938142581438,1.011528822055138,0.6828481014230323,33.853229656926466,4.235945460191487,0.2429694127507585,0.05250531582575349,0.6173946010773075,0.0027993741215785097,0.35733163988224154,0.975507378578186,2684004,lookalike_00627.tif,lookalike
0.2673694745521409,0.9426253648666557,1.0,0.8962448835372925,34.63568351821089,4.287745019080656,0.2403270399372458,0.05204401624104052,0.6123937428885847,0.0027501927310100765,0.3577451705932617,0.9743623733520508,3563415,lookalike_00628.tif,lookalike
0.08015119057218266,0.8296024196753239,1.0,0.6696751117706299,34.48614232767763,4.277941997277452,0.240625877652769,0.05230240221690634,0.6096644394533899,0.002777326421829323,0.3579981327056885,0.9576647877693176,2604657,lookalike_00629.tif,lookalike
0.04086753670113277,0.6010952691658153,1.3689839572192513,0.4922229134462734,33.47769760967277,4.209089019825717,0.24412335463227883,0.05296283938334292,0.6174604043631257,0.002848829830008022,0.3575695550339179,0.9490545988082886,1428716,lookalike_00630.tif,lookalike
0.07890992164225522,0.7796357628106306,1.5890410958904109,0.7016404256330131,29.735038913456094,3.9402285587393377,0.2589255433727832,0.056620349444443885,0.6333475467626081,0.0032573133823180665,0.35633290922317,0.9314594268798828,860580,lookalike_00631.tif,lookalike
0.053453959775315835,0.5467300226521967,1.904397705544933,0.43878477581453923,31.042518055875377,4.02174183329312,0.25507581823250414,0.056606025633670884,0.6205641566396449,0.003254592819815557,0.3572248022679889,0.928858757019043,226625,lookalike_00632.tif,lookalike
0.03229564811357026,0.3660005497656387,1.3729569093610698,0.24837340717727047,30.28763936289802,3.9782576728261057,0.2565800529625233,0.05652427477228566,0.6268137545229471,0.003246144293219992,0.3570124690017073,0.8841112852096558,155621,lookalike_00633.tif,lookalike
0.03793391231082251,0.51416039716639,1.0440677966101695,0.3928169023772837,33.96016249697469,4.240947923202083,0.24268878102170732,0.05280267099582693,0.6128999419715978,0.002831179517066432,0.3575281931866605,0.9305568933486938,548097,lookalike_00634.tif,lookalike
0.05363433581483492,0.7429118856025395,1.0,0.5663634538650513,34.33635086901456,4.2680404437407695,0.2411474281867015,0.052373558733161976,0.6111157606194293,0.0027850716857564274,0.3577861785888672,0.9546650052070618,2225269,lookalike_00635.tif,lookalike
0.05479557797802735,0.7012397574529833,1.011472275334608,0.5466240402119997,30.11923304895871,3.9874455678463514,0.253689250380403,0.05520232882760684,0.6370569485015551,0.0030941173491266243,0.3588912691206699,0.9493798017501831,1325719,lookalike_00636.tif,lookalike
0.08502083718561697,0.8684777137358197,1.0,0.7879517078399658,28.479195172225655,3.873651028942244,0.26006806049302655,0.055930470960526744,0.6546077023468455,0.0031778832238556834,0.35762596130371094,0.9640672206878662,3158734,lookalike_00637.tif,lookalike
0.026852957628738537,0.5088126101182985,1.08984375,0.36227822580645164,5.991534212418467,1.2998123088868319,0.5633425331848989,0.17371559586185667,0.9411938042599908,0.030412627796556162,0.25397981440086703,0.9117898344993591,618636,lookalike_00638.tif,lookalike
0.036751750011120035,0.4553645807300778,1.2658959537572254,0.3606967759389764,33.097511905446524,4.1858637135019405,0.2455803425008287,0.053344957128566475,0.6168983917154407,0.0028899375217329203,0.3566629670046106,0.9115857481956482,219471,lookalike_00639.tif,lookalike
0.012838718808496715,0.615027270257256,1.0,0.5604648590087891,30.109406302736225,3.958876391170226,0.2580919285691017,0.0569516228983996,0.6303758811569874,0.003295411656983272,0.35706019401550293,0.9180964827537537,2082340,lookalike_00640.tif,lookalike
0.057406604688920365,0.43637073079823774,1.001953125,0.2852742750974659,30.271543561361824,3.9655288045291988,0.258168814481046,0.057461689579335715,0.6231330896908309,0.003354408136659216,0.3561771170774494,0.8822137117385864,76642,lookalike_00641.tif,lookalike
0.10326374704163084,0.7496120229904812,2.0,0.5656776428222656,31.788985398820504,4.088829905357875,0.2505583185967555,0.05420637059266467,0.6309211154156249,0.0029855264719462165,0.35694722238931664,0.9518221616744995,1061014,lookalike_00642.tif,lookalike
0.09358882276431756,0.45530657473528685,1.019718309859155,0.2374017586180064,29.061119147410192,3.9038633332662664,0.25876633972021545,0.057155769451662654,0.6307498900839613,0.003316371997256307,0.35863371322554993,0.8846686482429504,31113,lookalike_00643.tif,lookalike
0.036410102710560346,0.33213591912502255,1.4222614840989398,0.1794120229133288,18.093047325225605,3.0501140821083554,0.31535175621482836,0.06397509254159398,0.7599315872930805,0.004168187484700265,0.34760386601350457,0.9397225975990295,325380,lookalike_00644.tif,lookalike
0.029732635853243393,0.3058498461891178,1.7594501718213058,0.1835522209246134,12.953292760130854,2.5787856324004443,0.35372486541114945,0.07060904743054548,0.8235792559169886,0.005075178867244062,0.3400764401434255,0.9293164014816284,414759,lookalike_00645.tif,lookalike
0.05699544027867835,0.468247218206878,1.018,0.2736532416502947,12.329584120567194,2.512295252333039,0.36024737926031947,0.07344026883450006,0.8222526254883932,0.0054884627163486925,0.33868927339542665,0.9414511919021606,278975,lookalike_00646.tif,lookalike
0.03816350853850171,0.4054598824331885,3.028735632183908,0.28846866889136075,11.047230047234855,2.382327941546699,0.3722830792267719,0.07166186712740225,0.8559454039096379,0.005233934147678714,0.3356908569085691,0.8983226418495178,107606,lookalike_00647.tif,lookalike
0.09314097328902314,0.5192880358453125,2.540045766590389,0.21228482487063724,11.8453656341782,2.4733444735572423,0.3617945631940396,0.07143361043788354,0.8417513821346972,0.005194923156003305,0.33961456102783727,0.9288578629493713,104340,lookalike_00648.tif,lookalike
0.23336261254611143,0.8302756853652984,1.4331550802139037,0.645786774682736,16.158875894112725,2.9053847685204417,0.32288343915800366,0.06869684732211773,0.7620225270785591,0.004796297189196827,0.3471096655945086,0.9140540361404419,114546,lookalike_00649.tif,lookalike
0.06444246203592083,0.420158022579354,1.5600475624256838,0.24306683390852935,18.400346676253797,3.0757579947981597,0.31360550725820746,0.06553476101632849,0.7413546558342994,0.004370779798807057,0.3476527858648904,0.9512087106704712,268131,lookalike_00650.tif,lookalike
0.025757234869560424,0.4115619470384273,2.106529209621993,0.21303910997996198,17.34345617725806,2.9897513918185847,0.3191069405368014,0.06247362823327597,0.7878253763717942,0.0039764057289551945,0.3475933457729574,0.9281389117240906,334587,lookalike_00651.tif,lookalike
0.0818790040284138,0.5572531895660777,2.7850877192982457,0.3267992816687388,9.945042894415906,2.2461211667885985,0.38878207602850645,0.070282164047623,0.8865134750763745,0.005041181012456365,0.3303886983504818,0.9562153220176697,189291,lookalike_00652.tif,lookalike
0.032502806748763755,0.33188923531458847,1.5781383432963279,0.18355454323643905,12.768072554535568,2.5593732186686786,0.35560738116947055,0.07217709264282665,0.815434306630954,0.005302561156666261,0.34007733813438046,0.9269867539405823,383180,lookalike_00653.tif,lookalike
0.07722587590601626,0.41358282155647286,6.608,0.2785084745762712,30.862921495394122,4.020441491869527,0.2538187478614131,0.05653027757120063,0.6217491340986286,0.003245974766974083,0.3578919105519543,0.8967996835708618,29500,lookalike_00654.tif,lookalike
0.06061177761014522,0.5119272177542918,1.9678714859437751,0.3080731087615769,20.19721197798225,1.9723508826795058,0.5605178372553905,0.19693254454090042,0.6030127151307174,0.039249725718474945,0.19594259906759906,0.785158097743988,33058,lookalike_00655.tif,lookalike
0.06969006877327245,0.4242054349318726,3.168539325842697,0.13846720854251335,30.795745447157508,3.9837352196205003,0.25948643881594646,0.057474151533788896,0.6259247149764824,0.003360364126762775,0.35499222999223,0.8669225573539734,14342,lookalike_00656.tif,lookalike
0.14382570641002046,0.6647527499112932,1.2347417840375587,0.18393759260250986,33.60802394288889,4.186751576051337,0.24763251830958402,0.05370338809239679,0.625657955598192,0.0029316515496136063,0.3565740000592119,0.8627351522445679,10536,lookalike_00657.tif,lookalike
0.10873319063166707,0.506714980741942,1.9593908629441625,0.13148654690828754,32.41688130023026,4.117585000657143,0.25088988341435126,0.054592803581981104,0.62757042855626,0.0030310199261579557,0.35689178156748913,0.8320393562316895,10104,lookalike_00658.tif,lookalike
0.05139950059503597,0.30236711029965246,2.5242718446601944,0.17624626587005227,32.83359925915321,4.153080239063653,0.24856576632293026,0.054017045856763396,0.6270349516818537,0.0029665002504867836,0.357211093990755,0.8709152340888977,19740,lookalike_00659.tif,lookalike
0.052132093984442456,0.6218870137264015,1.6739864864864864,0.46640200998172743,30.290559174719863,3.967756388346498,0.25790858920135373,0.05720911768651305,0.6260549744951791,0.003325374746902447,0.35634135876667505,0.8961879014968872,266741,lookalike_00660.tif,lookalike
0.09818810903490288,0.7667625440010616,2.36734693877551,0.5224100056689343,34.061027163907326,4.2396213534832,0.2435158403686939,0.05236820812794792,0.619385115727237,0.00278701512983479,0.35722359536126524,0.9370495080947876,421971,lookalike_00661.tif,lookalike
0.10262146966700718,0.7687039223357223,2.2407002188183807,0.6492372341698578,35.39760002383679,4.33457275225487,0.23846909824070747,0.05145893106761878,0.6084237008408886,0.0026898049401527365,0.3566776271528525,0.9332548975944519,1132804,lookalike_00662.tif,lookalike
0.09496813848564435,0.8813456338755963,1.074501573976915,0.8087855015821747,31.908237614261267,4.107414068450428,0.24850592104726846,0.05362223665509513,0.6303181508178295,0.002920933299551375,0.35738425624674647,0.9458679556846619,2985802,lookalike_00663.tif,lookalike
0.5363308568940083,0.991335496157474,1.0,0.9693474769592285,3.564689257447321,1.2955977342159977,0.5333370114538487,0.1548686964872461,0.903976337234467,0.024279184056373054,0.274594783782959,0.9707546234130859,4003149,lookalike_00664.tif,lookalike
0.6321139599840725,0.9944282475163061,1.0417090539165819,0.8944520222692014,3.5883594274783452,1.2037595652542574,0.5717271020402077,0.17690937896247702,0.9731998258537269,0.03145641983747986,0.2525629219775366,0.9886536598205566,3588735,lookalike_00665.tif,lookalike
0.7295843130409491,0.9994842724578343,1.0,0.9985055923461914,29.299356146224795,3.930585796405888,0.25704877462134534,0.05521465351780368,0.6509057376880456,0.0030975352399450636,0.3573935031890869,0.9897052049636841,4178111,lookalike_00666.tif,lookalike
0.7848552734563101,0.9999992840452588,1.0,0.9990229606628418,31.833684726982597,4.104346196068566,0.2484865653464339,0.05373912673730742,0.6296789846179804,0.0029332800587545203,0.35764026641845703,0.9904606938362122,4187576,lookalike_00667.tif,lookalike
0.7852390736116274,0.9999997613484196,1.0,0.9990234375,34.05682509281259,4.251689502496534,0.24175621448803833,0.052288220386304554,0.6156427644679643,0.0027766070731571114,0.3574209213256836,0.9936686158180237,4194262,lookalike_00668.tif,lookalike
0.7839909826791236,0.9999923631494276,1.0,0.9990160465240479,34.17511378480328,4.257318425808334,0.24166055163677158,0.052313696004477925,0.6147624942110621,0.002779428845991018,0.357219934463501,0.9930363297462463,4193920,lookalike_00669.tif,lookalike
0.17715133066698854,0.8914032111744895,1.2032902467685076,0.8231391951564336,34.9819462881309,4.305753982972612,0.23989970266833277,0.0517189373339897,0.6121417117061366,0.002717190267037625,0.3566466538657542,0.9700464606285095,2801531,lookalike_00670.tif,lookalike
0.7800305866401583,0.9999800725930377,1.0,0.9990037679672241,32.96192822227418,4.171682548728211,0.24627267141935644,0.05309250748647869,0.6247418427589042,0.002864476331244486,0.3565943241119385,0.9934403300285339,4194133,lookalike_00671.tif,lookalike
0.16233098405371682,0.9115509807084405,1.0,0.9027112722396851,30.571247443957553,3.988403871008923,0.25692880124758954,0.056594994340035856,0.6267520476713271,0.0032551305645002224,0.3568296432495117,0.9602409601211548,3594627,lookalike_00672.tif,lookalike
0.02096811757987579,0.46684612018689536,1.1613588110403397,0.3715503251128957,31.55460825207767,4.056941827041518,0.25337379995679143,0.055723623135828834,0.6224550647498737,0.003155536650747406,0.35639521509086725,0.8823906779289246,741574,lookalike_00673.tif,lookalike
0.01973153080261828,0.4912999834006124,2.0,0.4473876953125,33.43515906053335,4.185390026261435,0.24708717506006483,0.05385795194139585,0.6186049574773624,0.002948367988681706,0.3565487021775746,0.8861432075500488,839027,lookalike_00674.tif,lookalike
0.030791320791514993,0.6696309776509508,1.5103244837758112,0.5314568713702986,19.37378242495181,2.0172567882280714,0.48902030766764104,0.14739451234407364,0.33255065302184406,0.02200867921018048,0.29415793387582057,0.9235740303993225,1352392,lookalike_00675.tif,lookalike
0.020011513431395667,0.6875833084651348,1.4776334776334776,0.48703236325306637,43.75315181377715,2.9272583413819717,0.5229070016814565,0.18189359743816183,0.6719503331552218,0.03329599599911136,0.2525327865686794,0.9159690141677856,1300755,lookalike_00676.tif,lookalike
0.05295468949737925,0.8972389109188278,1.051334702258727,0.8577400849829954,32.08171362954101,2.457226653207912,0.5120219491627342,0.15518150189851582,0.49047908712137667,0.024382885912427977,0.26260750644740194,0.9766358137130737,3401320,lookalike_00677.tif,lookalike
0.02612411884340289,0.6681932338602452,1.8351254480286738,0.4304192655829973,29.430549808941095,2.366700253335325,0.5384116462898398,0.18691459470136657,0.7743281713756123,0.035103933766098314,0.2425373070735166,0.8294790387153625,814935,lookalike_00678.tif,lookalike
0.0342960596667936,0.6093364872896815,1.623246492985972,0.440066552858804,42.05915776815615,3.0602879063109545,0.4937692805676617,0.1556025110521745,0.49307629998393415,0.024541634248632684,0.24143438162341754,0.8032166361808777,156230,lookalike_00679.tif,lookalike
0.041102390976489635,0.23395926025956304,3.090634441087613,0.12151630327246739,30.110819136158412,3.9621317424601274,0.25736601323352115,0.05719169600900445,0.6228433552217238,0.003322084662639466,0.35759589406865494,0.8836975693702698,42077,lookalike_00680.tif,lookalike
0.06716764195618087,0.48946115370333965,4.273224043715847,0.15659021983704388,31.02443906828966,4.026850352596123,0.25345221761884745,0.05613578548494538,0.6209843022446516,0.003201182007661586,0.35759962071278245,0.8556675314903259,22738,lookalike_00681.tif,lookalike
0.7853981633974483,1.0,1.0,0.9990236759185791,35.20301926454992,4.32352943844116,0.2387305880557172,0.051622589679312963,0.6093405243106418,0.0027065497761887343,0.35726428031921387,0.9938777685165405,4194304,lookalike_00682.tif,lookalike
0.7830687391780238,0.9999933177557492,1.0,0.9990170001983643,31.873756956759344,4.09639374714119,0.25004157698340884,0.05372170411184575,0.6334962644795818,0.002933698478083747,0.35660719871520996,0.9924056529998779,4191292,lookalike_00683.tif,lookalike
0.06951817533646944,0.5011214298230243,1.0985915492957747,0.3227586673889491,27.86048892439311,3.7792460598908297,0.2700175050127024,0.05930221503025036,0.6483397014490526,0.0035828283775450015,0.35321451186352293,0.8535545468330383,29344,lookalike_00684.tif,lookalike
